Financial_Institution_Name,Financial_Institution_ID,Branch,Account_Country,Account_Currency,Entity_Type,Entity_ID,Entity_Name,Does_Account_Have_Debit_Card,DebitCard_Index_in_EntityCards,Controlled_by_Criminal,MCC,Account_Type,Account_ID,Max_Overdraft
Cash,3CEC88A0,3CEC8BC0,United States,USD,Person,0,Ronald Alexander,0,0,0,0,Cash,0,0
Weber Savings Bank,696E7F1B0,696E7F540,United States,USD,Person,0,Ronald Alexander,1,0,0,0,Checking,1812019443,100
Dallas's Thrift,69992AA70,69992AE00,United States,USD,Person,0,Ronald Alexander,0,0,0,0,Savings,2617325812,50
Ally Financial,13287AF50,133B57270,United States,USD,Person,0,Ronald Alexander,0,0,0,0,Savings,3556849909,0
Dallas's Thrift,69992AA70,69992AE00,United States,USD,Person,0,Ronald Alexander,0,0,0,0,Money Market,2617325814,25
Brittany's Paw Paw Brokerage House,69B871920,69B871CB0,United States,USD,Person,0,Ronald Alexander,0,0,0,0,Mutual Fund / ETF,1208039671,0
Brittany's Paw Paw Brokerage House,69B871920,69B871CB0,United States,USD,Person,0,Ronald Alexander,0,0,0,0,Mutual Fund / ETF,1208039672,0
Brittany's Paw Paw Brokerage House,69B871920,69B871CB0,United States,USD,Person,0,Ronald Alexander,0,0,0,0,Mutual Fund / ETF,1208039673,0
Black Rock,1328D3A70,1337CF670,United States,USD,Person,0,Ronald Alexander,0,0,0,0,Mutual Fund / ETF,2617325818,0
Brittany's Paw Paw Brokerage House,69B871920,69B871CB0,United States,USD,Person,0,Ronald Alexander,0,0,0,0,Mutual Fund / ETF,1208039675,0
Brittany's Paw Paw Brokerage House,69B871920,69B871CB0,United States,USD,Person,0,Ronald Alexander,0,0,0,0,Mutual Fund / ETF,1208039676,0
Brittany's Paw Paw Brokerage House,69B871920,69B871CB0,United States,USD,Person,0,Ronald Alexander,0,0,0,0,Mutual Fund / ETF,1208039677,0
Brittany's Paw Paw Brokerage House,69B871920,69B871CB0,United States,USD,Person,0,Ronald Alexander,0,0,0,0,Mutual Fund / ETF,1208039678,0
Brittany's Paw Paw Brokerage House,69B871920,69B871CB0,United States,USD,Person,0,Ronald Alexander,0,0,0,0,Money Market,1208039679,10
Ally Financial,13287AF50,133B57270,United States,USD,Person,0,Ronald Alexander,0,0,0,0,Money Market,3556849920,10
Brittany's Paw Paw Brokerage House,69B871920,69B871CB0,United States,USD,Person,0,Ronald Alexander,0,0,0,0,Mutual Fund / ETF,1208039681,0
Marleigh's Funds,69B95E970,69B95ED00,United States,USD,Person,0,Ronald Alexander,0,0,0,0,Mutual Fund / ETF,1543584002,0
Jacobs Investing,9CB251A60,9CB251DF0,Uruguay,USD,Person,0,Ronald Alexander,0,0,0,0,Mutual Fund / ETF,2550216963,0
Marleigh's Funds,69B95E970,69B95ED00,United States,USD,Person,0,Ronald Alexander,0,0,0,0,Mutual Fund / ETF,1543584004,0
Brittany's Paw Paw Brokerage House,69B871920,69B871CB0,United States,USD,Person,0,Ronald Alexander,0,0,0,0,Mutual Fund / ETF,1208039685,0
Brittany's Paw Paw Brokerage House,69B871920,69B871CB0,United States,USD,Person,0,Ronald Alexander,0,0,0,0,Mutual Fund / ETF,1208039686,0
Brittany's Paw Paw Brokerage House,69B871920,69B871CB0,United States,USD,Person,0,Ronald Alexander,0,0,0,0,Mutual Fund / ETF,1208039687,0
Brittany's Paw Paw Brokerage House,69B871920,69B871CB0,United States,USD,Person,0,Ronald Alexander,0,0,0,0,Mutual Fund / ETF,1208039688,0
Weber Savings Bank,696E7F1B0,696E7F540,United States,USD,Person,0,Ronald Alexander,0,0,0,0,Money Market,1812019465,25
Cash,3CEC88A0,3CEC8BC0,United States,USD,Person,1,Santino Jenkins,0,0,0,0,Cash,0,0
BB&T Corp.,132879890,134BDA2A0,United States,USD,Person,1,Santino Jenkins,1,0,0,0,Checking,604059926,25
JPMorgan Chase,132877E90,1349E8190,United States,USD,Person,1,Santino Jenkins,0,0,0,0,Savings,2751543575,10
Burke Stocks and Investing,69B7451A0,69B745530,United States,USD,Person,1,Santino Jenkins,0,0,0,0,Mutual Fund / ETF,1744910616,0
BB&T Corp.,132879890,134BDA2A0,United States,USD,Person,1,Santino Jenkins,0,0,0,0,Money Market,604059929,50
Burke Stocks and Investing,69B7451A0,69B745530,United States,USD,Person,1,Santino Jenkins,0,0,0,0,Mutual Fund / ETF,1744910618,0
Burke Stocks and Investing,69B7451A0,69B745530,United States,USD,Person,1,Santino Jenkins,0,0,0,0,Money Market,1744910619,10
Cash,3CEC88A0,3CEC8BC0,United States,USD,Person,2,Mary Harris,0,0,0,0,Cash,0,0
Morton Federal Credit Union,69B5372E0,69B537670,United States,USD,Person,2,Mary Harris,1,0,0,0,Checking,3087087925,100
Morton Federal Credit Union,69B5372E0,69B537670,United States,USD,Person,2,Mary Harris,0,0,0,0,Savings,3087087926,0
Morton Federal Credit Union,69B5372E0,69B537670,United States,USD,Person,2,Mary Harris,0,0,0,0,Money Market,3087087927,25
CNO Financial Group,1328D3730,1337CF5F0,United States,USD,Person,2,Mary Harris,0,0,0,0,Stock,3422632248,0
American Funds,1328D4430,136E63220,United States,USD,Person,2,Mary Harris,0,0,0,0,Stock,201406777,0
CNO Financial Group,1328D3730,1337CF5F0,United States,USD,Person,2,Mary Harris,0,0,0,0,Stock,3422632250,0
American Funds,1328D4430,136E63220,United States,USD,Person,2,Mary Harris,0,0,0,0,Stock,201406779,0
American Funds,1328D4430,136E63220,United States,USD,Person,2,Mary Harris,0,0,0,0,Stock,201406780,0
Edward Jones,1328D1D30,136E53C50,United States,USD,Person,2,Mary Harris,0,0,0,0,Stock,1275148605,0
Charles Schwab,1328D16B0,136E51840,United States,USD,Person,2,Mary Harris,0,0,0,0,Stock,2885761342,0
Charles Schwab,1328D16B0,136E51840,United States,USD,Person,2,Mary Harris,0,0,0,0,Mutual Fund / ETF,2885761343,0
American Funds,1328D4430,136E63220,United States,USD,Person,2,Mary Harris,0,0,0,0,Money Market,201406784,0
Chubb - Life,132872680,134857A50,United States,USD,Person,2,Mary Harris,0,0,0,0,Life Insurance,2684434753,0
Cash,3CEC88A0,3CEC8BC0,United States,USD,Person,3,David Buck,0,0,0,0,Cash,0,0
Wells Fargo,132878510,134AB2FA0,United States,USD,Person,3,David Buck,1,65,0,0,Checking,1140930894,10
Kim Bank,69A49D870,69A49DC00,United States,USD,Person,3,David Buck,0,0,0,0,Money Market,469842255,50
Wellington Management,1328D4DF0,136E633A0,United States,USD,Person,3,David Buck,0,0,0,0,Stock,2080454992,0
Wellington Management,1328D4DF0,136E633A0,United States,USD,Person,3,David Buck,0,0,0,0,Mutual Fund / ETF,2080454993,0
Wellington Management,1328D4DF0,136E633A0,United States,USD,Person,3,David Buck,0,0,0,0,Money Market,2080454994,25
Cash,3CEC88A0,3CEC8BC0,United States,USD,Person,4,Averi Howard,0,0,0,0,Cash,0,0
Arianna's Bank,697AB8DF0,697AB9180,United States,USD,Person,4,Averi Howard,1,0,0,0,Checking,2080455042,25
JPMorgan Chase,132877E90,134A19660,United States,USD,Person,4,Averi Howard,0,0,0,0,Savings,2751543683,100
Arianna's Bank,697AB8DF0,697AB9180,United States,USD,Person,4,Averi Howard,0,0,0,0,Money Market,2080455044,10
JPMorgan Chase,132877E90,134A19660,United States,USD,Person,4,Averi Howard,0,0,0,0,Money Market,2751543685,25
Kailyn's Thrift,69984A7F0,69984AB80,United States,USD,Person,4,Averi Howard,0,0,0,0,Money Market,4227938694,10
Arianna's Bank,697AB8DF0,697AB9180,United States,USD,Person,4,Averi Howard,0,0,0,0,CD,2080455047,0
JPMorgan Chase,132877E90,134A19660,United States,USD,Person,4,Averi Howard,0,0,0,0,CD,2751543688,0
Kailyn's Thrift,69984A7F0,69984AB80,United States,USD,Person,4,Averi Howard,0,0,0,0,CD,4227938697,0
Kailyn's Thrift,69984A7F0,69984AB80,United States,USD,Person,4,Averi Howard,0,0,0,0,CD,4227938698,0
Becker Investments,69B972EF0,69B973280,United States,USD,Person,4,Averi Howard,0,0,0,0,Mutual Fund / ETF,3154196875,0
Becker Investments,69B972EF0,69B973280,United States,USD,Person,4,Averi Howard,0,0,0,0,Mutual Fund / ETF,3154196876,0
Becker Investments,69B972EF0,69B973280,United States,USD,Person,4,Averi Howard,0,0,0,0,Mutual Fund / ETF,3154196877,0
Becker Investments,69B972EF0,69B973280,United States,USD,Person,4,Averi Howard,0,0,0,0,Mutual Fund / ETF,3154196878,0
Becker Investments,69B972EF0,69B973280,United States,USD,Person,4,Averi Howard,0,0,0,0,Mutual Fund / ETF,3154196879,0
Huff Brokerage House,9C2E09290,9C2E09620,Sierra Leone,USD,Person,4,Averi Howard,0,0,0,0,Mutual Fund / ETF,2751543696,0
Becker Investments,69B972EF0,69B973280,United States,USD,Person,4,Averi Howard,0,0,0,0,Mutual Fund / ETF,3154196881,0
Becker Investments,69B972EF0,69B973280,United States,USD,Person,4,Averi Howard,0,0,0,0,Mutual Fund / ETF,3154196882,0
Becker Investments,69B972EF0,69B973280,United States,USD,Person,4,Averi Howard,0,0,0,0,Mutual Fund / ETF,3154196883,0
Becker Investments,69B972EF0,69B973280,United States,USD,Person,4,Averi Howard,0,0,0,0,Mutual Fund / ETF,3154196884,0
Becker Investments,69B972EF0,69B973280,United States,USD,Person,4,Averi Howard,0,0,0,0,Mutual Fund / ETF,3154196885,0
Becker Investments,69B972EF0,69B973280,United States,USD,Person,4,Averi Howard,0,0,0,0,Money Market,3154196886,100
Becker Investments,69B972EF0,69B973280,United States,USD,Person,4,Averi Howard,0,0,0,0,Money Market,3154196887,0
Huff Brokerage House,9C2E09290,9C2E09620,Sierra Leone,USD,Person,4,Averi Howard,0,0,0,0,Money Market,2751543704,25
Becker Investments,69B972EF0,69B973280,United States,USD,Person,4,Averi Howard,0,0,0,0,Mutual Fund / ETF,3154196889,0
Becker Investments,69B972EF0,69B973280,United States,USD,Person,4,Averi Howard,0,0,0,0,Mutual Fund / ETF,3154196890,0
Becker Investments,69B972EF0,69B973280,United States,USD,Person,4,Averi Howard,0,0,0,0,Mutual Fund / ETF,3154196891,0
Huff Brokerage House,9C2E09290,9C2E09620,Sierra Leone,USD,Person,4,Averi Howard,0,0,0,0,Money Market,2751543708,50
Cash,3CEC88A0,3CEC8BC0,United States,USD,Person,5,Alonzo Shaffer,0,0,0,0,Cash,0,0
Wells Fargo,132878510,134A9C330,United States,USD,Person,5,Alonzo Shaffer,1,209,0,0,Checking,1140930975,0
Amari's Investing,69B93CF30,69B93D2C0,United States,USD,Person,5,Alonzo Shaffer,0,0,0,0,Money Market,3422632352,50
Amari's Investing,69B93CF30,69B93D2C0,United States,USD,Person,5,Alonzo Shaffer,0,0,0,0,CD,3422632353,0
Amari's Investing,69B93CF30,69B93D2C0,United States,USD,Person,5,Alonzo Shaffer,0,0,0,0,CD,3422632354,0
Wellington Management,1328D4DF0,136E633A0,United States,USD,Person,5,Alonzo Shaffer,0,0,0,0,Stock,2080455075,0
Wellington Management,1328D4DF0,136E633A0,United States,USD,Person,5,Alonzo Shaffer,0,0,0,0,Mutual Fund / ETF,2080455076,0
Wellington Management,1328D4DF0,136E633A0,United States,USD,Person,5,Alonzo Shaffer,0,0,0,0,Mutual Fund / ETF,2080455077,0
Wellington Management,1328D4DF0,136E633A0,United States,USD,Person,5,Alonzo Shaffer,0,0,0,0,Mutual Fund / ETF,2080455078,0
Wellington Management,1328D4DF0,136E633A0,United States,USD,Person,5,Alonzo Shaffer,0,0,0,0,Money Market,2080455079,10
Wellington Management,1328D4DF0,136E633A0,United States,USD,Person,5,Alonzo Shaffer,0,0,0,0,Mutual Fund / ETF,2080455080,0
Wells Fargo,132878510,134A9C330,United States,USD,Person,5,Alonzo Shaffer,0,0,0,0,Money Market,1140930985,100
Cash,3CEC88A0,3CEC8BC0,United States,USD,Person,6,Octavia Mills,0,0,0,0,Cash,0,0
Miley's Bank,69A99A600,69A99A990,United States,USD,Person,6,Octavia Mills,1,0,0,0,Checking,2147563972,25
United Brokers,69B8B9F50,69B8BA2E0,United States,USD,Person,6,Octavia Mills,0,0,0,0,Mutual Fund / ETF,3556850117,0
United Brokers,69B8B9F50,69B8BA2E0,United States,USD,Person,6,Octavia Mills,0,0,0,0,Mutual Fund / ETF,3556850118,0
United Brokers,69B8B9F50,69B8BA2E0,United States,USD,Person,6,Octavia Mills,0,0,0,0,Mutual Fund / ETF,3556850119,0
United Brokers,69B8B9F50,69B8BA2E0,United States,USD,Person,6,Octavia Mills,0,0,0,0,Mutual Fund / ETF,3556850120,0
United Brokers,69B8B9F50,69B8BA2E0,United States,USD,Person,6,Octavia Mills,0,0,0,0,Mutual Fund / ETF,3556850121,0
United Brokers,69B8B9F50,69B8BA2E0,United States,USD,Person,6,Octavia Mills,0,0,0,0,Mutual Fund / ETF,3556850122,0
United Brokers,69B8B9F50,69B8BA2E0,United States,USD,Person,6,Octavia Mills,0,0,0,0,Mutual Fund / ETF,3556850123,0
United Brokers,69B8B9F50,69B8BA2E0,United States,USD,Person,6,Octavia Mills,0,0,0,0,Stock,3556850124,0
United Brokers,69B8B9F50,69B8BA2E0,United States,USD,Person,6,Octavia Mills,0,0,0,0,Stock,3556850125,0
United Brokers,69B8B9F50,69B8BA2E0,United States,USD,Person,6,Octavia Mills,0,0,0,0,Stock,3556850126,0
United Brokers,69B8B9F50,69B8BA2E0,United States,USD,Person,6,Octavia Mills,0,0,0,0,Mutual Fund / ETF,3556850127,0
United Brokers,69B8B9F50,69B8BA2E0,United States,USD,Person,6,Octavia Mills,0,0,0,0,Mutual Fund / ETF,3556850128,0
United Brokers,69B8B9F50,69B8BA2E0,United States,USD,Person,6,Octavia Mills,0,0,0,0,Mutual Fund / ETF,3556850129,0
United Brokers,69B8B9F50,69B8BA2E0,United States,USD,Person,6,Octavia Mills,0,0,0,0,Mutual Fund / ETF,3556850130,0
United Brokers,69B8B9F50,69B8BA2E0,United States,USD,Person,6,Octavia Mills,0,0,0,0,Mutual Fund / ETF,3556850131,0
Person Bank,6973654E0,697365870,United States,USD,Person,6,Octavia Mills,0,0,0,0,Money Market,939604436,50
United Brokers,69B8B9F50,69B8BA2E0,United States,USD,Person,6,Octavia Mills,0,0,0,0,Mutual Fund / ETF,3556850133,0
United Brokers,69B8B9F50,69B8BA2E0,United States,USD,Person,6,Octavia Mills,0,0,0,0,Money Market,3556850134,50
Cash,3CEC88A0,3CEC8BC0,United States,USD,Person,7,Eduardo Kelley,0,0,0,0,Cash,0,0
SunTrust Banks,132879BD0,134C12020,United States,USD,Person,7,Eduardo Kelley,1,0,0,0,Checking,4093721079,0
BB&T Corp.,132879890,134BF5C80,United States,USD,Person,7,Eduardo Kelley,0,0,0,0,Savings,604060152,25
Wellington Management,1328D4DF0,136E633A0,United States,USD,Person,7,Eduardo Kelley,0,0,0,0,Stock,2080455161,0
Wellington Management,1328D4DF0,136E633A0,United States,USD,Person,7,Eduardo Kelley,0,0,0,0,Stock,2080455162,0
Wellington Management,1328D4DF0,136E633A0,United States,USD,Person,7,Eduardo Kelley,0,0,0,0,Stock,2080455163,0
Wellington Management,1328D4DF0,136E633A0,United States,USD,Person,7,Eduardo Kelley,0,0,0,0,Stock,2080455164,0
Wellington Management,1328D4DF0,136E633A0,United States,USD,Person,7,Eduardo Kelley,0,0,0,0,Stock,2080455165,0
Vance's Brokerage House,9B43DB150,9B43DB4E0,Luxembourg,EUR,Person,7,Eduardo Kelley,0,0,0,0,Stock,1409366526,0
Wellington Management,1328D4DF0,136E633A0,United States,USD,Person,7,Eduardo Kelley,0,0,0,0,Stock,2080455167,0
Wellington Management,1328D4DF0,136E633A0,United States,USD,Person,7,Eduardo Kelley,0,0,0,0,Stock,2080455168,0
Wellington Management,1328D4DF0,136E633A0,United States,USD,Person,7,Eduardo Kelley,0,0,0,0,Stock,2080455169,0
Cummings Investments,3DC4168E0,3DC416C70,United States,USD,Person,7,Eduardo Kelley,0,0,0,0,Stock,939604482,0
Valerio's Stocks and Investing,69B802250,69B8025E0,United States,USD,Person,7,Eduardo Kelley,0,0,0,0,Stock,2483108355,0
Franklin Resources,1328D5130,136E63420,United States,USD,Person,7,Eduardo Kelley,0,0,0,0,Mutual Fund / ETF,1275148804,0
SunTrust Banks,132879BD0,134C12020,United States,USD,Person,7,Eduardo Kelley,0,0,0,0,Money Market,4093721093,10
Cummings Investments,3DC4168E0,3DC416C70,United States,USD,Person,7,Eduardo Kelley,0,0,0,0,Mutual Fund / ETF,939604486,0
Wellington Management,1328D4DF0,136E633A0,United States,USD,Person,7,Eduardo Kelley,0,0,0,0,Money Market,2080455175,50
Cash,3CEC88A0,3CEC8BC0,United States,USD,Person,8,Jaquan Morris,0,0,0,0,Cash,0,0
Citi,132878850,134AD7640,United States,USD,Person,8,Jaquan Morris,1,1,0,0,Checking,335624718,25
JPMorgan Chase,132877E90,1349F2220,United States,USD,Person,8,Jaquan Morris,0,0,0,0,Money Market,2751543823,50
Sexton Investing,69B8A4020,69B8A43B0,United States,USD,Person,8,Jaquan Morris,0,0,0,0,Mutual Fund / ETF,134298128,0
Sexton Investing,69B8A4020,69B8A43B0,United States,USD,Person,8,Jaquan Morris,0,0,0,0,Mutual Fund / ETF,134298129,0
Sexton Investing,69B8A4020,69B8A43B0,United States,USD,Person,8,Jaquan Morris,0,0,0,0,Money Market,134298130,50
Sexton Investing,69B8A4020,69B8A43B0,United States,USD,Person,8,Jaquan Morris,0,0,0,0,Mutual Fund / ETF,134298131,0
Citi,132878850,134AD7640,United States,USD,Person,8,Jaquan Morris,0,0,0,0,Money Market,335624724,0
Chubb - Life,132872680,13484DF00,United States,USD,Person,8,Jaquan Morris,0,0,0,0,Life Insurance,2684434965,0
Cash,3CEC88A0,3CEC8BC0,United States,USD,Person,9,Kaden D. Hester,0,0,0,0,Cash,0,0
Glenn Federal Credit Union,6987CE710,6987CEAA0,United States,USD,Person,9,Kaden D. Hester,1,0,0,0,Checking,3288414768,10
JPMorgan Chase,132877E90,1349EF120,United States,USD,Person,9,Kaden D. Hester,0,0,0,0,Savings,2751543857,50
Glenn Federal Credit Union,6987CE710,6987CEAA0,United States,USD,Person,9,Kaden D. Hester,0,0,0,0,Money Market,3288414770,0
Cash,3CEC88A0,3CEC8BC0,United States,USD,Person,10,Gavin Winters III,0,0,0,0,Cash,0,0
Fuller Federal Credit Union,69A04D4B0,69A04D840,United States,USD,Person,10,Gavin Winters III,1,120,0,0,Checking,738277947,25
BB&T Corp.,132879890,134BDA2A0,United States,USD,Person,10,Gavin Winters III,0,0,0,0,Savings,604060220,100
Cash,3CEC88A0,3CEC8BC0,United States,USD,Person,11,Khloe Green,0,0,0,0,Cash,0,0
U.S. Bancorp,132878ED0,134B673E0,United States,USD,Person,11,Khloe Green,1,0,0,0,Checking,3019979326,0
Jad's Savings Bank,697BFFBE0,697BFFF70,United States,USD,Person,11,Khloe Green,0,0,0,0,Savings,4160830015,10
U.S. Bancorp,132878ED0,134B673E0,United States,USD,Person,11,Khloe Green,0,0,0,0,Money Market,3019979328,100
Cash,3CEC88A0,3CEC8BC0,United States,USD,Person,12,Cooper McClain,0,0,0,0,Cash,0,0
PNC Financial Services,132879210,134B8ED20,United States,USD,Person,12,Cooper McClain,1,0,0,0,Checking,2214672980,0
Hinton Brokerage House,69B94DC00,69B94DF90,United States,USD,Person,12,Cooper McClain,0,0,0,0,Mutual Fund / ETF,80469,0
Hinton Brokerage House,69B94DC00,69B94DF90,United States,USD,Person,12,Cooper McClain,0,0,0,0,Mutual Fund / ETF,80470,0
Rangel Thrift,69A8FFB60,69A8FFEF0,United States,USD,Person,12,Cooper McClain,0,0,0,0,Money Market,3623959127,25
Sarai's Consolidated Life Insurance,69BA07970,69BA07D00,United States,USD,Person,12,Cooper McClain,0,0,0,0,Life Insurance,1543584344,0
Cash,3CEC88A0,3CEC8BC0,United States,USD,Person,13,Sasha Beard,0,0,0,0,Cash,0,0
Capital One Financial,132878B90,134B40F20,United States,USD,Person,13,Sasha Beard,1,0,0,0,Checking,3825285753,100
Citi,132878850,134ACCE40,United States,USD,Person,13,Sasha Beard,0,0,0,0,Savings,335624826,100
Capital One Financial,132878B90,134B40F20,United States,USD,Person,13,Sasha Beard,0,0,0,0,Money Market,3825285755,0
Crypto.com,1328D6B30,136E63920,United States,USD,Person,13,Sasha Beard,0,0,0,0,Crypto Currency,3422632572,0
Edward Jones,1328D1D30,136E53C50,United States,USD,Person,13,Sasha Beard,0,0,0,0,Mutual Fund / ETF,1275148925,0
Edward Jones,1328D1D30,136E53C50,United States,USD,Person,13,Sasha Beard,0,0,0,0,Mutual Fund / ETF,1275148926,0
Edward Jones,1328D1D30,136E53C50,United States,USD,Person,13,Sasha Beard,0,0,0,0,Mutual Fund / ETF,1275148927,0
Edward Jones,1328D1D30,136E53C50,United States,USD,Person,13,Sasha Beard,0,0,0,0,Mutual Fund / ETF,1275148928,0
Edward Jones,1328D1D30,136E53C50,United States,USD,Person,13,Sasha Beard,0,0,0,0,Money Market,1275148929,0
Donald's Fayetteville Partners,69B840270,69B840600,United States,USD,Person,13,Sasha Beard,0,0,0,0,Mutual Fund / ETF,2617326210,0
Citi,132878850,134ACCE40,United States,USD,Person,13,Sasha Beard,0,0,0,0,Money Market,335624835,10
Cash,3CEC88A0,3CEC8BC0,United States,USD,Person,14,Duante Adams,0,0,0,0,Cash,0,0
Mathis Savings Bank,697598B00,697598E90,United States,USD,Person,14,Duante Adams,1,0,0,0,Checking,3221306013,50
Bank of New York Mellon,132879550,134BD5700,United States,USD,Person,14,Duante Adams,0,0,0,0,Savings,1409366686,50
Mathis Savings Bank,697598B00,697598E90,United States,USD,Person,14,Duante Adams,0,0,0,0,Savings,3221306015,25
Raymond James Financial,1328D33F0,136E61D70,United States,USD,Person,14,Duante Adams,0,0,0,0,Mutual Fund / ETF,4227938976,0
Fidelity Investments,1328D40F0,136E631A0,United States,USD,Person,14,Duante Adams,0,0,0,0,Mutual Fund / ETF,1006713505,0
Raymond James Financial,1328D33F0,136E61D70,United States,USD,Person,14,Duante Adams,0,0,0,0,Mutual Fund / ETF,4227938978,0
Raymond James Financial,1328D33F0,136E61D70,United States,USD,Person,14,Duante Adams,0,0,0,0,Mutual Fund / ETF,4227938979,0
Raymond James Financial,1328D33F0,136E61D70,United States,USD,Person,14,Duante Adams,0,0,0,0,Mutual Fund / ETF,4227938980,0
Raymond James Financial,1328D33F0,136E61D70,United States,USD,Person,14,Duante Adams,0,0,0,0,Mutual Fund / ETF,4227938981,0
Merrill Lynch,1328D23B0,136E5B610,United States,USD,Person,14,Duante Adams,0,0,0,0,Mutual Fund / ETF,3959503526,0
Mathis Savings Bank,697598B00,697598E90,United States,USD,Person,14,Duante Adams,0,0,0,0,Money Market,3221306023,0
Ameriprise Financial,1328D26F0,136E5F170,United States,USD,Person,14,Duante Adams,0,0,0,0,Mutual Fund / ETF,3154197160,0
Merrill Lynch,1328D23B0,136E5B610,United States,USD,Person,14,Duante Adams,0,0,0,0,Mutual Fund / ETF,3959503529,0
Merrill Lynch,1328D23B0,136E5B610,United States,USD,Person,14,Duante Adams,0,0,0,0,Money Market,3959503530,50
Cash,3CEC88A0,3CEC8BC0,United States,USD,Person,15,Jesus Nolan,0,0,0,0,Cash,0,0
Ally Financial,13287AF50,133B57270,United States,USD,Person,15,Jesus Nolan,1,0,0,0,Checking,3556850375,0
Edison's Valley Stream Savings Bank,699EDC570,699EDC900,United States,USD,Person,15,Jesus Nolan,0,0,0,0,Savings,1543584456,10
Ally Financial,13287AF50,133B57270,United States,USD,Person,15,Jesus Nolan,0,0,0,0,Money Market,3556850377,10
American Funds,1328D4430,136E63220,United States,USD,Person,15,Jesus Nolan,0,0,0,0,Mutual Fund / ETF,201407178,0
American Funds,1328D4430,136E63220,United States,USD,Person,15,Jesus Nolan,0,0,0,0,Mutual Fund / ETF,201407179,0
Maldonado Partners,69B7EC720,69B7ECAB0,United States,USD,Person,15,Jesus Nolan,0,0,0,0,Mutual Fund / ETF,3355523788,0
United Brokerage House,69B93FEF0,69B940280,United States,USD,Person,15,Jesus Nolan,0,0,0,0,Mutual Fund / ETF,3154197197,0
Maldonado Partners,69B7EC720,69B7ECAB0,United States,USD,Person,15,Jesus Nolan,0,0,0,0,Mutual Fund / ETF,3355523790,0
Maldonado Partners,69B7EC720,69B7ECAB0,United States,USD,Person,15,Jesus Nolan,0,0,0,0,Money Market,3355523791,100
Maldonado Partners,69B7EC720,69B7ECAB0,United States,USD,Person,15,Jesus Nolan,0,0,0,0,Mutual Fund / ETF,3355523792,0
American Funds,1328D4430,136E63220,United States,USD,Person,15,Jesus Nolan,0,0,0,0,Money Market,201407185,50
Cash,3CEC88A0,3CEC8BC0,United States,USD,Person,16,Kadeem Foster,0,0,0,0,Cash,0,0
State Street Bank,13287AC10,134C9D7B0,United States,USD,Person,16,Kadeem Foster,1,0,0,0,Checking,67189489,0
Capital One Financial,132878B90,134B29B40,United States,USD,Person,16,Kadeem Foster,0,0,0,0,Savings,3825285874,100
State Street Bank,13287AC10,134C9D7B0,United States,USD,Person,16,Kadeem Foster,0,0,0,0,Money Market,67189491,25
United Brokers,9AA17C450,9AA17C7E0,Germany,EUR,Person,16,Kadeem Foster,0,0,0,0,Stock,335624948,0
CNO Financial Group,1328D3730,1337CF5F0,United States,USD,Person,16,Kadeem Foster,0,0,0,0,Stock,3422632693,0
CNO Financial Group,1328D3730,1337CF5F0,United States,USD,Person,16,Kadeem Foster,0,0,0,0,Stock,3422632694,0
CNO Financial Group,1328D3730,1337CF5F0,United States,USD,Person,16,Kadeem Foster,0,0,0,0,Mutual Fund / ETF,3422632695,0
CNO Financial Group,1328D3730,1337CF5F0,United States,USD,Person,16,Kadeem Foster,0,0,0,0,Mutual Fund / ETF,3422632696,0
Morgan Stanley,1328D2070,136E57910,United States,USD,Person,16,Kadeem Foster,0,0,0,0,Mutual Fund / ETF,469842681,0
CNO Financial Group,1328D3730,1337CF5F0,United States,USD,Person,16,Kadeem Foster,0,0,0,0,Mutual Fund / ETF,3422632698,0
Shaffer Brokers,9C66C0D80,9C66C1110,Switzerland,USD,Person,16,Kadeem Foster,0,0,0,0,Mutual Fund / ETF,1610693371,0
Fidelity Investments,1328D40F0,136E631A0,United States,USD,Person,16,Kadeem Foster,0,0,0,0,Mutual Fund / ETF,1006713596,0
Black Rock,1328D3A70,1337CF670,United States,USD,Person,16,Kadeem Foster,0,0,0,0,Mutual Fund / ETF,2617326333,0
Fidelity Investments,1328D40F0,136E631A0,United States,USD,Person,16,Kadeem Foster,0,0,0,0,Mutual Fund / ETF,1006713598,0
CNO Financial Group,1328D3730,1337CF5F0,United States,USD,Person,16,Kadeem Foster,0,0,0,0,Mutual Fund / ETF,3422632703,0
CNO Financial Group,1328D3730,1337CF5F0,United States,USD,Person,16,Kadeem Foster,0,0,0,0,Mutual Fund / ETF,3422632704,0
Morgan Stanley,1328D2070,136E57910,United States,USD,Person,16,Kadeem Foster,0,0,0,0,Money Market,469842689,50
Synchrony Financial,1328D30B0,136E5F2F0,United States,USD,Person,16,Kadeem Foster,0,0,0,0,Mutual Fund / ETF,738278146,0
CNO Financial Group,1328D3730,1337CF5F0,United States,USD,Person,16,Kadeem Foster,0,0,0,0,Money Market,3422632707,0
Nationwide - Life,132872340,134809A00,United States,USD,Person,16,Kadeem Foster,0,0,0,0,Life Insurance,3489741572,0
Nationwide - Life,132872340,134809A00,United States,USD,Person,16,Kadeem Foster,0,0,0,0,Life Insurance,3489741573,0
Cash,3CEC88A0,3CEC8BC0,United States,USD,Person,17,Spencer Barker,0,0,0,0,Cash,0,0
Citi,132878850,134ACCE40,United States,USD,Person,17,Spencer Barker,1,0,0,0,Checking,335624990,0
Capital One Financial,132878B90,134B529C0,United States,USD,Person,17,Spencer Barker,0,0,0,0,Savings,3825285919,50
Grace's Brokerage House,69B78FF70,69B790300,United States,USD,Person,17,Spencer Barker,0,0,0,0,Mutual Fund / ETF,3691068192,0
Nolan's Pullman Savings Bank,69B3E9C70,69B3EA000,United States,USD,Person,17,Spencer Barker,0,0,0,0,Money Market,469842721,0
Grace's Brokerage House,69B78FF70,69B790300,United States,USD,Person,17,Spencer Barker,0,0,0,0,Money Market,3691068194,0
Capital One Financial,132878B90,134B529C0,United States,USD,Person,17,Spencer Barker,0,0,0,0,Money Market,3825285923,10
Grace's Brokerage House,69B78FF70,69B790300,United States,USD,Person,17,Spencer Barker,0,0,0,0,Mutual Fund / ETF,3691068196,0
Grace's Brokerage House,69B78FF70,69B790300,United States,USD,Person,17,Spencer Barker,0,0,0,0,Mutual Fund / ETF,3691068197,0
Grace's Brokerage House,69B78FF70,69B790300,United States,USD,Person,17,Spencer Barker,0,0,0,0,Mutual Fund / ETF,3691068198,0
Grace's Brokerage House,69B78FF70,69B790300,United States,USD,Person,17,Spencer Barker,0,0,0,0,Mutual Fund / ETF,3691068199,0
Grace's Brokerage House,69B78FF70,69B790300,United States,USD,Person,17,Spencer Barker,0,0,0,0,Mutual Fund / ETF,3691068200,0
Grace's Brokerage House,69B78FF70,69B790300,United States,USD,Person,17,Spencer Barker,0,0,0,0,Mutual Fund / ETF,3691068201,0
Grace's Brokerage House,69B78FF70,69B790300,United States,USD,Person,17,Spencer Barker,0,0,0,0,Mutual Fund / ETF,3691068202,0
Grace's Brokerage House,69B78FF70,69B790300,United States,USD,Person,17,Spencer Barker,0,0,0,0,Mutual Fund / ETF,3691068203,0
Grace's Brokerage House,69B78FF70,69B790300,United States,USD,Person,17,Spencer Barker,0,0,0,0,Mutual Fund / ETF,3691068204,0
Grace's Brokerage House,69B78FF70,69B790300,United States,USD,Person,17,Spencer Barker,0,0,0,0,Mutual Fund / ETF,3691068205,0
Grace's Brokerage House,69B78FF70,69B790300,United States,USD,Person,17,Spencer Barker,0,0,0,0,Mutual Fund / ETF,3691068206,0
Citi,132878850,134ACCE40,United States,USD,Person,17,Spencer Barker,0,0,0,0,Money Market,335625007,0
Cash,3CEC88A0,3CEC8BC0,United States,USD,Person,18,Maria H. O'Neill,0,0,0,0,Cash,0,0
U.S. Bancorp,132878ED0,134B673E0,United States,USD,Person,18,Maria H. O'Neill,1,0,0,0,Checking,3019979583,25
Briggs Federal Credit Union,697D72730,697D72AC0,United States,USD,Person,18,Maria H. O'Neill,0,0,0,0,Savings,3422632768,100
U.S. Bancorp,132878ED0,134B673E0,United States,USD,Person,18,Maria H. O'Neill,0,0,0,0,Money Market,3019979585,50
Binance,1328D5AF0,136E63600,United States,USD,Person,18,Maria H. O'Neill,0,0,0,0,Crypto Currency,3154197314,0
United Brokerage,69B8696C0,69B869A50,United States,USD,Person,18,Maria H. O'Neill,0,0,0,0,Mutual Fund / ETF,2952870723,0
United Brokerage,69B8696C0,69B869A50,United States,USD,Person,18,Maria H. O'Neill,0,0,0,0,Mutual Fund / ETF,2952870724,0
United Brokerage,69B8696C0,69B869A50,United States,USD,Person,18,Maria H. O'Neill,0,0,0,0,Mutual Fund / ETF,2952870725,0
Keyla's Funds,69B96EDF0,69B96F180,United States,USD,Person,18,Maria H. O'Neill,0,0,0,0,Mutual Fund / ETF,2080455494,0
United Brokerage,69B8696C0,69B869A50,United States,USD,Person,18,Maria H. O'Neill,0,0,0,0,Money Market,2952870727,100
Cash,3CEC88A0,3CEC8BC0,United States,USD,Person,19,Veda Simpson,0,0,0,0,Cash,0,0
Bautista Federal Credit Union,697B4F980,697B4FD10,United States,USD,Person,19,Veda Simpson,1,0,0,0,Checking,1610693487,0
Macias Stocks and Investing,69B7610D0,69B761460,United States,USD,Person,19,Veda Simpson,0,0,0,0,Mutual Fund / ETF,872495984,0
Macias Stocks and Investing,69B7610D0,69B761460,United States,USD,Person,19,Veda Simpson,0,0,0,0,Mutual Fund / ETF,872495985,0
Farmer Stocks and Investing,69B91A460,69B91A7F0,United States,USD,Person,19,Veda Simpson,0,0,0,0,Mutual Fund / ETF,402733938,0
Macias Stocks and Investing,69B7610D0,69B761460,United States,USD,Person,19,Veda Simpson,0,0,0,0,Mutual Fund / ETF,872495987,0
Farmer Stocks and Investing,69B91A460,69B91A7F0,United States,USD,Person,19,Veda Simpson,0,0,0,0,Mutual Fund / ETF,402733940,0
Farmer Stocks and Investing,69B91A460,69B91A7F0,United States,USD,Person,19,Veda Simpson,0,0,0,0,Mutual Fund / ETF,402733941,0
Farmer Stocks and Investing,69B91A460,69B91A7F0,United States,USD,Person,19,Veda Simpson,0,0,0,0,Mutual Fund / ETF,402733942,0
Macias Stocks and Investing,69B7610D0,69B761460,United States,USD,Person,19,Veda Simpson,0,0,0,0,Mutual Fund / ETF,872495991,0
Wall Orange Federal Credit Union,6973DA850,6973DABE0,United States,USD,Person,19,Veda Simpson,0,0,0,0,Money Market,335625080,0
USAA - Life,132871300,1347694A0,United States,USD,Person,19,Veda Simpson,0,0,0,0,Life Insurance,3221306233,0
Cash,3CEC88A0,3CEC8BC0,United States,USD,Person,20,Sebastian Tucker,0,0,0,0,Cash,0,0
Sage's Savings Bank,69818F3B0,69818F740,United States,USD,Person,20,Sebastian Tucker,1,0,0,0,Checking,3959503748,10
Sage's Savings Bank,69818F3B0,69818F740,United States,USD,Person,20,Sebastian Tucker,0,0,0,0,Savings,3959503749,0
T. Rowe Price,1328D5470,136E634C0,United States,USD,Person,20,Sebastian Tucker,0,0,0,0,Money Market,469842822,0
Interactive Brokers,1328D2D70,136E5F270,United States,USD,Person,20,Sebastian Tucker,0,0,0,0,Stock,1543584647,0
Interactive Brokers,1328D2D70,136E5F270,United States,USD,Person,20,Sebastian Tucker,0,0,0,0,Stock,1543584648,0
Interactive Brokers,1328D2D70,136E5F270,United States,USD,Person,20,Sebastian Tucker,0,0,0,0,Stock,1543584649,0
Interactive Brokers,1328D2D70,136E5F270,United States,USD,Person,20,Sebastian Tucker,0,0,0,0,Mutual Fund / ETF,1543584650,0
Voya Financial,1328D2A30,136E5F1F0,United States,USD,Person,20,Sebastian Tucker,0,0,0,0,Mutual Fund / ETF,2348891019,0
Interactive Brokers,1328D2D70,136E5F270,United States,USD,Person,20,Sebastian Tucker,0,0,0,0,Mutual Fund / ETF,1543584652,0
Sage's Savings Bank,69818F3B0,69818F740,United States,USD,Person,20,Sebastian Tucker,0,0,0,0,Money Market,3959503757,10
Raymond James Financial,1328D33F0,136E5F370,United States,USD,Person,20,Sebastian Tucker,0,0,0,0,Mutual Fund / ETF,4227939214,0
Interactive Brokers,1328D2D70,136E5F270,United States,USD,Person,20,Sebastian Tucker,0,0,0,0,Mutual Fund / ETF,1543584655,0
Interactive Brokers,1328D2D70,136E5F270,United States,USD,Person,20,Sebastian Tucker,0,0,0,0,Money Market,1543584656,100
Cash,3CEC88A0,3CEC8BC0,United States,USD,Person,21,Keyla Ashley,0,0,0,0,Cash,0,0
Citizens Bank,13287A8D0,134C7ECA0,United States,USD,Person,21,Keyla Ashley,1,154,0,0,Checking,872496017,10
Wells Fargo,132878510,134A81830,United States,USD,Person,21,Keyla Ashley,0,0,0,0,Savings,1140931474,0
Citizens Bank,13287A8D0,134C7ECA0,United States,USD,Person,21,Keyla Ashley,0,0,0,0,Money Market,872496019,25
Edward Jones,1328D1D30,136E54CF0,United States,USD,Person,21,Keyla Ashley,0,0,0,0,Mutual Fund / ETF,1275149204,0
Wells Fargo,132878510,134A81830,United States,USD,Person,21,Keyla Ashley,0,0,0,0,Money Market,1140931477,100
Cash,3CEC88A0,3CEC8BC0,United States,USD,Person,22,Kase Melendez,0,0,0,0,Cash,0,0
Samira's Federal Credit Union,69AB92740,69AB92AD0,United States,USD,Person,22,Kase Melendez,1,0,0,0,Checking,3489741719,10
Howard Federal Credit Union,697390670,697390A00,United States,USD,Person,22,Kase Melendez,0,0,0,0,Savings,2617326488,10
Voya Financial,1328D2A30,136E5F1F0,United States,USD,Person,22,Kase Melendez,0,0,0,0,Mutual Fund / ETF,2348891033,0
Samira's Federal Credit Union,69AB92740,69AB92AD0,United States,USD,Person,22,Kase Melendez,0,0,0,0,Money Market,3489741722,10
Cash,3CEC88A0,3CEC8BC0,United States,USD,Person,23,Novalee Nolan,0,0,0,0,Cash,0,0
Bank of America Corp.,1328781D0,134A35A10,United States,USD,Person,23,Novalee Nolan,0,0,0,0,Checking,1946237886,10
Capital One Financial,132878B90,134B1C2B0,United States,USD,Person,23,Novalee Nolan,0,0,0,0,Checking,3825286079,100
Bank of America Corp.,1328781D0,134A35A10,United States,USD,Person,23,Novalee Nolan,0,0,0,0,Savings,1946237888,50
Capital One Financial,132878B90,134B1C2B0,United States,USD,Person,23,Novalee Nolan,0,0,0,0,Money Market,3825286081,10
Deribit,1328D71B0,136E63A60,United States,USD,Person,23,Novalee Nolan,0,0,0,0,Crypto Currency,1812020162,0
Cash,3CEC88A0,3CEC8BC0,United States,USD,Person,24,Ashlynn Rice,0,0,0,0,Cash,0,0
JPMorgan Chase,132877E90,134A04200,United States,USD,Person,24,Ashlynn Rice,1,0,0,0,Checking,2751544281,25
Hester Bank,9AA1771E0,9AA177570,Germany,EUR,Person,24,Ashlynn Rice,1,1,0,0,Checking,2013346778,0
Farmer Federal Credit Union,69A1B1F00,69A1B2290,United States,USD,Person,24,Ashlynn Rice,0,0,0,0,Savings,3221306331,50
JPMorgan Chase,132877E90,134A04200,United States,USD,Person,24,Ashlynn Rice,0,0,0,0,Savings,2751544284,0
Hester Bank,9AA1771E0,9AA177570,Germany,USD,Person,24,Ashlynn Rice,0,0,0,0,Savings,2013346781,100
JPMorgan Chase,132877E90,134A04200,United States,USD,Person,24,Ashlynn Rice,0,0,0,0,Money Market,2751544286,0
Florence's Investing,69B926C00,69B926F90,United States,USD,Person,24,Ashlynn Rice,0,0,0,0,Stock,80863,0
Florence's Investing,69B926C00,69B926F90,United States,USD,Person,24,Ashlynn Rice,0,0,0,0,Mutual Fund / ETF,80864,0
Florence's Investing,69B926C00,69B926F90,United States,USD,Person,24,Ashlynn Rice,0,0,0,0,Mutual Fund / ETF,80865,0
Amani's Brokers,3DC412750,3DC412AE0,United States,USD,Person,24,Ashlynn Rice,0,0,0,0,Money Market,3556850658,25
Farmer Federal Credit Union,69A1B1F00,69A1B2290,United States,USD,Person,24,Ashlynn Rice,0,0,0,0,Money Market,3221306339,0
Florence's Investing,69B926C00,69B926F90,United States,USD,Person,24,Ashlynn Rice,0,0,0,0,Mutual Fund / ETF,80868,0
Amani's Brokers,3DC412750,3DC412AE0,United States,USD,Person,24,Ashlynn Rice,0,0,0,0,Mutual Fund / ETF,3556850661,0
Florence's Investing,69B926C00,69B926F90,United States,USD,Person,24,Ashlynn Rice,0,0,0,0,Mutual Fund / ETF,80870,0
Florence's Investing,69B926C00,69B926F90,United States,USD,Person,24,Ashlynn Rice,0,0,0,0,Mutual Fund / ETF,80871,0
Amani's Brokers,3DC412750,3DC412AE0,United States,USD,Person,24,Ashlynn Rice,0,0,0,0,Mutual Fund / ETF,3556850664,0
Florence's Investing,69B926C00,69B926F90,United States,USD,Person,24,Ashlynn Rice,0,0,0,0,Mutual Fund / ETF,80873,0
Amani's Brokers,3DC412750,3DC412AE0,United States,USD,Person,24,Ashlynn Rice,0,0,0,0,Mutual Fund / ETF,3556850666,0
Andersen Edinburgh Investing,9CAE8AAE0,9CAE8AE70,United Kingdom,GBP,Person,24,Ashlynn Rice,0,0,0,0,Money Market,3087088619,0
Florence's Investing,69B926C00,69B926F90,United States,USD,Person,24,Ashlynn Rice,0,0,0,0,Money Market,80876,0
Cash,3CEC88A0,3CEC8BC0,United States,USD,Person,25,Keira Bryan,0,0,0,0,Cash,0,0
Cecilia's Federal Credit Union,6993EFB20,6993EFEB0,United States,USD,Person,25,Keira Bryan,0,0,0,0,Savings,3355524094,100
Roy Savings Bank,697298660,6972989F0,United States,USD,Person,25,Keira Bryan,0,0,0,0,Money Market,2550217727,0
Cecilia's Federal Credit Union,6993EFB20,6993EFEB0,United States,USD,Person,25,Keira Bryan,0,0,0,0,Checking,3355540869,0
Cash,3CEC88A0,3CEC8BC0,United States,USD,Person,26,Blaire Faraday,0,0,0,0,Cash,0,0
Citi,132878850,134ACCE40,United States,USD,Person,26,Blaire Faraday,1,0,0,0,Checking,335625220,100
Voya Financial,1328D2A30,136E5F1F0,United States,USD,Person,26,Blaire Faraday,0,0,0,0,Stock,2348891141,0
Voya Financial,1328D2A30,136E5F1F0,United States,USD,Person,26,Blaire Faraday,0,0,0,0,Stock,2348891142,0
Voya Financial,1328D2A30,136E5F1F0,United States,USD,Person,26,Blaire Faraday,0,0,0,0,Stock,2348891143,0
Voya Financial,1328D2A30,136E5F1F0,United States,USD,Person,26,Blaire Faraday,0,0,0,0,Stock,2348891144,0
Voya Financial,1328D2A30,136E5F1F0,United States,USD,Person,26,Blaire Faraday,0,0,0,0,Stock,2348891145,0
Voya Financial,1328D2A30,136E5F1F0,United States,USD,Person,26,Blaire Faraday,0,0,0,0,Mutual Fund / ETF,2348891146,0
T. Rowe Price,1328D5470,136E634C0,United States,USD,Person,26,Blaire Faraday,0,0,0,0,Mutual Fund / ETF,469842955,0
Galindo Tyrone Federal Credit Union,697A9D2F0,697A9D680,United States,USD,Person,26,Blaire Faraday,0,0,0,0,Money Market,3154197516,25
Voya Financial,1328D2A30,136E5F1F0,United States,USD,Person,26,Blaire Faraday,0,0,0,0,Money Market,2348891149,10
Citi,132878850,134ACCE40,United States,USD,Person,26,Blaire Faraday,0,0,0,0,Money Market,335625230,0
Voya Financial,1328D2A30,136E5F1F0,United States,USD,Person,26,Blaire Faraday,0,0,0,0,Mutual Fund / ETF,2348891151,0
Edward Jones,1328D1D30,136E53C50,United States,USD,Person,26,Blaire Faraday,0,0,0,0,Mutual Fund / ETF,1275149328,0
Morgan Stanley,1328D2070,136E57910,United States,USD,Person,26,Blaire Faraday,0,0,0,0,Mutual Fund / ETF,469842961,0
Morgan Stanley,1328D2070,136E57910,United States,USD,Person,26,Blaire Faraday,0,0,0,0,Money Market,469842962,0
Cash,3CEC88A0,3CEC8BC0,United States,USD,Person,27,Grayson Knapp,0,0,0,0,Cash,0,0
Key Bank,132879F10,134C47E50,United States,USD,Person,27,Grayson Knapp,1,0,0,0,Checking,3288415272,0
Walsh Savings Bank,696F0BED0,696F0C260,United States,USD,Person,27,Grayson Knapp,0,0,0,0,Savings,3019979817,50
Cash,3CEC88A0,3CEC8BC0,United States,USD,Person,28,Celeste Gardner,0,0,0,0,Cash,0,0
Walters Federal Credit Union,69936DF70,69936E300,United States,USD,Person,28,Celeste Gardner,1,207,0,0,Checking,3691068461,10
JPMorgan Chase,132877E90,134A00C30,United States,USD,Person,28,Celeste Gardner,0,0,0,0,Savings,2751544366,10
Capital One Financial,132878B90,134B361E0,United States,USD,Person,28,Celeste Gardner,0,0,0,0,Money Market,3825286191,100
OKEx.com,1328D64B0,136E637E0,United States,USD,Person,28,Celeste Gardner,0,0,0,0,Crypto Currency,738278448,0
Londyn's Investing,69B7AEA40,69B7AEDD0,United States,USD,Person,28,Celeste Gardner,0,0,0,0,Mutual Fund / ETF,2416000049,0
Londyn's Investing,69B7AEA40,69B7AEDD0,United States,USD,Person,28,Celeste Gardner,0,0,0,0,Mutual Fund / ETF,2416000050,0
Scarlet's Indianapolis Brokerage,69B8A14A0,69B8A1830,United States,USD,Person,28,Celeste Gardner,0,0,0,0,Mutual Fund / ETF,671169587,0
Londyn's Investing,69B7AEA40,69B7AEDD0,United States,USD,Person,28,Celeste Gardner,0,0,0,0,Mutual Fund / ETF,2416000052,0
Scarlet's Indianapolis Brokerage,69B8A14A0,69B8A1830,United States,USD,Person,28,Celeste Gardner,0,0,0,0,Mutual Fund / ETF,671169589,0
Londyn's Investing,69B7AEA40,69B7AEDD0,United States,USD,Person,28,Celeste Gardner,0,0,0,0,Money Market,2416000054,10
Londyn's Investing,69B7AEA40,69B7AEDD0,United States,USD,Person,28,Celeste Gardner,0,0,0,0,Mutual Fund / ETF,2416000055,0
Walters Federal Credit Union,69936DF70,69936E300,United States,USD,Person,28,Celeste Gardner,0,0,0,0,Money Market,3691068472,0
Cash,3CEC88A0,3CEC8BC0,United States,USD,Person,29,Lyle Wood,0,0,0,0,Cash,0,0
U.S. Bancorp,132878ED0,134B6E7D0,United States,USD,Person,29,Lyle Wood,0,0,0,0,Checking,3019996635,50
Cash,3CEC88A0,3CEC8BC0,United States,USD,Person,30,Valerie Martinez,0,0,0,0,Cash,0,0
Price Savings Bank,6983C5070,6983C5400,United States,USD,Person,30,Valerie Martinez,0,0,0,0,Checking,469843013,10
Raymond James Financial,1328D33F0,136E5F370,United States,USD,Person,30,Valerie Martinez,0,0,0,0,Money Market,4227939398,25
Deribit,1328D71B0,136E63A60,United States,USD,Person,30,Valerie Martinez,0,0,0,0,Crypto Currency,1812020295,0
Merrill Lynch,1328D23B0,136E5B610,United States,USD,Person,30,Valerie Martinez,0,0,0,0,Mutual Fund / ETF,3959503944,0
Deribit,1328D71B0,136E63A60,United States,USD,Person,30,Valerie Martinez,0,0,0,0,Money Market,1812020297,0
Merrill Lynch,1328D23B0,136E5B610,United States,USD,Person,30,Valerie Martinez,0,0,0,0,Mutual Fund / ETF,3959503946,0
Interactive Brokers,1328D2D70,136E5F270,United States,USD,Person,30,Valerie Martinez,0,0,0,0,Money Market,1543584843,0
Cash,3CEC88A0,3CEC8BC0,United States,USD,Person,31,Eve Ren,0,0,0,0,Cash,0,0
McCoy Lawrence Federal Credit Union,6979B4A90,6979B4E20,United States,USD,Person,31,Eve Ren,1,207,0,0,Checking,2751544428,50
Bank of New York Mellon,132879550,134BD0BC0,United States,USD,Person,31,Eve Ren,0,0,0,0,Savings,1409367149,50
Ameriprise Financial,1328D26F0,136E5F170,United States,USD,Person,31,Eve Ren,0,0,0,0,Mutual Fund / ETF,3154197614,0
Ariadne's Brokerage House,69B8F1E40,69B8F21D0,United States,USD,Person,31,Eve Ren,0,0,0,0,Mutual Fund / ETF,2416000111,0
Annalee's Lawrence Savings Bank,69AB0F010,69AB0F3A0,United States,USD,Person,31,Eve Ren,0,0,0,0,Money Market,67189872,0
Cash,3CEC88A0,3CEC8BC0,United States,USD,Person,32,Maren Myers,0,0,0,0,Cash,0,0
Key Bank,132879F10,134C391A0,United States,USD,Person,32,Maren Myers,1,209,0,0,Checking,3288415346,25
Raymond Savings Bank,697EEF550,697EEF8E0,United States,USD,Person,32,Maren Myers,0,0,0,0,Savings,1409367155,100
Key Bank,132879F10,134C391A0,United States,USD,Person,32,Maren Myers,0,0,0,0,Money Market,3288415348,50
Jonas's Investing,69B945140,69B9454D0,United States,USD,Person,32,Maren Myers,0,0,0,0,Mutual Fund / ETF,1342258293,0
Morgan Stanley,1328D2070,136E58470,United States,USD,Person,32,Maren Myers,0,0,0,0,Mutual Fund / ETF,469843062,0
Morgan Stanley,1328D2070,136E58470,United States,USD,Person,32,Maren Myers,0,0,0,0,Mutual Fund / ETF,469843063,0
Wellington Management,1328D4DF0,136E633A0,United States,USD,Person,32,Maren Myers,0,0,0,0,Money Market,2080455800,50
Morgan Stanley,1328D2070,136E58470,United States,USD,Person,32,Maren Myers,0,0,0,0,Mutual Fund / ETF,469843065,0
Morgan Stanley,1328D2070,136E58470,United States,USD,Person,32,Maren Myers,0,0,0,0,Money Market,469843066,0
Cash,3CEC88A0,3CEC8BC0,United States,USD,Person,33,Cynthia Hammond,0,0,0,0,Cash,0,0
Daniels Bank,698191670,698191A00,United States,USD,Person,33,Cynthia Hammond,1,3,0,0,Checking,2617326722,0
Bank of America Corp.,1328781D0,134A35A10,United States,USD,Person,33,Cynthia Hammond,0,0,0,0,Checking,1946238083,0
Merrill Lynch,1328D23B0,136E5E1D0,United States,USD,Person,33,Cynthia Hammond,0,0,0,0,Mutual Fund / ETF,3959504004,0
Synchrony Financial,1328D30B0,136E5F2F0,United States,USD,Person,33,Cynthia Hammond,0,0,0,0,Mutual Fund / ETF,738278533,0
Merrill Lynch,1328D23B0,136E5E1D0,United States,USD,Person,33,Cynthia Hammond,0,0,0,0,Mutual Fund / ETF,3959504006,0
Merrill Lynch,1328D23B0,136E5E1D0,United States,USD,Person,33,Cynthia Hammond,0,0,0,0,Mutual Fund / ETF,3959504007,0
Synchrony Financial,1328D30B0,136E5F2F0,United States,USD,Person,33,Cynthia Hammond,0,0,0,0,Mutual Fund / ETF,738278536,0
Synchrony Financial,1328D30B0,136E5F2F0,United States,USD,Person,33,Cynthia Hammond,0,0,0,0,Mutual Fund / ETF,738278537,0
Merrill Lynch,1328D23B0,136E5E1D0,United States,USD,Person,33,Cynthia Hammond,0,0,0,0,Stock,3959504010,0
Synchrony Financial,1328D30B0,136E5F2F0,United States,USD,Person,33,Cynthia Hammond,0,0,0,0,Stock,738278539,0
Correa Brokers,9A33FCC80,9A33FD010,China,CNY,Person,33,Cynthia Hammond,0,0,0,0,Stock,536951948,0
CNO Financial Group,1328D3730,1337CF5F0,United States,USD,Person,33,Cynthia Hammond,0,0,0,0,Stock,3422633101,0
Synchrony Financial,1328D30B0,136E5F2F0,United States,USD,Person,33,Cynthia Hammond,0,0,0,0,Stock,738278542,0
Synchrony Financial,1328D30B0,136E5F2F0,United States,USD,Person,33,Cynthia Hammond,0,0,0,0,Stock,738278543,0
Interactive Brokers,1328D2D70,136E5F270,United States,USD,Person,33,Cynthia Hammond,0,0,0,0,Stock,1543584912,0
Synchrony Financial,1328D30B0,136E5F2F0,United States,USD,Person,33,Cynthia Hammond,0,0,0,0,Stock,738278545,0
Merrill Lynch,1328D23B0,136E5E1D0,United States,USD,Person,33,Cynthia Hammond,0,0,0,0,Stock,3959504018,0
Merrill Lynch,1328D23B0,136E5E1D0,United States,USD,Person,33,Cynthia Hammond,0,0,0,0,Mutual Fund / ETF,3959504019,0
Synchrony Financial,1328D30B0,136E5F2F0,United States,USD,Person,33,Cynthia Hammond,0,0,0,0,Mutual Fund / ETF,738278548,0
Synchrony Financial,1328D30B0,136E5F2F0,United States,USD,Person,33,Cynthia Hammond,0,0,0,0,Mutual Fund / ETF,738278549,0
Merrill Lynch,1328D23B0,136E5E1D0,United States,USD,Person,33,Cynthia Hammond,0,0,0,0,Mutual Fund / ETF,3959504022,0
Synchrony Financial,1328D30B0,136E5F2F0,United States,USD,Person,33,Cynthia Hammond,0,0,0,0,Mutual Fund / ETF,738278551,0
Daniels Bank,698191670,698191A00,United States,USD,Person,33,Cynthia Hammond,0,0,0,0,Money Market,2617326744,25
Franklin Resources,1328D5130,136E63420,United States,USD,Person,33,Cynthia Hammond,0,0,0,0,Mutual Fund / ETF,1275149465,0
Synchrony Financial,1328D30B0,136E5F2F0,United States,USD,Person,33,Cynthia Hammond,0,0,0,0,Mutual Fund / ETF,738278554,0
Merrill Lynch,1328D23B0,136E5E1D0,United States,USD,Person,33,Cynthia Hammond,0,0,0,0,Mutual Fund / ETF,3959504027,0
Synchrony Financial,1328D30B0,136E5F2F0,United States,USD,Person,33,Cynthia Hammond,0,0,0,0,Mutual Fund / ETF,738278556,0
Merrill Lynch,1328D23B0,136E5E1D0,United States,USD,Person,33,Cynthia Hammond,0,0,0,0,Mutual Fund / ETF,3959504029,0
Franklin Resources,1328D5130,136E63420,United States,USD,Person,33,Cynthia Hammond,0,0,0,0,Mutual Fund / ETF,1275149470,0
Merrill Lynch,1328D23B0,136E5E1D0,United States,USD,Person,33,Cynthia Hammond,0,0,0,0,Mutual Fund / ETF,3959504031,0
Merrill Lynch,1328D23B0,136E5E1D0,United States,USD,Person,33,Cynthia Hammond,0,0,0,0,Mutual Fund / ETF,3959504032,0
CNO Financial Group,1328D3730,1337CF5F0,United States,USD,Person,33,Cynthia Hammond,0,0,0,0,Mutual Fund / ETF,3422633121,0
Bank of America Corp.,1328781D0,134A35A10,United States,USD,Person,33,Cynthia Hammond,0,0,0,0,Money Market,1946238114,10
Cash,3CEC88A0,3CEC8BC0,United States,USD,Person,34,Iker Gonzalez,0,0,0,0,Cash,0,0
Alvaro's Thrift,699B95540,699B958D0,United States,USD,Person,34,Iker Gonzalez,1,207,0,0,Checking,1342258340,25
Bank of New York Mellon,132879550,134BC82D0,United States,USD,Person,34,Iker Gonzalez,0,0,0,0,Savings,1409367205,100
Legg Mason,1328D57B0,136E63560,United States,USD,Person,34,Iker Gonzalez,0,0,0,0,Mutual Fund / ETF,3959504038,0
Cash,3CEC88A0,3CEC8BC0,United States,USD,Person,35,Madilyn Bonilla,0,0,0,0,Cash,0,0
Miranda Bank,698EE5A90,698EE5E20,United States,USD,Person,35,Madilyn Bonilla,1,0,0,0,Checking,2751544490,100
Bridges Thrift,69A749480,69A749810,United States,USD,Person,35,Madilyn Bonilla,0,0,0,0,Savings,536951979,0
T. Rowe Price,1328D5470,136E634C0,United States,USD,Person,35,Madilyn Bonilla,0,0,0,0,Stock,469843116,0
T. Rowe Price,1328D5470,136E634C0,United States,USD,Person,35,Madilyn Bonilla,0,0,0,0,Stock,469843117,0
T. Rowe Price,1328D5470,136E634C0,United States,USD,Person,35,Madilyn Bonilla,0,0,0,0,Stock,469843118,0
T. Rowe Price,1328D5470,136E634C0,United States,USD,Person,35,Madilyn Bonilla,0,0,0,0,Stock,469843119,0
T. Rowe Price,1328D5470,136E634C0,United States,USD,Person,35,Madilyn Bonilla,0,0,0,0,Stock,469843120,0
T. Rowe Price,1328D5470,136E634C0,United States,USD,Person,35,Madilyn Bonilla,0,0,0,0,Stock,469843121,0
Rhodes Rock Hill Investing,69B884030,69B8843C0,United States,USD,Person,35,Madilyn Bonilla,0,0,0,0,Stock,201407666,0
T. Rowe Price,1328D5470,136E634C0,United States,USD,Person,35,Madilyn Bonilla,0,0,0,0,Stock,469843123,0
T. Rowe Price,1328D5470,136E634C0,United States,USD,Person,35,Madilyn Bonilla,0,0,0,0,Stock,469843124,0
T. Rowe Price,1328D5470,136E634C0,United States,USD,Person,35,Madilyn Bonilla,0,0,0,0,Stock,469843125,0
T. Rowe Price,1328D5470,136E634C0,United States,USD,Person,35,Madilyn Bonilla,0,0,0,0,Mutual Fund / ETF,469843126,0
BB&T Corp.,132879890,134BDA2A0,United States,USD,Person,35,Madilyn Bonilla,0,0,0,0,Money Market,604060855,50
MetLife,132873040,1348BB910,United States,USD,Person,35,Madilyn Bonilla,0,0,0,0,Life Insurance,268516536,0
Cash,3CEC88A0,3CEC8BC0,United States,USD,Person,36,Rocky Warner,0,0,0,0,Cash,0,0
Beck Bank,6993961F0,699396580,United States,USD,Person,36,Rocky Warner,1,0,0,0,Checking,2080455889,100
Beck Bank,6993961F0,699396580,United States,USD,Person,36,Rocky Warner,0,0,0,0,Savings,2080455890,50
Beck Bank,6993961F0,699396580,United States,USD,Person,36,Rocky Warner,0,0,0,0,Money Market,2080455891,10
CNO Financial Group,1328D3730,1337CF5F0,United States,USD,Person,36,Rocky Warner,0,0,0,0,Mutual Fund / ETF,3422633172,0
CNO Financial Group,1328D3730,1337CF5F0,United States,USD,Person,36,Rocky Warner,0,0,0,0,Mutual Fund / ETF,3422633173,0
CNO Financial Group,1328D3730,1337CF5F0,United States,USD,Person,36,Rocky Warner,0,0,0,0,Money Market,3422633174,50
Liberty Mutual - Life,132871640,1347783A0,United States,USD,Person,36,Rocky Warner,0,0,0,0,Life Insurance,2416000215,0
Cash,3CEC88A0,3CEC8BC0,United States,USD,Person,37,Makayla Hawkins,0,0,0,0,Cash,0,0
PNC Financial Services,132879210,134B8D5F0,United States,USD,Person,37,Makayla Hawkins,1,120,0,0,Checking,2214673636,25
BB&T Corp.,132879890,134BDA2A0,United States,USD,Person,37,Makayla Hawkins,0,0,0,0,Savings,604060901,25
PNC Financial Services,132879210,134B8D5F0,United States,USD,Person,37,Makayla Hawkins,0,0,0,0,Money Market,2214673638,50
Black Rock,1328D3A70,1337CF670,United States,USD,Person,37,Makayla Hawkins,0,0,0,0,Mutual Fund / ETF,2617326823,0
Black Rock,1328D3A70,1337CF670,United States,USD,Person,37,Makayla Hawkins,0,0,0,0,Money Market,2617326824,25
Black Rock,1328D3A70,1337CF670,United States,USD,Person,37,Makayla Hawkins,0,0,0,0,Mutual Fund / ETF,2617326825,0
BB&T Corp.,132879890,134BDA2A0,United States,USD,Person,37,Makayla Hawkins,0,0,0,0,Money Market,604060906,50
Cash,3CEC88A0,3CEC8BC0,United States,USD,Person,38,Alayah Reyes,0,0,0,0,Cash,0,0
Chase's Thrift,69B198030,69B1983C0,United States,USD,Person,38,Alayah Reyes,1,2,0,0,Checking,201407776,25
Agustin's Savings Bank,698C542A0,698C54630,United States,USD,Person,38,Alayah Reyes,0,0,0,0,Savings,2818653473,25
Chase's Thrift,69B198030,69B1983C0,United States,USD,Person,38,Alayah Reyes,0,0,0,0,Money Market,201407778,0
Alayna's Brokerage,69B89EDA0,69B89F130,United States,USD,Person,38,Alayah Reyes,0,0,0,0,Mutual Fund / ETF,1744911651,0
Invesco,1328D4AB0,136E63320,United States,USD,Person,38,Alayah Reyes,0,0,0,0,Mutual Fund / ETF,2885762340,0
Alayna's Brokerage,69B89EDA0,69B89F130,United States,USD,Person,38,Alayah Reyes,0,0,0,0,Mutual Fund / ETF,1744911653,0
Invesco,1328D4AB0,136E63320,United States,USD,Person,38,Alayah Reyes,0,0,0,0,Mutual Fund / ETF,2885762342,0
Alayna's Brokerage,69B89EDA0,69B89F130,United States,USD,Person,38,Alayah Reyes,0,0,0,0,Mutual Fund / ETF,1744911655,0
Dustin's Partners,69B862E80,69B863210,United States,USD,Person,38,Alayah Reyes,0,0,0,0,Mutual Fund / ETF,2684435752,0
Alayna's Brokerage,69B89EDA0,69B89F130,United States,USD,Person,38,Alayah Reyes,0,0,0,0,Mutual Fund / ETF,1744911657,0
Alayna's Brokerage,69B89EDA0,69B89F130,United States,USD,Person,38,Alayah Reyes,0,0,0,0,Mutual Fund / ETF,1744911658,0
Alayna's Brokerage,69B89EDA0,69B89F130,United States,USD,Person,38,Alayah Reyes,0,0,0,0,Mutual Fund / ETF,1744911659,0
Dustin's Partners,69B862E80,69B863210,United States,USD,Person,38,Alayah Reyes,0,0,0,0,Mutual Fund / ETF,2684435756,0
Invesco,1328D4AB0,136E63320,United States,USD,Person,38,Alayah Reyes,0,0,0,0,Mutual Fund / ETF,2885762349,0
Alayna's Brokerage,69B89EDA0,69B89F130,United States,USD,Person,38,Alayah Reyes,0,0,0,0,Money Market,1744911662,25
Alayna's Brokerage,69B89EDA0,69B89F130,United States,USD,Person,38,Alayah Reyes,0,0,0,0,Mutual Fund / ETF,1744911663,0
Dustin's Partners,69B862E80,69B863210,United States,USD,Person,38,Alayah Reyes,0,0,0,0,Money Market,2684435760,50
Invesco,1328D4AB0,136E63320,United States,USD,Person,38,Alayah Reyes,0,0,0,0,Money Market,2885762353,10
Cash,3CEC88A0,3CEC8BC0,United States,USD,Person,39,Donovan Gonzalez,0,0,0,0,Cash,0,0
JPMorgan Chase,132877E90,1349E8190,United States,USD,Person,39,Donovan Gonzalez,1,15,0,0,Checking,2751544677,25
Stone Banning Federal Credit Union,698A116F0,698A11A80,United States,USD,Person,39,Donovan Gonzalez,0,0,0,0,Savings,3154197862,50
Merrill Lynch,1328D23B0,136E5DD70,United States,USD,Person,39,Donovan Gonzalez,0,0,0,0,Mutual Fund / ETF,3959504231,0
Merrill Lynch,1328D23B0,136E5DD70,United States,USD,Person,39,Donovan Gonzalez,0,0,0,0,Mutual Fund / ETF,3959504232,0
Charles Schwab,1328D16B0,136E50180,United States,USD,Person,39,Donovan Gonzalez,0,0,0,0,Money Market,2885762409,0
Cash,3CEC88A0,3CEC8BC0,United States,USD,Person,40,Kaya Gilmore,0,0,0,0,Cash,0,0
M&T Bank Corp.,13287A590,134C796E0,United States,USD,Person,40,Kaya Gilmore,1,0,0,0,Checking,1677802881,100
McGuire Federal Credit Union,69710C060,69710C3F0,United States,USD,Person,40,Kaya Gilmore,0,0,0,0,Savings,402734466,50
M&T Bank Corp.,13287A590,134C796E0,United States,USD,Person,40,Kaya Gilmore,0,0,0,0,Money Market,1677802883,10
McGuire Federal Credit Union,69710C060,69710C3F0,United States,USD,Person,40,Kaya Gilmore,0,0,0,0,Money Market,402734468,10
Jaiden's Investments,69B78D400,69B78D790,United States,USD,Person,40,Kaya Gilmore,0,0,0,0,Stock,81285,0
Jaiden's Investments,69B78D400,69B78D790,United States,USD,Person,40,Kaya Gilmore,0,0,0,0,Stock,81286,0
Jaiden's Investments,69B78D400,69B78D790,United States,USD,Person,40,Kaya Gilmore,0,0,0,0,Stock,81287,0
Jaiden's Investments,69B78D400,69B78D790,United States,USD,Person,40,Kaya Gilmore,0,0,0,0,Stock,81288,0
Jaiden's Investments,69B78D400,69B78D790,United States,USD,Person,40,Kaya Gilmore,0,0,0,0,Stock,81289,0
Andersen Edinburgh Investing,9CAE8AAE0,9CAE8AE70,United Kingdom,GBP,Person,40,Kaya Gilmore,0,0,0,0,Stock,3087089034,0
Jaiden's Investments,69B78D400,69B78D790,United States,USD,Person,40,Kaya Gilmore,0,0,0,0,Stock,81291,0
Jaiden's Investments,69B78D400,69B78D790,United States,USD,Person,40,Kaya Gilmore,0,0,0,0,Stock,81292,0
Jaiden's Investments,69B78D400,69B78D790,United States,USD,Person,40,Kaya Gilmore,0,0,0,0,Stock,81293,0
Jaiden's Investments,69B78D400,69B78D790,United States,USD,Person,40,Kaya Gilmore,0,0,0,0,Stock,81294,0
Jaiden's Investments,69B78D400,69B78D790,United States,USD,Person,40,Kaya Gilmore,0,0,0,0,Stock,81295,0
Jaiden's Investments,69B78D400,69B78D790,United States,USD,Person,40,Kaya Gilmore,0,0,0,0,Stock,81296,0
Jaiden's Investments,69B78D400,69B78D790,United States,USD,Person,40,Kaya Gilmore,0,0,0,0,Mutual Fund / ETF,81297,0
Jaiden's Investments,69B78D400,69B78D790,United States,USD,Person,40,Kaya Gilmore,0,0,0,0,Mutual Fund / ETF,81298,0
Jaiden's Investments,69B78D400,69B78D790,United States,USD,Person,40,Kaya Gilmore,0,0,0,0,Mutual Fund / ETF,81299,0
Jaiden's Investments,69B78D400,69B78D790,United States,USD,Person,40,Kaya Gilmore,0,0,0,0,Money Market,81300,50
Capital One Financial,132878B90,134B4B5D0,United States,USD,Person,40,Kaya Gilmore,0,0,0,0,Money Market,3825286549,50
Jaiden's Investments,69B78D400,69B78D790,United States,USD,Person,40,Kaya Gilmore,0,0,0,0,Mutual Fund / ETF,81302,0
Jaiden's Investments,69B78D400,69B78D790,United States,USD,Person,40,Kaya Gilmore,0,0,0,0,Mutual Fund / ETF,81303,0
Jaiden's Investments,69B78D400,69B78D790,United States,USD,Person,40,Kaya Gilmore,0,0,0,0,Mutual Fund / ETF,81304,0
Jaiden's Investments,69B78D400,69B78D790,United States,USD,Person,40,Kaya Gilmore,0,0,0,0,Mutual Fund / ETF,81305,0
Jaiden's Investments,69B78D400,69B78D790,United States,USD,Person,40,Kaya Gilmore,0,0,0,0,Mutual Fund / ETF,81306,0
Jaiden's Investments,69B78D400,69B78D790,United States,USD,Person,40,Kaya Gilmore,0,0,0,0,Mutual Fund / ETF,81307,0
Jaiden's Investments,69B78D400,69B78D790,United States,USD,Person,40,Kaya Gilmore,0,0,0,0,Mutual Fund / ETF,81308,0
Andersen Edinburgh Investing,9CAE8AAE0,9CAE8AE70,United Kingdom,USD,Person,40,Kaya Gilmore,0,0,0,0,Money Market,3087089053,50
Andersen Edinburgh Investing,9CAE8AAE0,9CAE8AE70,United Kingdom,USD,Person,40,Kaya Gilmore,0,0,0,0,Money Market,3087089054,100
Cash,3CEC88A0,3CEC8BC0,United States,USD,Person,41,Kora Ajami,0,0,0,0,Cash,0,0
Capital One Financial,132878B90,134B1C2B0,United States,USD,Person,41,Kora Ajami,1,0,0,0,Checking,3825286559,10
Wells Fargo,132878510,134AA5A90,United States,USD,Person,41,Kora Ajami,0,0,0,0,Savings,1140932000,25
Capital One Financial,132878B90,134B1C2B0,United States,USD,Person,41,Kora Ajami,0,0,0,0,Money Market,3825286561,25
Montes Securities Company,69B814D60,69B8150F0,United States,USD,Person,41,Kora Ajami,0,0,0,0,Stock,1476476322,0
Cash,3CEC88A0,3CEC8BC0,United States,USD,Person,42,Regina Adkins,0,0,0,0,Cash,0,0
Reese Savings Bank,6982C6EB0,6982C7240,United States,USD,Person,42,Regina Adkins,1,120,0,0,Checking,2885762498,10
Davenport Savings Bank,6980167D0,698016B60,United States,USD,Person,42,Regina Adkins,0,0,0,0,Savings,4093722051,10
Sloane's Brokerage House,69B8D1010,69B8D13A0,United States,USD,Person,42,Regina Adkins,0,0,0,0,Mutual Fund / ETF,67190212,0
Reese Savings Bank,6982C6EB0,6982C7240,United States,USD,Person,42,Regina Adkins,0,0,0,0,Money Market,2885762501,250
Cash,3CEC88A0,3CEC8BC0,United States,USD,Person,43,Christopher Rodriguez,0,0,0,0,Cash,0,0
Wells Fargo,132878510,134AAE070,United States,USD,Person,43,Christopher Rodriguez,1,0,0,0,Checking,1140932079,25
Colton's Federal Credit Union,697816670,697816A00,United States,USD,Person,43,Christopher Rodriguez,0,0,0,0,Savings,2617327088,25
Franklin Resources,1328D5130,136E63420,United States,USD,Person,43,Christopher Rodriguez,0,0,0,0,Mutual Fund / ETF,1275149809,0
Charles Schwab,1328D16B0,136E50180,United States,USD,Person,43,Christopher Rodriguez,0,0,0,0,Mutual Fund / ETF,2885762546,0
Franklin Resources,1328D5130,136E63420,United States,USD,Person,43,Christopher Rodriguez,0,0,0,0,Mutual Fund / ETF,1275149811,0
Charles Schwab,1328D16B0,136E50180,United States,USD,Person,43,Christopher Rodriguez,0,0,0,0,Mutual Fund / ETF,2885762548,0
Charles Schwab,1328D16B0,136E50180,United States,USD,Person,43,Christopher Rodriguez,0,0,0,0,Mutual Fund / ETF,2885762549,0
Charles Schwab,1328D16B0,136E50180,United States,USD,Person,43,Christopher Rodriguez,0,0,0,0,Mutual Fund / ETF,2885762550,0
Charles Schwab,1328D16B0,136E50180,United States,USD,Person,43,Christopher Rodriguez,0,0,0,0,Mutual Fund / ETF,2885762551,0
Charles Schwab,1328D16B0,136E50180,United States,USD,Person,43,Christopher Rodriguez,0,0,0,0,Mutual Fund / ETF,2885762552,0
Charles Schwab,1328D16B0,136E50180,United States,USD,Person,43,Christopher Rodriguez,0,0,0,0,Mutual Fund / ETF,2885762553,0
Wells Fargo,132878510,134AAE070,United States,USD,Person,43,Christopher Rodriguez,0,0,0,0,Money Market,1140932090,10
Merrill Lynch,1328D23B0,136E5D8A0,United States,USD,Person,43,Christopher Rodriguez,0,0,0,0,Mutual Fund / ETF,3959504379,0
Charles Schwab,1328D16B0,136E50180,United States,USD,Person,43,Christopher Rodriguez,0,0,0,0,Mutual Fund / ETF,2885762556,0
Franklin Resources,1328D5130,136E63420,United States,USD,Person,43,Christopher Rodriguez,0,0,0,0,Mutual Fund / ETF,1275149821,0
Merrill Lynch,1328D23B0,136E5D8A0,United States,USD,Person,43,Christopher Rodriguez,0,0,0,0,Mutual Fund / ETF,3959504382,0
Merrill Lynch,1328D23B0,136E5D8A0,United States,USD,Person,43,Christopher Rodriguez,0,0,0,0,Money Market,3959504383,10
Cash,3CEC88A0,3CEC8BC0,United States,USD,Person,44,Adrienne Harper,0,0,0,0,Cash,0,0
Citizens Bank,13287A8D0,134C8A1C0,United States,USD,Person,44,Adrienne Harper,1,1,0,0,Checking,872496664,10
Citizens Bank,13287A8D0,134C8A1C0,United States,USD,Person,44,Adrienne Harper,0,0,0,0,Savings,872496665,0
Citizens Bank,13287A8D0,134C8A1C0,United States,USD,Person,44,Adrienne Harper,0,0,0,0,Money Market,872496666,0
Deribit,1328D71B0,136E63A60,United States,USD,Person,44,Adrienne Harper,0,0,0,0,Crypto Currency,1812020763,0
PIMCO,1328D4770,136E632A0,United States,USD,Person,44,Adrienne Harper,0,0,0,0,Stock,3691068956,0
PIMCO,1328D4770,136E632A0,United States,USD,Person,44,Adrienne Harper,0,0,0,0,Mutual Fund / ETF,3691068957,0
PIMCO,1328D4770,136E632A0,United States,USD,Person,44,Adrienne Harper,0,0,0,0,Mutual Fund / ETF,3691068958,0
PIMCO,1328D4770,136E632A0,United States,USD,Person,44,Adrienne Harper,0,0,0,0,Money Market,3691068959,0
PIMCO,1328D4770,136E632A0,United States,USD,Person,44,Adrienne Harper,0,0,0,0,Mutual Fund / ETF,3691068960,0
PIMCO,1328D4770,136E632A0,United States,USD,Person,44,Adrienne Harper,0,0,0,0,Mutual Fund / ETF,3691068961,0
Deribit,1328D71B0,136E63A60,United States,USD,Person,44,Adrienne Harper,0,0,0,0,Money Market,1812020770,50
Cash,3CEC88A0,3CEC8BC0,United States,USD,Person,45,Casen Bowen,0,0,0,0,Cash,0,0
Capital One Financial,132878B90,134B1C2B0,United States,USD,Person,45,Casen Bowen,1,0,0,0,Checking,3825286741,10
United Bank,9AA175390,9AA175720,Germany,EUR,Person,45,Casen Bowen,1,1,0,0,Checking,3825286742,25
JPMorgan Chase,132877E90,1349E8190,United States,USD,Person,45,Casen Bowen,0,0,0,0,Savings,2751544919,25
United Bank,9AA175390,9AA175720,Germany,USD,Person,45,Casen Bowen,0,0,0,0,Savings,3825286744,0
Capital One Financial,132878B90,134B1C2B0,United States,USD,Person,45,Casen Bowen,0,0,0,0,Money Market,3825286745,10
United Bank,9AA175390,9AA175720,Germany,USD,Person,45,Casen Bowen,0,0,0,0,Money Market,3825286746,50
United Bank,9AA175390,9AA175720,Germany,USD,Person,45,Casen Bowen,0,0,0,0,Money Market,3825286747,0
Guillermo's Brokerage House,69B940BE0,69B940F70,United States,USD,Person,45,Casen Bowen,0,0,0,0,Mutual Fund / ETF,4160831068,0
Guillermo's Brokerage House,69B940BE0,69B940F70,United States,USD,Person,45,Casen Bowen,0,0,0,0,Mutual Fund / ETF,4160831069,0
Guillermo's Brokerage House,69B940BE0,69B940F70,United States,USD,Person,45,Casen Bowen,0,0,0,0,Mutual Fund / ETF,4160831070,0
Guillermo's Brokerage House,69B940BE0,69B940F70,United States,USD,Person,45,Casen Bowen,0,0,0,0,Mutual Fund / ETF,4160831071,0
Guillermo's Brokerage House,69B940BE0,69B940F70,United States,USD,Person,45,Casen Bowen,0,0,0,0,Stock,4160831072,0
Guillermo's Brokerage House,69B940BE0,69B940F70,United States,USD,Person,45,Casen Bowen,0,0,0,0,Stock,4160831073,0
Arnold Investing,9CAAC00D0,9CAAC0460,United Kingdom,GBP,Person,45,Casen Bowen,0,0,0,0,Stock,872496738,0
Guillermo's Brokerage House,69B940BE0,69B940F70,United States,USD,Person,45,Casen Bowen,0,0,0,0,Stock,4160831075,0
Black Rock,1328D3A70,1337CF670,United States,USD,Person,45,Casen Bowen,0,0,0,0,Stock,2617327204,0
Guillermo's Brokerage House,69B940BE0,69B940F70,United States,USD,Person,45,Casen Bowen,0,0,0,0,Stock,4160831077,0
Guillermo's Brokerage House,69B940BE0,69B940F70,United States,USD,Person,45,Casen Bowen,0,0,0,0,Stock,4160831078,0
Black Rock,1328D3A70,1337CF670,United States,USD,Person,45,Casen Bowen,0,0,0,0,Stock,2617327207,0
Guillermo's Brokerage House,69B940BE0,69B940F70,United States,USD,Person,45,Casen Bowen,0,0,0,0,Stock,4160831080,0
Arnold Investing,9CAAC00D0,9CAAC0460,United Kingdom,GBP,Person,45,Casen Bowen,0,0,0,0,Stock,872496745,0
Guillermo's Brokerage House,69B940BE0,69B940F70,United States,USD,Person,45,Casen Bowen,0,0,0,0,Stock,4160831082,0
Guillermo's Brokerage House,69B940BE0,69B940F70,United States,USD,Person,45,Casen Bowen,0,0,0,0,Stock,4160831083,0
Guillermo's Brokerage House,69B940BE0,69B940F70,United States,USD,Person,45,Casen Bowen,0,0,0,0,Stock,4160831084,0
Guillermo's Brokerage House,69B940BE0,69B940F70,United States,USD,Person,45,Casen Bowen,0,0,0,0,Mutual Fund / ETF,4160831085,0
Guillermo's Brokerage House,69B940BE0,69B940F70,United States,USD,Person,45,Casen Bowen,0,0,0,0,Mutual Fund / ETF,4160831086,0
Santiago's Partners,69B74A450,69B74A7E0,United States,USD,Person,45,Casen Bowen,0,0,0,0,Mutual Fund / ETF,335625839,0
Guillermo's Brokerage House,69B940BE0,69B940F70,United States,USD,Person,45,Casen Bowen,0,0,0,0,Mutual Fund / ETF,4160831088,0
Guillermo's Brokerage House,69B940BE0,69B940F70,United States,USD,Person,45,Casen Bowen,0,0,0,0,Mutual Fund / ETF,4160831089,0
Arnold Investing,9CAAC00D0,9CAAC0460,United Kingdom,USD,Person,45,Casen Bowen,0,0,0,0,Money Market,872496754,25
Arnold Investing,9CAAC00D0,9CAAC0460,United Kingdom,USD,Person,45,Casen Bowen,0,0,0,0,Money Market,872496755,0
Guillermo's Brokerage House,69B940BE0,69B940F70,United States,USD,Person,45,Casen Bowen,0,0,0,0,Mutual Fund / ETF,4160831092,0
Guillermo's Brokerage House,69B940BE0,69B940F70,United States,USD,Person,45,Casen Bowen,0,0,0,0,Mutual Fund / ETF,4160831093,0
Black Rock,1328D3A70,1337CF670,United States,USD,Person,45,Casen Bowen,0,0,0,0,Mutual Fund / ETF,2617327222,0
Guillermo's Brokerage House,69B940BE0,69B940F70,United States,USD,Person,45,Casen Bowen,0,0,0,0,Mutual Fund / ETF,4160831095,0
Guillermo's Brokerage House,69B940BE0,69B940F70,United States,USD,Person,45,Casen Bowen,0,0,0,0,Mutual Fund / ETF,4160831096,0
Santiago's Partners,69B74A450,69B74A7E0,United States,USD,Person,45,Casen Bowen,0,0,0,0,Money Market,335625849,100
Guillermo's Brokerage House,69B940BE0,69B940F70,United States,USD,Person,45,Casen Bowen,0,0,0,0,Money Market,4160831098,50
Cash,3CEC88A0,3CEC8BC0,United States,USD,Person,46,Esmeralda Henderson,0,0,0,0,Cash,0,0
Lindsey Bank,69B5EB660,69B5EB9F0,United States,USD,Person,46,Esmeralda Henderson,1,0,0,0,Checking,2550218382,0
Invesco,1328D4AB0,136E63320,United States,USD,Person,46,Esmeralda Henderson,0,0,0,0,Money Market,2885762703,100
CNO Financial Group,1328D3730,1337CF5F0,United States,USD,Person,46,Esmeralda Henderson,0,0,0,0,Stock,3422633616,0
CNO Financial Group,1328D3730,1337CF5F0,United States,USD,Person,46,Esmeralda Henderson,0,0,0,0,Stock,3422633617,0
Goldman Sachs,1328D19F0,133657BB0,United States,USD,Person,46,Esmeralda Henderson,0,0,0,0,Stock,2080456338,0
CNO Financial Group,1328D3730,1337CF5F0,United States,USD,Person,46,Esmeralda Henderson,0,0,0,0,Stock,3422633619,0
Goldman Sachs,1328D19F0,133657BB0,United States,USD,Person,46,Esmeralda Henderson,0,0,0,0,Stock,2080456340,0
CNO Financial Group,1328D3730,1337CF5F0,United States,USD,Person,46,Esmeralda Henderson,0,0,0,0,Stock,3422633621,0
CNO Financial Group,1328D3730,1337CF5F0,United States,USD,Person,46,Esmeralda Henderson,0,0,0,0,Mutual Fund / ETF,3422633622,0
Ameriprise Financial,1328D26F0,136E5F170,United States,USD,Person,46,Esmeralda Henderson,0,0,0,0,Mutual Fund / ETF,3154198167,0
CNO Financial Group,1328D3730,1337CF5F0,United States,USD,Person,46,Esmeralda Henderson,0,0,0,0,Money Market,3422633624,0
T. Rowe Price,1328D5470,136E634C0,United States,USD,Person,46,Esmeralda Henderson,0,0,0,0,Mutual Fund / ETF,469843609,0
Goldman Sachs,1328D19F0,133657BB0,United States,USD,Person,46,Esmeralda Henderson,0,0,0,0,Mutual Fund / ETF,2080456346,0
Ameriprise Financial,1328D26F0,136E5F170,United States,USD,Person,46,Esmeralda Henderson,0,0,0,0,Money Market,3154198171,0
Cash,3CEC88A0,3CEC8BC0,United States,USD,Person,47,Rey Joseph,0,0,0,0,Cash,0,0
Fifth Third Bancorp,13287B290,134C9DBB0,United States,USD,Person,47,Rey Joseph,1,0,0,0,Checking,2751545026,25
United Bank,409690610,4096909A0,United States,USD,Person,47,Rey Joseph,0,0,0,0,Savings,2214674115,25
Fifth Third Bancorp,13287B290,134C9DBB0,United States,USD,Person,47,Rey Joseph,0,0,0,0,Money Market,2751545028,0
Cash,3CEC88A0,3CEC8BC0,United States,USD,Person,48,Marlon Ford,0,0,0,0,Cash,0,0
Miller Bank,6989648A0,698964C30,United States,USD,Person,48,Marlon Ford,1,0,0,0,Checking,671170276,0
Bank of America Corp.,1328781D0,134A38250,United States,USD,Person,48,Marlon Ford,0,0,0,0,Savings,1946238693,0
Miller Bank,6989648A0,698964C30,United States,USD,Person,48,Marlon Ford,0,0,0,0,Money Market,671170278,100
Blair Brokerage,69B97C220,69B97C5B0,United States,USD,Person,48,Marlon Ford,0,0,0,0,Mutual Fund / ETF,2281783015,0
Blair Brokerage,69B97C220,69B97C5B0,United States,USD,Person,48,Marlon Ford,0,0,0,0,Money Market,2281783016,100
Cash,3CEC88A0,3CEC8BC0,United States,USD,Person,49,Kellan Trevino,0,0,0,0,Cash,0,0
JPMorgan Chase,132877E90,1349F2C30,United States,USD,Person,49,Kellan Trevino,1,0,0,0,Checking,2751545099,25
Henry's Hurlock Savings Bank,698C94D10,698C950A0,United States,USD,Person,49,Kellan Trevino,0,0,0,0,Savings,1140932364,25
Invesco,1328D4AB0,136E63320,United States,USD,Person,49,Kellan Trevino,0,0,0,0,Mutual Fund / ETF,2885762829,0
Invesco,1328D4AB0,136E63320,United States,USD,Person,49,Kellan Trevino,0,0,0,0,Mutual Fund / ETF,2885762830,0
Franklin Resources,1328D5130,136E63420,United States,USD,Person,49,Kellan Trevino,0,0,0,0,Mutual Fund / ETF,1275150095,0
Franklin Resources,1328D5130,136E63420,United States,USD,Person,49,Kellan Trevino,0,0,0,0,Mutual Fund / ETF,1275150096,0
Franklin Resources,1328D5130,136E63420,United States,USD,Person,49,Kellan Trevino,0,0,0,0,Mutual Fund / ETF,1275150097,0
JPMorgan Chase,132877E90,1349F2C30,United States,USD,Person,49,Kellan Trevino,0,0,0,0,Money Market,2751545106,0
Invesco,1328D4AB0,136E63320,United States,USD,Person,49,Kellan Trevino,0,0,0,0,Mutual Fund / ETF,2885762835,0
Invesco,1328D4AB0,136E63320,United States,USD,Person,49,Kellan Trevino,0,0,0,0,Money Market,2885762836,50
Cash,3CEC88A0,3CEC8BC0,United States,USD,Person,50,Lincoln Hayes,0,0,0,0,Cash,0,0
Jensen Savings Bank,69A7734D0,69A773860,United States,USD,Person,50,Lincoln Hayes,1,0,0,0,Checking,872496920,0
Brynn's Federal Credit Union,69B11BFD0,69B11C360,United States,EUR,Person,50,Lincoln Hayes,0,0,0,0,Checking,4093722393,100
Ally Financial,13287AF50,133B57270,United States,USD,Person,50,Lincoln Hayes,0,0,0,0,Savings,3556851482,50
Jensen Savings Bank,69A7734D0,69A773860,United States,USD,Person,50,Lincoln Hayes,0,0,0,0,Money Market,872496923,0
Ally Financial,13287AF50,133B57270,United States,USD,Person,50,Lincoln Hayes,0,0,0,0,Money Market,3556851484,100
Jensen Savings Bank,69A7734D0,69A773860,United States,USD,Person,50,Lincoln Hayes,0,0,0,0,CD,872496925,0
Ally Financial,13287AF50,133B57270,United States,USD,Person,50,Lincoln Hayes,0,0,0,0,CD,3556851486,0
Ally Financial,13287AF50,133B57270,United States,USD,Person,50,Lincoln Hayes,0,0,0,0,CD,3556851487,0
Ally Financial,13287AF50,133B57270,United States,USD,Person,50,Lincoln Hayes,0,0,0,0,CD,3556851488,0
Morgan Stanley,1328D2070,136E57FA0,United States,USD,Person,50,Lincoln Hayes,0,0,0,0,Stock,469843745,0
Morgan Stanley,1328D2070,136E57FA0,United States,USD,Person,50,Lincoln Hayes,0,0,0,0,Stock,469843746,0
Morgan Stanley,1328D2070,136E57FA0,United States,USD,Person,50,Lincoln Hayes,0,0,0,0,Mutual Fund / ETF,469843747,0
Morgan Stanley,1328D2070,136E57FA0,United States,USD,Person,50,Lincoln Hayes,0,0,0,0,Mutual Fund / ETF,469843748,0
Sexton Investing,69B8A4020,69B8A43B0,United States,USD,Person,50,Lincoln Hayes,0,0,0,0,Mutual Fund / ETF,134299429,0
Morgan Stanley,1328D2070,136E57FA0,United States,USD,Person,50,Lincoln Hayes,0,0,0,0,Mutual Fund / ETF,469843750,0
Brynn's Federal Credit Union,69B11BFD0,69B11C360,United States,USD,Person,50,Lincoln Hayes,0,0,0,0,Money Market,4093722407,25
Morgan Stanley,1328D2070,136E57FA0,United States,USD,Person,50,Lincoln Hayes,0,0,0,0,Mutual Fund / ETF,469843752,0
Sexton Investing,69B8A4020,69B8A43B0,United States,USD,Person,50,Lincoln Hayes,0,0,0,0,Mutual Fund / ETF,134299433,0
Sexton Investing,69B8A4020,69B8A43B0,United States,USD,Person,50,Lincoln Hayes,0,0,0,0,Mutual Fund / ETF,134299434,0
Sexton Investing,69B8A4020,69B8A43B0,United States,USD,Person,50,Lincoln Hayes,0,0,0,0,Mutual Fund / ETF,134299435,0
Morgan Stanley,1328D2070,136E57FA0,United States,USD,Person,50,Lincoln Hayes,0,0,0,0,Money Market,469843756,50
Cash,3CEC88A0,3CEC8BC0,United States,USD,Person,51,Twanda McClure,0,0,0,0,Cash,0,0
Hale Jensen Beach Savings Bank,69853A280,69853A610,United States,USD,Person,51,Twanda McClure,1,208,0,0,Checking,2684436300,25
Marcel's Port Saint Lucie Federal Credit Union,697F43140,697F434D0,United States,USD,Person,51,Twanda McClure,0,0,0,0,Savings,1342259021,0
Hale Jensen Beach Savings Bank,69853A280,69853A610,United States,USD,Person,51,Twanda McClure,0,0,0,0,Money Market,2684436302,0
Edward Jones,1328D1D30,136E54970,United States,USD,Person,51,Twanda McClure,0,0,0,0,Mutual Fund / ETF,1275150159,0
Edward Jones,1328D1D30,136E54970,United States,USD,Person,51,Twanda McClure,0,0,0,0,Money Market,1275150160,10
Cash,3CEC88A0,3CEC8BC0,United States,USD,Person,52,Esmeralda Gok,0,0,0,0,Cash,0,0
Cadence's Bank,69996AA70,69996AE00,United States,USD,Person,52,Esmeralda Gok,1,0,0,0,Checking,2617327500,25
PNC Financial Services,132879210,134B8D5F0,United States,USD,Person,52,Esmeralda Gok,0,0,0,0,Savings,2214674317,25
T. Rowe Price,1328D5470,136E634C0,United States,USD,Person,52,Esmeralda Gok,0,0,0,0,Money Market,469843854,25
United Investments,69B97BDD0,69B97C160,United States,USD,Person,52,Esmeralda Gok,0,0,0,0,Stock,1946238863,0
United Investments,69B97BDD0,69B97C160,United States,USD,Person,52,Esmeralda Gok,0,0,0,0,Mutual Fund / ETF,1946238864,0
United Investments,69B97BDD0,69B97C160,United States,USD,Person,52,Esmeralda Gok,0,0,0,0,Money Market,1946238865,10
Cash,3CEC88A0,3CEC8BC0,United States,USD,Person,53,Edward Novak,0,0,0,0,Cash,0,0
Amaya's Federal Credit Union,697FA6B40,697FA6ED0,United States,USD,Person,53,Edward Novak,1,0,0,0,Checking,3489742767,0
Bank of New York Mellon,132879550,134BC82D0,United States,USD,Person,53,Edward Novak,1,0,0,0,Checking,1409367984,100
Amaya's Federal Credit Union,697FA6B40,697FA6ED0,United States,USD,Person,53,Edward Novak,0,0,0,0,Savings,3489742769,10
Amaya's Federal Credit Union,697FA6B40,697FA6ED0,United States,USD,Person,53,Edward Novak,0,0,0,0,Money Market,3489742770,10
Ada's Funds,69B922230,69B9225C0,United States,USD,Person,53,Edward Novak,0,0,0,0,Stock,2348892083,0
Ada's Funds,69B922230,69B9225C0,United States,USD,Person,53,Edward Novak,0,0,0,0,Stock,2348892084,0
Ada's Funds,69B922230,69B9225C0,United States,USD,Person,53,Edward Novak,0,0,0,0,Stock,2348892085,0
Ada's Funds,69B922230,69B9225C0,United States,USD,Person,53,Edward Novak,0,0,0,0,Stock,2348892086,0
Ada's Funds,69B922230,69B9225C0,United States,USD,Person,53,Edward Novak,0,0,0,0,Stock,2348892087,0
Ada's Funds,69B922230,69B9225C0,United States,USD,Person,53,Edward Novak,0,0,0,0,Stock,2348892088,0
Ada's Funds,69B922230,69B9225C0,United States,USD,Person,53,Edward Novak,0,0,0,0,Stock,2348892089,0
Ada's Funds,69B922230,69B9225C0,United States,USD,Person,53,Edward Novak,0,0,0,0,Stock,2348892090,0
Ada's Funds,69B922230,69B9225C0,United States,USD,Person,53,Edward Novak,0,0,0,0,Stock,2348892091,0
Ada's Funds,69B922230,69B9225C0,United States,USD,Person,53,Edward Novak,0,0,0,0,Stock,2348892092,0
Ada's Funds,69B922230,69B9225C0,United States,USD,Person,53,Edward Novak,0,0,0,0,Stock,2348892093,0
Ada's Funds,69B922230,69B9225C0,United States,USD,Person,53,Edward Novak,0,0,0,0,Stock,2348892094,0
Ada's Funds,69B922230,69B9225C0,United States,USD,Person,53,Edward Novak,0,0,0,0,Stock,2348892095,0
Waller Stocks and Investing,99D5873E0,99D587770,Belgium,EUR,Person,53,Edward Novak,0,0,0,0,Stock,4160831424,0
Ada's Funds,69B922230,69B9225C0,United States,USD,Person,53,Edward Novak,0,0,0,0,Stock,2348892097,0
Ada's Funds,69B922230,69B9225C0,United States,USD,Person,53,Edward Novak,0,0,0,0,Mutual Fund / ETF,2348892098,0
Ada's Funds,69B922230,69B9225C0,United States,USD,Person,53,Edward Novak,0,0,0,0,Mutual Fund / ETF,2348892099,0
Ada's Funds,69B922230,69B9225C0,United States,USD,Person,53,Edward Novak,0,0,0,0,Mutual Fund / ETF,2348892100,0
Ada's Funds,69B922230,69B9225C0,United States,USD,Person,53,Edward Novak,0,0,0,0,Mutual Fund / ETF,2348892101,0
Ada's Funds,69B922230,69B9225C0,United States,USD,Person,53,Edward Novak,0,0,0,0,Mutual Fund / ETF,2348892102,0
Interactive Brokers,1328D2D70,136E5F270,United States,USD,Person,53,Edward Novak,0,0,0,0,Mutual Fund / ETF,1543585735,0
Ada's Funds,69B922230,69B9225C0,United States,USD,Person,53,Edward Novak,0,0,0,0,Mutual Fund / ETF,2348892104,0
Ada's Funds,69B922230,69B9225C0,United States,USD,Person,53,Edward Novak,0,0,0,0,Mutual Fund / ETF,2348892105,0
Ada's Funds,69B922230,69B9225C0,United States,USD,Person,53,Edward Novak,0,0,0,0,Money Market,2348892106,0
Ada's Funds,69B922230,69B9225C0,United States,USD,Person,53,Edward Novak,0,0,0,0,Mutual Fund / ETF,2348892107,0
Interactive Brokers,1328D2D70,136E5F270,United States,USD,Person,53,Edward Novak,0,0,0,0,Money Market,1543585740,0
Cash,3CEC88A0,3CEC8BC0,United States,USD,Person,54,Tamiyah Myers,0,0,0,0,Cash,0,0
Pugh Federal Credit Union,697B74450,697B747E0,United States,USD,Person,54,Tamiyah Myers,1,2,0,0,Checking,335626195,25
PNC Financial Services,132879210,134BAC840,United States,USD,Person,54,Tamiyah Myers,0,0,0,0,Savings,2214674388,25
Ana's Partners,69B96B9E0,69B96BD70,United States,USD,Person,54,Tamiyah Myers,0,0,0,0,Mutual Fund / ETF,2013347797,0
Ana's Partners,69B96B9E0,69B96BD70,United States,USD,Person,54,Tamiyah Myers,0,0,0,0,Mutual Fund / ETF,2013347798,0
Ana's Partners,69B96B9E0,69B96BD70,United States,USD,Person,54,Tamiyah Myers,0,0,0,0,Mutual Fund / ETF,2013347799,0
Kim Investing,69B8DD800,69B8DDB90,United States,USD,Person,54,Tamiyah Myers,0,0,0,0,Mutual Fund / ETF,81880,0
Ana's Partners,69B96B9E0,69B96BD70,United States,USD,Person,54,Tamiyah Myers,0,0,0,0,Mutual Fund / ETF,2013347801,0
Ana's Partners,69B96B9E0,69B96BD70,United States,USD,Person,54,Tamiyah Myers,0,0,0,0,Mutual Fund / ETF,2013347802,0
Ana's Partners,69B96B9E0,69B96BD70,United States,USD,Person,54,Tamiyah Myers,0,0,0,0,Mutual Fund / ETF,2013347803,0
Kenna's Brokerage,69B8DAC80,69B8DB010,United States,USD,Person,54,Tamiyah Myers,0,0,0,0,Mutual Fund / ETF,536952796,0
Ana's Partners,69B96B9E0,69B96BD70,United States,USD,Person,54,Tamiyah Myers,0,0,0,0,Mutual Fund / ETF,2013347805,0
Kenna's Brokerage,69B8DAC80,69B8DB010,United States,USD,Person,54,Tamiyah Myers,0,0,0,0,Mutual Fund / ETF,536952798,0
Kim Investing,69B8DD800,69B8DDB90,United States,USD,Person,54,Tamiyah Myers,0,0,0,0,Mutual Fund / ETF,81887,0
Kenna's Brokerage,69B8DAC80,69B8DB010,United States,USD,Person,54,Tamiyah Myers,0,0,0,0,Mutual Fund / ETF,536952800,0
Kim Investing,69B8DD800,69B8DDB90,United States,USD,Person,54,Tamiyah Myers,0,0,0,0,Mutual Fund / ETF,81889,0
Pugh Federal Credit Union,697B74450,697B747E0,United States,USD,Person,54,Tamiyah Myers,0,0,0,0,Money Market,335626210,10
Kenna's Brokerage,69B8DAC80,69B8DB010,United States,USD,Person,54,Tamiyah Myers,0,0,0,0,Mutual Fund / ETF,536952803,0
Edward Jones,1328D1D30,136E55A10,United States,USD,Person,54,Tamiyah Myers,0,0,0,0,Mutual Fund / ETF,1275150308,0
Edward Jones,1328D1D30,136E55A10,United States,USD,Person,54,Tamiyah Myers,0,0,0,0,Money Market,1275150309,25
Cash,3CEC88A0,3CEC8BC0,United States,USD,Person,55,William Joseph,0,0,0,0,Cash,0,0
Miles's Bank,69856F5D0,69856F960,United States,USD,Person,55,William Joseph,1,0,0,0,Checking,1946238964,10
Holloway West Haven Federal Credit Union,698A187F0,698A18B80,United States,USD,Person,55,William Joseph,0,0,0,0,Savings,4227940341,0
Miles's Bank,69856F5D0,69856F960,United States,USD,Person,55,William Joseph,0,0,0,0,Money Market,1946238966,10
Vanguard Investments,1328D3DB0,1337CF6F0,United States,USD,Person,55,William Joseph,0,0,0,0,Mutual Fund / ETF,1812021239,0
Vanguard Investments,1328D3DB0,1337CF6F0,United States,USD,Person,55,William Joseph,0,0,0,0,Money Market,1812021240,100
United Partners,69B814910,69B814CA0,United States,USD,Person,55,William Joseph,0,0,0,0,Mutual Fund / ETF,1140932601,0
United Partners,69B814910,69B814CA0,United States,USD,Person,55,William Joseph,0,0,0,0,Money Market,1140932602,10
Cash,3CEC88A0,3CEC8BC0,United States,USD,Person,56,Gael Conner,0,0,0,0,Cash,0,0
Koa's Savings Bank,697E5A830,697E5ABC0,United States,USD,Person,56,Gael Conner,1,207,0,0,Checking,201408534,10
Bonnie's Bank,697B18BE0,697B18F70,United States,USD,Person,56,Gael Conner,0,0,0,0,Savings,4160831511,10
Koa's Savings Bank,697E5A830,697E5ABC0,United States,USD,Person,56,Gael Conner,0,0,0,0,Savings,201408536,50
Charles Schwab,1328D16B0,136E50810,United States,USD,Person,56,Gael Conner,0,0,0,0,Money Market,2885763097,25
Morse Brokerage House,69B90E590,69B90E920,United States,USD,Person,56,Gael Conner,0,0,0,0,Mutual Fund / ETF,1677803546,0
Morse Brokerage House,69B90E590,69B90E920,United States,USD,Person,56,Gael Conner,0,0,0,0,Mutual Fund / ETF,1677803547,0
Morse Brokerage House,69B90E590,69B90E920,United States,USD,Person,56,Gael Conner,0,0,0,0,Mutual Fund / ETF,1677803548,0
Morse Brokerage House,69B90E590,69B90E920,United States,USD,Person,56,Gael Conner,0,0,0,0,Mutual Fund / ETF,1677803549,0
Morse Brokerage House,69B90E590,69B90E920,United States,USD,Person,56,Gael Conner,0,0,0,0,Mutual Fund / ETF,1677803550,0
Morse Brokerage House,69B90E590,69B90E920,United States,USD,Person,56,Gael Conner,0,0,0,0,Mutual Fund / ETF,1677803551,0
Morse Brokerage House,69B90E590,69B90E920,United States,USD,Person,56,Gael Conner,0,0,0,0,Mutual Fund / ETF,1677803552,0
Morse Brokerage House,69B90E590,69B90E920,United States,USD,Person,56,Gael Conner,0,0,0,0,Mutual Fund / ETF,1677803553,0
Schultz Securities Company,9AA17BFF0,9AA17C380,Germany,USD,Person,56,Gael Conner,0,0,0,0,Mutual Fund / ETF,4227940386,0
United Securities Company,69B8ED8B0,69B8EDC40,United States,USD,Person,56,Gael Conner,0,0,0,0,Mutual Fund / ETF,738279459,0
Morse Brokerage House,69B90E590,69B90E920,United States,USD,Person,56,Gael Conner,0,0,0,0,Money Market,1677803556,25
Abel's Investments,69B7D9760,69B7D9AF0,United States,USD,Person,56,Gael Conner,0,0,0,0,Mutual Fund / ETF,3623960613,0
Schultz Securities Company,9AA17BFF0,9AA17C380,Germany,USD,Person,56,Gael Conner,0,0,0,0,Money Market,4227940390,0
Cash,3CEC88A0,3CEC8BC0,United States,USD,Person,57,Kassidy Yates,0,0,0,0,Cash,0,0
Sexton Federal Credit Union,69AC2C610,69AC2C9A0,United States,USD,Person,57,Kassidy Yates,1,2,0,0,Checking,2214674477,0
Church Savings Bank,697680BF0,697680F80,United States,USD,Person,57,Kassidy Yates,0,0,0,0,Savings,4227940398,25
Sexton Federal Credit Union,69AC2C610,69AC2C9A0,United States,USD,Person,57,Kassidy Yates,0,0,0,0,CD,2214674479,0
Sexton Federal Credit Union,69AC2C610,69AC2C9A0,United States,USD,Person,57,Kassidy Yates,0,0,0,0,CD,2214674480,0
Citi,132878850,134B01020,China,CNY,Person,57,Kassidy Yates,0,0,0,0,CD,335626289,0
Church Savings Bank,697680BF0,697680F80,United States,USD,Person,57,Kassidy Yates,0,0,0,0,CD,4227940402,0
Edward Jones,1328D1D30,136E53C50,United States,USD,Person,57,Kassidy Yates,0,0,0,0,Mutual Fund / ETF,1275150387,0
Church Savings Bank,697680BF0,697680F80,United States,USD,Person,57,Kassidy Yates,0,0,0,0,Money Market,4227940404,0
Citi,132878850,134B01020,China,USD,Person,57,Kassidy Yates,0,0,0,0,Money Market,335626293,0
Edward Jones,1328D1D30,136E53C50,United States,USD,Person,57,Kassidy Yates,0,0,0,0,Mutual Fund / ETF,1275150390,0
Edward Jones,1328D1D30,136E53C50,United States,USD,Person,57,Kassidy Yates,0,0,0,0,Money Market,1275150391,10
Cash,3CEC88A0,3CEC8BC0,United States,USD,Person,58,Christian Short Sr,0,0,0,0,Cash,0,0
Regina's Savings Bank,69886ED10,69886F0A0,United States,USD,Person,58,Christian Short Sr,1,0,0,0,Checking,1140932713,10
Kennedy Sparks Glencoe Thrift,69B3BC7C0,69B3BCB50,United States,USD,Person,58,Christian Short Sr,0,0,0,0,Savings,4026613866,0
Regina's Savings Bank,69886ED10,69886F0A0,United States,USD,Person,58,Christian Short Sr,0,0,0,0,Money Market,1140932715,10
Norris Monkton Stocks and Investing,69B8573D0,69B857760,United States,USD,Person,58,Christian Short Sr,0,0,0,0,Mutual Fund / ETF,4093722732,0
Edward Jones,1328D1D30,136E53C50,United States,USD,Person,58,Christian Short Sr,0,0,0,0,Mutual Fund / ETF,1275150445,0
Norris Monkton Stocks and Investing,69B8573D0,69B857760,United States,USD,Person,58,Christian Short Sr,0,0,0,0,Money Market,4093722734,10
Norris Monkton Stocks and Investing,69B8573D0,69B857760,United States,USD,Person,58,Christian Short Sr,0,0,0,0,Mutual Fund / ETF,4093722735,0
Kennedy Sparks Glencoe Thrift,69B3BC7C0,69B3BCB50,United States,USD,Person,58,Christian Short Sr,0,0,0,0,Money Market,4026613872,10
Cash,3CEC88A0,3CEC8BC0,United States,USD,Person,59,Kaitlyn McBride,0,0,0,0,Cash,0,0
Salas Savings Bank,697ED5D00,697ED6090,United States,USD,Person,59,Kaitlyn McBride,0,0,0,0,Checking,1073823857,250
Wells Fargo,132878510,134A81830,United States,USD,Person,59,Kaitlyn McBride,0,0,0,0,Savings,1140932722,0
Gage's Harrisburg Brokerage,69B850740,69B850AD0,United States,USD,Person,59,Kaitlyn McBride,0,0,0,0,Mutual Fund / ETF,3489742963,0
Salas Savings Bank,697ED5D00,697ED6090,United States,USD,Person,59,Kaitlyn McBride,0,0,0,0,Money Market,1073823860,0
Allison's Stocks and Investing,69B8FD010,69B8FD3A0,United States,USD,Person,59,Kaitlyn McBride,0,0,0,0,Mutual Fund / ETF,67190901,0
Wells Fargo,132878510,134A81830,United States,USD,Person,59,Kaitlyn McBride,0,0,0,0,Money Market,1140932726,50
Gage's Harrisburg Brokerage,69B850740,69B850AD0,United States,USD,Person,59,Kaitlyn McBride,0,0,0,0,Money Market,3489742967,0
Chubb - Life,132872680,13484CE60,United States,USD,Person,59,Kaitlyn McBride,0,0,0,0,Life Insurance,2684436600,0
Cash,3CEC88A0,3CEC8BC0,United States,USD,Person,60,Bill Charles Jr,0,0,0,0,Cash,0,0
Kassidy's Cicero Federal Credit Union,6981BE2D0,6981BE660,United States,USD,Person,60,Bill Charles Jr,1,0,0,0,Checking,3019980942,10
Bank of America Corp.,1328781D0,134A55520,United States,USD,Person,60,Bill Charles Jr,0,0,0,0,Savings,1946239119,0
Deribit,1328D71B0,136E63A60,United States,USD,Person,60,Bill Charles Jr,0,0,0,0,Crypto Currency,1812021392,0
Charles Schwab,1328D16B0,136E51CA0,United States,USD,Person,60,Bill Charles Jr,0,0,0,0,Stock,2885763217,0
Charles Schwab,1328D16B0,136E51CA0,United States,USD,Person,60,Bill Charles Jr,0,0,0,0,Mutual Fund / ETF,2885763218,0
Charles Schwab,1328D16B0,136E51CA0,United States,USD,Person,60,Bill Charles Jr,0,0,0,0,Mutual Fund / ETF,2885763219,0
Kassidy's Cicero Federal Credit Union,6981BE2D0,6981BE660,United States,USD,Person,60,Bill Charles Jr,0,0,0,0,Money Market,3019980948,50
CNO Financial Group,1328D3730,1337CF5F0,United States,USD,Person,60,Bill Charles Jr,0,0,0,0,Mutual Fund / ETF,3422634133,0
CNO Financial Group,1328D3730,1337CF5F0,United States,USD,Person,60,Bill Charles Jr,0,0,0,0,Mutual Fund / ETF,3422634134,0
Charles Schwab,1328D16B0,136E51CA0,United States,USD,Person,60,Bill Charles Jr,0,0,0,0,Mutual Fund / ETF,2885763223,0
CNO Financial Group,1328D3730,1337CF5F0,United States,USD,Person,60,Bill Charles Jr,0,0,0,0,Mutual Fund / ETF,3422634136,0
CNO Financial Group,1328D3730,1337CF5F0,United States,USD,Person,60,Bill Charles Jr,0,0,0,0,Money Market,3422634137,100
Cash,3CEC88A0,3CEC8BC0,United States,USD,Person,61,Katelyn Atkinson,0,0,0,0,Cash,0,0
Antonio's Federal Credit Union,698A109E0,698A10D70,United States,USD,Person,61,Katelyn Atkinson,1,0,0,0,Checking,2013348033,0
Braydon's Eight Mile Bank,6998F47C0,6998F4B50,United States,USD,Person,61,Katelyn Atkinson,0,0,0,0,Savings,4026613954,25
Antonio's Federal Credit Union,698A109E0,698A10D70,United States,USD,Person,61,Katelyn Atkinson,0,0,0,0,Money Market,2013348035,10
T. Rowe Price,1328D5470,136E634C0,United States,USD,Person,61,Katelyn Atkinson,0,0,0,0,Mutual Fund / ETF,469844164,0
T. Rowe Price,1328D5470,136E634C0,United States,USD,Person,61,Katelyn Atkinson,0,0,0,0,Mutual Fund / ETF,469844165,0
Braydon's Eight Mile Bank,6998F47C0,6998F4B50,United States,USD,Person,61,Katelyn Atkinson,0,0,0,0,Money Market,4026613958,50
T. Rowe Price,1328D5470,136E634C0,United States,USD,Person,61,Katelyn Atkinson,0,0,0,0,Mutual Fund / ETF,469844167,0
T. Rowe Price,1328D5470,136E634C0,United States,USD,Person,61,Katelyn Atkinson,0,0,0,0,Money Market,469844168,100
Cash,3CEC88A0,3CEC8BC0,United States,USD,Person,62,Colten Vance,0,0,0,0,Cash,0,0
Citi,132878850,134AFE070,United States,USD,Person,62,Colten Vance,0,0,0,0,Checking,335626460,100
PNC Financial Services,132879210,134B8D5F0,United States,USD,Person,62,Colten Vance,0,0,0,0,Savings,2214674653,25
Citi,132878850,134AFE070,United States,USD,Person,62,Colten Vance,0,0,0,0,Money Market,335626462,0
Dallas's Walnut Creek Brokers,69B7D9BB0,69B7D9F40,United States,USD,Person,62,Colten Vance,0,0,0,0,Stock,3959505119,0
Aminah's Funds,69B97B530,69B97B8C0,United States,USD,Person,62,Colten Vance,0,0,0,0,Stock,1275150560,0
Dallas's Walnut Creek Brokers,69B7D9BB0,69B7D9F40,United States,USD,Person,62,Colten Vance,0,0,0,0,Stock,3959505121,0
Aminah's Funds,69B97B530,69B97B8C0,United States,USD,Person,62,Colten Vance,0,0,0,0,Stock,1275150562,0
Dallas's Walnut Creek Brokers,69B7D9BB0,69B7D9F40,United States,USD,Person,62,Colten Vance,0,0,0,0,Stock,3959505123,0
Aminah's Funds,69B97B530,69B97B8C0,United States,USD,Person,62,Colten Vance,0,0,0,0,Stock,1275150564,0
Cash,3CEC88A0,3CEC8BC0,United States,USD,Person,63,Zayn Savage,0,0,0,0,Cash,0,0
Levy Vineland Bank,698C35C10,698C35FA0,United States,USD,Person,63,Zayn Savage,0,0,0,0,Checking,67191050,50
Bank of New York Mellon,132879550,134BC93E0,United States,USD,Person,63,Zayn Savage,0,0,0,0,Savings,1409368331,25
Levy Vineland Bank,698C35C10,698C35FA0,United States,USD,Person,63,Zayn Savage,0,0,0,0,Money Market,67191052,50
Edward Jones,1328D1D30,136E53C50,United States,USD,Person,63,Zayn Savage,0,0,0,0,Mutual Fund / ETF,1275150605,0
Edward Jones,1328D1D30,136E53C50,United States,USD,Person,63,Zayn Savage,0,0,0,0,Money Market,1275150606,50
Cash,3CEC88A0,3CEC8BC0,United States,USD,Person,64,Myeongji Pae,0,0,0,0,Cash,0,0
May Spring Bank,6980DD7B0,6980DDB40,United States,USD,Person,64,Myeongji Pae,1,0,0,0,Checking,3959505195,100
Citi,132878850,134ACCE40,United States,USD,Person,64,Myeongji Pae,0,0,0,0,Savings,335626540,0
May Spring Bank,6980DD7B0,6980DDB40,United States,USD,Person,64,Myeongji Pae,0,0,0,0,Savings,3959505197,100
Marlowe's Federal Credit Union,69973B850,69973BBE0,United States,USD,Person,64,Myeongji Pae,0,0,0,0,Savings,335626542,0
May Spring Bank,6980DD7B0,6980DDB40,United States,USD,Person,64,Myeongji Pae,0,0,0,0,Money Market,3959505199,50
OKEx.com,1328D64B0,136E637E0,United States,USD,Person,64,Myeongji Pae,0,0,0,0,Crypto Currency,738279728,0
OKEx.com,1328D64B0,136E637E0,United States,USD,Person,64,Myeongji Pae,0,0,0,0,Crypto Currency,738279729,0
Cash,3CEC88A0,3CEC8BC0,United States,USD,Person,65,Miracle Ingram,0,0,0,0,Cash,0,0
Hail Thrift,69B6DEDE0,69B6DF170,United States,USD,Person,65,Miracle Ingram,1,0,0,0,Checking,2013348181,0
Jeffrey's Savings Bank,698FB92D0,698FB9660,United States,USD,Person,65,Miracle Ingram,0,0,0,0,Money Market,3019981142,25
Raymond James Financial,1328D33F0,136E5F370,United States,USD,Person,65,Miracle Ingram,0,0,0,0,Mutual Fund / ETF,4227940695,0
Raymond James Financial,1328D33F0,136E5F370,United States,USD,Person,65,Miracle Ingram,0,0,0,0,Mutual Fund / ETF,4227940696,0
Hail Thrift,69B6DEDE0,69B6DF170,United States,USD,Person,65,Miracle Ingram,0,0,0,0,Money Market,2013348185,0
Edward Jones,1328D1D30,136E53C50,United States,USD,Person,65,Miracle Ingram,0,0,0,0,Mutual Fund / ETF,1275150682,0
Edward Jones,1328D1D30,136E53C50,United States,USD,Person,65,Miracle Ingram,0,0,0,0,Money Market,1275150683,50
Cash,3CEC88A0,3CEC8BC0,United States,USD,Person,66,Jesus Hess,0,0,0,0,Cash,0,0
Sylas's Savings Bank,697F92540,697F928D0,United States,USD,Person,66,Jesus Hess,1,0,0,0,Checking,1342259579,0
Citi,132878850,134AF4670,United States,USD,Person,66,Jesus Hess,0,0,0,0,Savings,335626620,0
Raymond Brokerage House,69B880BF0,69B880F80,United States,USD,Person,66,Jesus Hess,0,0,0,0,Mutual Fund / ETF,4227940733,0
Raymond Brokerage House,69B880BF0,69B880F80,United States,USD,Person,66,Jesus Hess,0,0,0,0,Mutual Fund / ETF,4227940734,0
Raymond Brokerage House,69B880BF0,69B880F80,United States,USD,Person,66,Jesus Hess,0,0,0,0,Mutual Fund / ETF,4227940735,0
Raymond Brokerage House,69B880BF0,69B880F80,United States,USD,Person,66,Jesus Hess,0,0,0,0,Mutual Fund / ETF,4227940736,0
Raymond Brokerage House,69B880BF0,69B880F80,United States,USD,Person,66,Jesus Hess,0,0,0,0,Mutual Fund / ETF,4227940737,0
Raymond Brokerage House,69B880BF0,69B880F80,United States,USD,Person,66,Jesus Hess,0,0,0,0,Mutual Fund / ETF,4227940738,0
Raymond Brokerage House,69B880BF0,69B880F80,United States,USD,Person,66,Jesus Hess,0,0,0,0,Mutual Fund / ETF,4227940739,0
Sylas's Savings Bank,697F92540,697F928D0,United States,USD,Person,66,Jesus Hess,0,0,0,0,Money Market,1342259588,0
Raymond Brokerage House,69B880BF0,69B880F80,United States,USD,Person,66,Jesus Hess,0,0,0,0,Mutual Fund / ETF,4227940741,0
Raymond Brokerage House,69B880BF0,69B880F80,United States,USD,Person,66,Jesus Hess,0,0,0,0,Money Market,4227940742,25
Cash,3CEC88A0,3CEC8BC0,United States,USD,Person,67,Desiree Pruitt,0,0,0,0,Cash,0,0
JPMorgan Chase,132877E90,134A05540,United States,USD,Person,67,Desiree Pruitt,1,1,0,0,Checking,2751545772,0
Snow Minneapolis Bank,698A99110,698A994A0,United States,USD,Person,67,Desiree Pruitt,0,0,0,0,Savings,1140933037,25
Gage's Investments,69B7EE9F0,69B7EED80,United States,USD,Person,67,Desiree Pruitt,0,0,0,0,Mutual Fund / ETF,2080457134,0
Gage's Investments,69B7EE9F0,69B7EED80,United States,USD,Person,67,Desiree Pruitt,0,0,0,0,Mutual Fund / ETF,2080457135,0
Gage's Investments,69B7EE9F0,69B7EED80,United States,USD,Person,67,Desiree Pruitt,0,0,0,0,Mutual Fund / ETF,2080457136,0
JPMorgan Chase,132877E90,134A05540,United States,USD,Person,67,Desiree Pruitt,0,0,0,0,Money Market,2751545777,10
Gage's Investments,69B7EE9F0,69B7EED80,United States,USD,Person,67,Desiree Pruitt,0,0,0,0,Mutual Fund / ETF,2080457138,0
Gage's Investments,69B7EE9F0,69B7EED80,United States,USD,Person,67,Desiree Pruitt,0,0,0,0,Mutual Fund / ETF,2080457139,0
Gage's Investments,69B7EE9F0,69B7EED80,United States,USD,Person,67,Desiree Pruitt,0,0,0,0,Mutual Fund / ETF,2080457140,0
Gage's Investments,69B7EE9F0,69B7EED80,United States,USD,Person,67,Desiree Pruitt,0,0,0,0,Mutual Fund / ETF,2080457141,0
Gage's Investments,69B7EE9F0,69B7EED80,United States,USD,Person,67,Desiree Pruitt,0,0,0,0,Mutual Fund / ETF,2080457142,0
Gage's Investments,69B7EE9F0,69B7EED80,United States,USD,Person,67,Desiree Pruitt,0,0,0,0,Money Market,2080457143,10
Cash,3CEC88A0,3CEC8BC0,United States,USD,Person,68,Jayde Sierra,0,0,0,0,Cash,0,0
Darren's Federal Credit Union,697869FE0,69786A370,United States,USD,Person,68,Jayde Sierra,1,0,0,0,Checking,4160831980,10
Wells Fargo,132878510,134A95D40,United States,USD,Person,68,Jayde Sierra,0,0,0,0,Savings,1140933101,0
Darren's Federal Credit Union,697869FE0,69786A370,United States,USD,Person,68,Jayde Sierra,0,0,0,0,Savings,4160831982,0
Harvey Savings Bank,698FE8E90,698FE9220,United States,USD,Person,68,Jayde Sierra,0,0,0,0,Savings,2751545839,25
Key Bank,132879F10,134C41860,United States,USD,Person,68,Jayde Sierra,0,0,0,0,Savings,3288416752,25
Harvey Savings Bank,698FE8E90,698FE9220,United States,USD,Person,68,Jayde Sierra,0,0,0,0,Money Market,2751545841,0
Goldman Sachs,1328D19F0,133657BB0,United States,USD,Person,68,Jayde Sierra,0,0,0,0,Mutual Fund / ETF,2080457202,0
Raymond James Financial,1328D33F0,136E603A0,United States,USD,Person,68,Jayde Sierra,0,0,0,0,Mutual Fund / ETF,4227940851,0
Raymond James Financial,1328D33F0,136E603A0,United States,USD,Person,68,Jayde Sierra,0,0,0,0,Mutual Fund / ETF,4227940852,0
Key Bank,132879F10,134C41860,United States,USD,Person,68,Jayde Sierra,0,0,0,0,Money Market,3288416757,10
Cash,3CEC88A0,3CEC8BC0,United States,USD,Person,69,Holland Huffman,0,0,0,0,Cash,0,0
Ayaan's Federal Credit Union,6978F0E30,6978F11C0,United States,USD,Person,69,Holland Huffman,1,0,0,0,Checking,2348892668,0
Ayaan's Federal Credit Union,6978F0E30,6978F11C0,United States,USD,Person,69,Holland Huffman,0,0,0,0,Savings,2348892669,0
CNO Financial Group,1328D3730,1337CF5F0,United States,USD,Person,69,Holland Huffman,0,0,0,0,Stock,3422634494,0
CNO Financial Group,1328D3730,1337CF5F0,United States,USD,Person,69,Holland Huffman,0,0,0,0,Mutual Fund / ETF,3422634495,0
CNO Financial Group,1328D3730,1337CF5F0,United States,USD,Person,69,Holland Huffman,0,0,0,0,Mutual Fund / ETF,3422634496,0
CNO Financial Group,1328D3730,1337CF5F0,United States,USD,Person,69,Holland Huffman,0,0,0,0,Mutual Fund / ETF,3422634497,0
Ayaan's Federal Credit Union,6978F0E30,6978F11C0,United States,USD,Person,69,Holland Huffman,0,0,0,0,Money Market,2348892674,25
CNO Financial Group,1328D3730,1337CF5F0,United States,USD,Person,69,Holland Huffman,0,0,0,0,Mutual Fund / ETF,3422634499,0
CNO Financial Group,1328D3730,1337CF5F0,United States,USD,Person,69,Holland Huffman,0,0,0,0,Money Market,3422634500,10
Cash,3CEC88A0,3CEC8BC0,United States,USD,Person,70,Emberly Parra,0,0,0,0,Cash,0,0
JPMorgan Chase,132877E90,134A195F0,United States,USD,Person,70,Emberly Parra,1,0,0,0,Checking,2751545866,50
JPMorgan Chase,132877E90,134A195F0,United States,USD,Person,70,Emberly Parra,0,0,0,0,Savings,2751545867,0
JPMorgan Chase,132877E90,134A195F0,United States,USD,Person,70,Emberly Parra,0,0,0,0,Savings,2751545868,50
JPMorgan Chase,132877E90,134A195F0,United States,USD,Person,70,Emberly Parra,0,0,0,0,Money Market,2751545869,0
OKEx.com,1328D64B0,136E637E0,United States,USD,Person,70,Emberly Parra,0,0,0,0,Crypto Currency,738279950,0
OKEx.com,1328D64B0,136E637E0,United States,USD,Person,70,Emberly Parra,0,0,0,0,Crypto Currency,738279951,0
OKEx.com,1328D64B0,136E637E0,United States,USD,Person,70,Emberly Parra,0,0,0,0,Crypto Currency,738279952,0
OKEx.com,1328D64B0,136E637E0,United States,USD,Person,70,Emberly Parra,0,0,0,0,Crypto Currency,738279953,0
Kellen's Investments,69B8855F0,69B885980,United States,USD,Person,70,Emberly Parra,0,0,0,0,Mutual Fund / ETF,2080457234,0
Kellen's Investments,69B8855F0,69B885980,United States,USD,Person,70,Emberly Parra,0,0,0,0,Mutual Fund / ETF,2080457235,0
Kellen's Investments,69B8855F0,69B885980,United States,USD,Person,70,Emberly Parra,0,0,0,0,Mutual Fund / ETF,2080457236,0
Kellen's Investments,69B8855F0,69B885980,United States,USD,Person,70,Emberly Parra,0,0,0,0,Mutual Fund / ETF,2080457237,0
Interactive Brokers,1328D2D70,136E5F270,United States,USD,Person,70,Emberly Parra,0,0,0,0,Mutual Fund / ETF,1543586326,0
Kellen's Investments,69B8855F0,69B885980,United States,USD,Person,70,Emberly Parra,0,0,0,0,Mutual Fund / ETF,2080457239,0
Kellen's Investments,69B8855F0,69B885980,United States,USD,Person,70,Emberly Parra,0,0,0,0,Mutual Fund / ETF,2080457240,0
Kellen's Investments,69B8855F0,69B885980,United States,USD,Person,70,Emberly Parra,0,0,0,0,Mutual Fund / ETF,2080457241,0
Alyssa's Brokerage House,9CBDA5E00,9CBDA6190,Vatican City,USD,Person,70,Emberly Parra,0,0,0,0,Mutual Fund / ETF,2147566106,0
Kellen's Investments,69B8855F0,69B885980,United States,USD,Person,70,Emberly Parra,0,0,0,0,Mutual Fund / ETF,2080457243,0
Kellen's Investments,69B8855F0,69B885980,United States,USD,Person,70,Emberly Parra,0,0,0,0,Mutual Fund / ETF,2080457244,0
Kellen's Investments,69B8855F0,69B885980,United States,USD,Person,70,Emberly Parra,0,0,0,0,Mutual Fund / ETF,2080457245,0
Kellen's Investments,69B8855F0,69B885980,United States,USD,Person,70,Emberly Parra,0,0,0,0,Mutual Fund / ETF,2080457246,0
Kellen's Investments,69B8855F0,69B885980,United States,USD,Person,70,Emberly Parra,0,0,0,0,Mutual Fund / ETF,2080457247,0
Grady's Brokerage House,9AF856D00,9AF857090,Italy,USD,Person,70,Emberly Parra,0,0,0,0,Mutual Fund / ETF,1073824288,0
Kellen's Investments,69B8855F0,69B885980,United States,USD,Person,70,Emberly Parra,0,0,0,0,Mutual Fund / ETF,2080457249,0
Kellen's Investments,69B8855F0,69B885980,United States,USD,Person,70,Emberly Parra,0,0,0,0,Mutual Fund / ETF,2080457250,0
Kellen's Investments,69B8855F0,69B885980,United States,USD,Person,70,Emberly Parra,0,0,0,0,Mutual Fund / ETF,2080457251,0
Kellen's Investments,69B8855F0,69B885980,United States,USD,Person,70,Emberly Parra,0,0,0,0,Money Market,2080457252,0
Kellen's Investments,69B8855F0,69B885980,United States,USD,Person,70,Emberly Parra,0,0,0,0,Mutual Fund / ETF,2080457253,0
Kellen's Investments,69B8855F0,69B885980,United States,USD,Person,70,Emberly Parra,0,0,0,0,Mutual Fund / ETF,2080457254,0
Kellen's Investments,69B8855F0,69B885980,United States,USD,Person,70,Emberly Parra,0,0,0,0,Mutual Fund / ETF,2080457255,0
Kellen's Investments,69B8855F0,69B885980,United States,USD,Person,70,Emberly Parra,0,0,0,0,Mutual Fund / ETF,2080457256,0
Kellen's Investments,69B8855F0,69B885980,United States,USD,Person,70,Emberly Parra,0,0,0,0,Mutual Fund / ETF,2080457257,0
Kellen's Investments,69B8855F0,69B885980,United States,USD,Person,70,Emberly Parra,0,0,0,0,Mutual Fund / ETF,2080457258,0
OKEx.com,1328D64B0,136E637E0,United States,USD,Person,70,Emberly Parra,0,0,0,0,Money Market,738279979,25
TIAA,1328736C0,134941A60,United States,USD,Person,70,Emberly Parra,0,0,0,0,Life Insurance,2952872492,0
Cash,3CEC88A0,3CEC8BC0,United States,USD,Person,71,Malik Garner Jr,0,0,0,0,Cash,0,0
Kalel's Savings Bank,6982B9DE0,6982BA170,United States,USD,Person,71,Malik Garner Jr,1,0,0,0,Checking,2013348416,50
Mathew's Savings Bank,696F482F0,696F48680,United States,USD,Person,71,Malik Garner Jr,0,0,0,0,Savings,3154199105,25
Merrill Lynch,1328D23B0,136E5C6B0,United States,USD,Person,71,Malik Garner Jr,0,0,0,0,Stock,3959505474,0
Merrill Lynch,1328D23B0,136E5C6B0,United States,USD,Person,71,Malik Garner Jr,0,0,0,0,Mutual Fund / ETF,3959505475,0
Kalel's Savings Bank,6982B9DE0,6982BA170,United States,USD,Person,71,Malik Garner Jr,0,0,0,0,Money Market,2013348420,0
Cash,3CEC88A0,3CEC8BC0,United States,USD,Person,72,Kaylin Hobbs,0,0,0,0,Cash,0,0
Bank of America Corp.,1328781D0,134A35A10,United States,USD,Person,72,Kaylin Hobbs,0,0,0,0,Checking,1946239613,0
United Federal Credit Union,69B022300,69B022690,United States,USD,Person,72,Kaylin Hobbs,0,0,0,0,Checking,3221308030,100
Emily's Anderson Island Federal Credit Union,6989FA590,6989FA920,United States,USD,Person,72,Kaylin Hobbs,0,0,0,0,Checking,1677804159,100
Bank of America Corp.,1328781D0,134A35A10,United States,USD,Person,72,Kaylin Hobbs,0,0,0,0,Savings,1946239616,50
Bank of America Corp.,1328781D0,134A35A10,United States,USD,Person,72,Kaylin Hobbs,0,0,0,0,Money Market,1946239617,10
Brooklyn's Securities Company,69B8EF720,69B8EFAB0,United States,USD,Person,72,Kaylin Hobbs,0,0,0,0,Mutual Fund / ETF,3355525762,0
Charles Schwab,1328D16B0,136E50180,United States,USD,Person,72,Kaylin Hobbs,0,0,0,0,Stock,2885763715,0
Charles Schwab,1328D16B0,136E50180,United States,USD,Person,72,Kaylin Hobbs,0,0,0,0,Stock,2885763716,0
Brooklyn's Securities Company,69B8EF720,69B8EFAB0,United States,USD,Person,72,Kaylin Hobbs,0,0,0,0,Stock,3355525765,0
PIMCO,1328D4770,136E632A0,United States,USD,Person,72,Kaylin Hobbs,0,0,0,0,Stock,3691070086,0
Synchrony Financial,1328D30B0,136E5F2F0,United States,USD,Person,72,Kaylin Hobbs,0,0,0,0,Stock,738280071,0
CNO Financial Group,1328D3730,1337CF5F0,United States,USD,Person,72,Kaylin Hobbs,0,0,0,0,Stock,3422634632,0
Charles Schwab,1328D16B0,136E50180,United States,USD,Person,72,Kaylin Hobbs,0,0,0,0,Stock,2885763721,0
Brooklyn's Securities Company,69B8EF720,69B8EFAB0,United States,USD,Person,72,Kaylin Hobbs,0,0,0,0,Stock,3355525770,0
Voya Financial,1328D2A30,136E5F1F0,United States,USD,Person,72,Kaylin Hobbs,0,0,0,0,Stock,2348892811,0
Vanguard Investments,1328D3DB0,1337CF6F0,United States,USD,Person,72,Kaylin Hobbs,0,0,0,0,Stock,1812021900,0
Vanguard Investments,1328D3DB0,1337CF6F0,United States,USD,Person,72,Kaylin Hobbs,0,0,0,0,Stock,1812021901,0
Brooklyn's Securities Company,69B8EF720,69B8EFAB0,United States,USD,Person,72,Kaylin Hobbs,0,0,0,0,Stock,3355525774,0
Brooklyn's Securities Company,69B8EF720,69B8EFAB0,United States,USD,Person,72,Kaylin Hobbs,0,0,0,0,Stock,3355525775,0
Charles Schwab,1328D16B0,136E50180,United States,USD,Person,72,Kaylin Hobbs,0,0,0,0,Stock,2885763728,0
Charles Schwab,1328D16B0,136E50180,United States,USD,Person,72,Kaylin Hobbs,0,0,0,0,Stock,2885763729,0
Charles Schwab,1328D16B0,136E50180,United States,USD,Person,72,Kaylin Hobbs,0,0,0,0,Stock,2885763730,0
Charles Schwab,1328D16B0,136E50180,United States,USD,Person,72,Kaylin Hobbs,0,0,0,0,Stock,2885763731,0
Brooklyn's Securities Company,69B8EF720,69B8EFAB0,United States,USD,Person,72,Kaylin Hobbs,0,0,0,0,Stock,3355525780,0
Brooklyn's Securities Company,69B8EF720,69B8EFAB0,United States,USD,Person,72,Kaylin Hobbs,0,0,0,0,Stock,3355525781,0
CNO Financial Group,1328D3730,1337CF5F0,United States,USD,Person,72,Kaylin Hobbs,0,0,0,0,Mutual Fund / ETF,3422634646,0
Voya Financial,1328D2A30,136E5F1F0,United States,USD,Person,72,Kaylin Hobbs,0,0,0,0,Mutual Fund / ETF,2348892823,0
Brooklyn's Securities Company,69B8EF720,69B8EFAB0,United States,USD,Person,72,Kaylin Hobbs,0,0,0,0,Mutual Fund / ETF,3355525784,0
Brooklyn's Securities Company,69B8EF720,69B8EFAB0,United States,USD,Person,72,Kaylin Hobbs,0,0,0,0,Mutual Fund / ETF,3355525785,0
Brooklyn's Securities Company,69B8EF720,69B8EFAB0,United States,USD,Person,72,Kaylin Hobbs,0,0,0,0,Mutual Fund / ETF,3355525786,0
Brooklyn's Securities Company,69B8EF720,69B8EFAB0,United States,USD,Person,72,Kaylin Hobbs,0,0,0,0,Mutual Fund / ETF,3355525787,0
Vanguard Investments,1328D3DB0,1337CF6F0,United States,USD,Person,72,Kaylin Hobbs,0,0,0,0,Mutual Fund / ETF,1812021916,0
Charles Schwab,1328D16B0,136E50180,United States,USD,Person,72,Kaylin Hobbs,0,0,0,0,Money Market,2885763741,0
PIMCO,1328D4770,136E632A0,United States,USD,Person,72,Kaylin Hobbs,0,0,0,0,Mutual Fund / ETF,3691070110,0
PIMCO,1328D4770,136E632A0,United States,USD,Person,72,Kaylin Hobbs,0,0,0,0,Mutual Fund / ETF,3691070111,0
PIMCO,1328D4770,136E632A0,United States,USD,Person,72,Kaylin Hobbs,0,0,0,0,Mutual Fund / ETF,3691070112,0
Vanguard Investments,1328D3DB0,1337CF6F0,United States,USD,Person,72,Kaylin Hobbs,0,0,0,0,Mutual Fund / ETF,1812021921,0
Vanguard Investments,1328D3DB0,1337CF6F0,United States,USD,Person,72,Kaylin Hobbs,0,0,0,0,Money Market,1812021922,50
USAA - Life,132871300,13476B500,United States,USD,Person,72,Kaylin Hobbs,0,0,0,0,Life Insurance,3221308067,0
USAA - Life,132871300,13476B500,United States,USD,Person,72,Kaylin Hobbs,0,0,0,0,Life Insurance,3221308068,0
Cash,3CEC88A0,3CEC8BC0,United States,USD,Person,73,Aspen Barry,0,0,0,0,Cash,0,0
Knox's Federal Credit Union,697E0E910,697E0ECA0,United States,USD,Person,73,Aspen Barry,1,0,0,0,Checking,1140933317,100
Knox's Federal Credit Union,697E0E910,697E0ECA0,United States,USD,Person,73,Aspen Barry,0,0,0,0,Savings,1140933318,250
Ameriprise Financial,1328D26F0,136E5F170,United States,USD,Person,73,Aspen Barry,0,0,0,0,Mutual Fund / ETF,3154199239,0
Knox's Federal Credit Union,697E0E910,697E0ECA0,United States,USD,Person,73,Aspen Barry,0,0,0,0,Money Market,1140933320,10
American Funds,1328D4430,136E63220,United States,USD,Person,73,Aspen Barry,0,0,0,0,Mutual Fund / ETF,201409225,0
American Funds,1328D4430,136E63220,United States,USD,Person,73,Aspen Barry,0,0,0,0,Money Market,201409226,25
Cash,3CEC88A0,3CEC8BC0,United States,USD,Person,74,Helena Nolan,0,0,0,0,Cash,0,0
Key Bank,132879F10,134C43EE0,United States,USD,Person,74,Helena Nolan,1,208,0,0,Checking,3288416971,10
Richardson Bank,698CA2680,698CA2A10,United States,USD,Person,74,Helena Nolan,0,0,0,0,Savings,2684437196,10
Alexis's Stocks and Investing,69B976740,69B976AD0,United States,USD,Person,74,Helena Nolan,0,0,0,0,Mutual Fund / ETF,3489743565,0
Key Bank,132879F10,134C43EE0,United States,USD,Person,74,Helena Nolan,0,0,0,0,Money Market,3288416974,50
Chubb - Life,132872680,1348564E0,United States,USD,Person,74,Helena Nolan,0,0,0,0,Life Insurance,2684437199,0
Cash,3CEC88A0,3CEC8BC0,United States,USD,Person,75,Maxton L. Moody,0,0,0,0,Cash,0,0
Rashad's Rancho Mirage Savings Bank,697030EF0,697031280,United States,USD,Person,75,Maxton L. Moody,1,0,0,0,Checking,3154199270,50
JPMorgan Chase,132877E90,134A16250,United States,USD,Person,75,Maxton L. Moody,0,0,0,0,Savings,2751546087,0
Rashad's Rancho Mirage Savings Bank,697030EF0,697031280,United States,USD,Person,75,Maxton L. Moody,0,0,0,0,Savings,3154199272,10
Rashad's Rancho Mirage Savings Bank,697030EF0,697031280,United States,USD,Person,75,Maxton L. Moody,0,0,0,0,Money Market,3154199273,50
Raymond James Financial,1328D33F0,136E619F0,United States,USD,Person,75,Maxton L. Moody,0,0,0,0,Mutual Fund / ETF,4227941098,0
JPMorgan Chase,132877E90,134A16250,United States,USD,Person,75,Maxton L. Moody,0,0,0,0,Money Market,2751546091,100
CNO Financial Group,1328D3730,1337CF5F0,United States,USD,Person,75,Maxton L. Moody,0,0,0,0,Mutual Fund / ETF,3422634732,0
CNO Financial Group,1328D3730,1337CF5F0,United States,USD,Person,75,Maxton L. Moody,0,0,0,0,Money Market,3422634733,100
State Farm - Life,132870C80,1346C86B0,United States,USD,Person,75,Maxton L. Moody,0,0,0,0,Life Insurance,536953582,0
Cash,3CEC88A0,3CEC8BC0,United States,USD,Person,76,Shaun Hoover,0,0,0,0,Cash,0,0
Bank of New York Mellon,132879550,134BC82D0,United States,USD,Person,76,Shaun Hoover,1,0,0,0,Checking,1409368819,100
Reese's Federal Credit Union,697662A80,697662E10,United States,USD,Person,76,Shaun Hoover,0,0,0,0,Savings,2684437236,10
Morgan Stanley,1328D2070,136E57910,United States,USD,Person,76,Shaun Hoover,0,0,0,0,Money Market,469844725,10
CNO Financial Group,1328D3730,1337CF5F0,United States,USD,Person,76,Shaun Hoover,0,0,0,0,Mutual Fund / ETF,3422634742,0
Bank of New York Mellon,132879550,134BC82D0,United States,USD,Person,76,Shaun Hoover,0,0,0,0,Money Market,1409368823,0
Cash,3CEC88A0,3CEC8BC0,United States,USD,Person,77,Shaquille Hunter,0,0,0,0,Cash,0,0
Waters Bank,6982CC100,6982CC490,United States,USD,Person,77,Shaquille Hunter,1,64,0,0,Checking,1073824514,10
Bryan's Investing,69B82FB40,69B82FED0,United States,USD,Person,77,Shaquille Hunter,0,0,0,0,Money Market,3489743619,50
Escobar Partners,69B977000,69B977390,United States,USD,Person,77,Shaquille Hunter,0,0,0,0,Mutual Fund / ETF,82692,0
Kimber's Brokerage,69B772F00,69B773290,United States,USD,Person,77,Shaquille Hunter,0,0,0,0,Mutual Fund / ETF,3221308165,0
Kimber's Brokerage,69B772F00,69B773290,United States,USD,Person,77,Shaquille Hunter,0,0,0,0,Money Market,3221308166,50
Cash,3CEC88A0,3CEC8BC0,United States,USD,Person,78,Shelby Bautista,0,0,0,0,Cash,0,0
Cash,3CEC88A0,3CEC8BC0,United States,USD,Person,79,Casen Morrison,0,0,0,0,Cash,0,0
JPMorgan Chase,132877E90,134A11A90,United States,USD,Person,79,Casen Morrison,1,0,0,0,Checking,2751546154,10
JPMorgan Chase,132877E90,134A11A90,United States,USD,Person,79,Casen Morrison,0,0,0,0,Savings,2751546155,25
Francis's Brokers,69B837370,69B837700,United States,USD,Person,79,Casen Morrison,0,0,0,0,Stock,3691070252,0
Francis's Brokers,69B837370,69B837700,United States,USD,Person,79,Casen Morrison,0,0,0,0,Stock,3691070253,0
Interactive Brokers,1328D2D70,136E5F270,United States,USD,Person,79,Casen Morrison,0,0,0,0,Stock,1543586606,0
Interactive Brokers,1328D2D70,136E5F270,United States,USD,Person,79,Casen Morrison,0,0,0,0,Stock,1543586607,0
Interactive Brokers,1328D2D70,136E5F270,United States,USD,Person,79,Casen Morrison,0,0,0,0,Mutual Fund / ETF,1543586608,0
Francis's Brokers,69B837370,69B837700,United States,USD,Person,79,Casen Morrison,0,0,0,0,Mutual Fund / ETF,3691070257,0
JPMorgan Chase,132877E90,134A11A90,United States,USD,Person,79,Casen Morrison,0,0,0,0,Money Market,2751546162,0
Cash,3CEC88A0,3CEC8BC0,United States,USD,Person,80,Tamiya Edwards,0,0,0,0,Cash,0,0
Citi,132878850,134AEF7B0,United States,USD,Person,80,Tamiya Edwards,1,0,0,0,Checking,335627079,25
Hancock Federal Credit Union,697E70870,697E70C00,United States,USD,Person,80,Tamiya Edwards,0,0,0,0,Savings,469844808,50
Citi,132878850,134AEF7B0,United States,USD,Person,80,Tamiya Edwards,0,0,0,0,Money Market,335627081,50
Hancock Federal Credit Union,697E70870,697E70C00,United States,USD,Person,80,Tamiya Edwards,0,0,0,0,Money Market,469844810,50
PIMCO,1328D4770,136E632A0,United States,USD,Person,80,Tamiya Edwards,0,0,0,0,Mutual Fund / ETF,3691070283,0
CNO Financial Group,1328D3730,1337CF5F0,United States,USD,Person,80,Tamiya Edwards,0,0,0,0,Mutual Fund / ETF,3422634828,0
Fidelity Investments,1328D40F0,136E631A0,United States,USD,Person,80,Tamiya Edwards,0,0,0,0,Mutual Fund / ETF,1006715725,0
Fidelity Investments,1328D40F0,136E631A0,United States,USD,Person,80,Tamiya Edwards,0,0,0,0,Mutual Fund / ETF,1006715726,0
PIMCO,1328D4770,136E632A0,United States,USD,Person,80,Tamiya Edwards,0,0,0,0,Mutual Fund / ETF,3691070287,0
CNO Financial Group,1328D3730,1337CF5F0,United States,USD,Person,80,Tamiya Edwards,0,0,0,0,Money Market,3422634832,0
Cash,3CEC88A0,3CEC8BC0,United States,USD,Person,81,Abigail Marin,0,0,0,0,Cash,0,0
Remy's Savings Bank,6989D9C80,6989DA010,United States,USD,Person,81,Abigail Marin,1,0,0,0,Checking,536953688,25
Gavin's Bank,69A1B7160,69A1B74F0,United States,USD,Person,81,Abigail Marin,0,0,0,0,Savings,1476477785,50
Arnold Investing,9CAAC00D0,9CAAC0460,United Kingdom,USD,Person,81,Abigail Marin,0,0,0,0,Mutual Fund / ETF,872498010,0
Charles Schwab,1328D16B0,136E521E0,United States,USD,Person,81,Abigail Marin,0,0,0,0,Mutual Fund / ETF,2885763931,0
Charles Schwab,1328D16B0,136E521E0,United States,USD,Person,81,Abigail Marin,0,0,0,0,Mutual Fund / ETF,2885763932,0
Remy's Savings Bank,6989D9C80,6989DA010,United States,USD,Person,81,Abigail Marin,0,0,0,0,Money Market,536953693,50
Charles Schwab,1328D16B0,136E521E0,United States,USD,Person,81,Abigail Marin,0,0,0,0,Mutual Fund / ETF,2885763934,0
Wellington Management,1328D4DF0,136E633A0,United States,USD,Person,81,Abigail Marin,0,0,0,0,Mutual Fund / ETF,2080457567,0
Charles Schwab,1328D16B0,136E521E0,United States,USD,Person,81,Abigail Marin,0,0,0,0,Money Market,2885763936,25
Cash,3CEC88A0,3CEC8BC0,United States,USD,Person,82,Axel Lane,0,0,0,0,Cash,0,0
Beatrice's Federal Credit Union,6976932D0,697693660,United States,USD,Person,82,Axel Lane,1,0,0,0,Checking,3019981688,0
George's Naugatuck Bank,699029C40,699029FD0,United States,USD,Person,82,Axel Lane,0,0,0,0,Savings,268518265,25
George's Naugatuck Bank,699029C40,699029FD0,United States,USD,Person,82,Axel Lane,0,0,0,0,CD,268518266,0
Wolfe Investments,69B873770,69B873B00,United States,USD,Person,82,Axel Lane,0,0,0,0,Mutual Fund / ETF,3691070331,0
Wolfe Investments,69B873770,69B873B00,United States,USD,Person,82,Axel Lane,0,0,0,0,Mutual Fund / ETF,3691070332,0
Wolfe Investments,69B873770,69B873B00,United States,USD,Person,82,Axel Lane,0,0,0,0,Mutual Fund / ETF,3691070333,0
George's Naugatuck Bank,699029C40,699029FD0,United States,USD,Person,82,Axel Lane,0,0,0,0,Money Market,268518270,0
Wolfe Investments,69B873770,69B873B00,United States,USD,Person,82,Axel Lane,0,0,0,0,Money Market,3691070335,50
Wolfe Investments,69B873770,69B873B00,United States,USD,Person,82,Axel Lane,0,0,0,0,Mutual Fund / ETF,3691070336,0
Wolfe Investments,69B873770,69B873B00,United States,USD,Person,82,Axel Lane,0,0,0,0,Mutual Fund / ETF,3691070337,0
Wolfe Investments,69B873770,69B873B00,United States,USD,Person,82,Axel Lane,0,0,0,0,Mutual Fund / ETF,3691070338,0
Beatrice's Federal Credit Union,6976932D0,697693660,United States,USD,Person,82,Axel Lane,0,0,0,0,Money Market,3019981699,10
Cash,3CEC88A0,3CEC8BC0,United States,USD,Person,83,Tevin Macias,0,0,0,0,Cash,0,0
Wells Fargo,132878510,134A84310,United States,USD,Person,83,Tevin Macias,1,207,0,0,Checking,1140933522,25
Dillon's Savings Bank,6998F2DC0,6998F3150,United States,USD,Person,83,Tevin Macias,0,0,0,0,Savings,1879131027,0
Sophie's Stocks and Investing,69B943B90,69B943F20,United States,USD,Person,83,Tevin Macias,0,0,0,0,Mutual Fund / ETF,3825288084,0
Sophie's Stocks and Investing,69B943B90,69B943F20,United States,USD,Person,83,Tevin Macias,0,0,0,0,Mutual Fund / ETF,3825288085,0
Sophie's Stocks and Investing,69B943B90,69B943F20,United States,USD,Person,83,Tevin Macias,0,0,0,0,Mutual Fund / ETF,3825288086,0
Sophie's Stocks and Investing,69B943B90,69B943F20,United States,USD,Person,83,Tevin Macias,0,0,0,0,Mutual Fund / ETF,3825288087,0
Sophie's Stocks and Investing,69B943B90,69B943F20,United States,USD,Person,83,Tevin Macias,0,0,0,0,Mutual Fund / ETF,3825288088,0
Sophie's Stocks and Investing,69B943B90,69B943F20,United States,USD,Person,83,Tevin Macias,0,0,0,0,Stock,3825288089,0
Sophie's Stocks and Investing,69B943B90,69B943F20,United States,USD,Person,83,Tevin Macias,0,0,0,0,Stock,3825288090,0
Sophie's Stocks and Investing,69B943B90,69B943F20,United States,USD,Person,83,Tevin Macias,0,0,0,0,Stock,3825288091,0
Sophie's Stocks and Investing,69B943B90,69B943F20,United States,USD,Person,83,Tevin Macias,0,0,0,0,Stock,3825288092,0
Sophie's Stocks and Investing,69B943B90,69B943F20,United States,USD,Person,83,Tevin Macias,0,0,0,0,Stock,3825288093,0
Sophie's Stocks and Investing,69B943B90,69B943F20,United States,USD,Person,83,Tevin Macias,0,0,0,0,Stock,3825288094,0
Sophie's Stocks and Investing,69B943B90,69B943F20,United States,USD,Person,83,Tevin Macias,0,0,0,0,Stock,3825288095,0
Sophie's Stocks and Investing,69B943B90,69B943F20,United States,USD,Person,83,Tevin Macias,0,0,0,0,Mutual Fund / ETF,3825288096,0
Goldman Sachs,1328D19F0,133657BB0,United States,USD,Person,83,Tevin Macias,0,0,0,0,Mutual Fund / ETF,2080457633,0
Sophie's Stocks and Investing,69B943B90,69B943F20,United States,USD,Person,83,Tevin Macias,0,0,0,0,Mutual Fund / ETF,3825288098,0
Wells Fargo,132878510,134A84310,United States,USD,Person,83,Tevin Macias,0,0,0,0,Money Market,1140933539,50
Sophie's Stocks and Investing,69B943B90,69B943F20,United States,USD,Person,83,Tevin Macias,0,0,0,0,Mutual Fund / ETF,3825288100,0
Sophie's Stocks and Investing,69B943B90,69B943F20,United States,USD,Person,83,Tevin Macias,0,0,0,0,Mutual Fund / ETF,3825288101,0
Sophie's Stocks and Investing,69B943B90,69B943F20,United States,USD,Person,83,Tevin Macias,0,0,0,0,Mutual Fund / ETF,3825288102,0
Sophie's Stocks and Investing,69B943B90,69B943F20,United States,USD,Person,83,Tevin Macias,0,0,0,0,Mutual Fund / ETF,3825288103,0
Sophie's Stocks and Investing,69B943B90,69B943F20,United States,USD,Person,83,Tevin Macias,0,0,0,0,Money Market,3825288104,25
TIAA,1328736C0,1348F79A0,United States,USD,Person,83,Tevin Macias,0,0,0,0,Life Insurance,2952872873,0
Cash,3CEC88A0,3CEC8BC0,United States,USD,Person,84,Jared Trejo,0,0,0,0,Cash,0,0
Fowler Savings Bank,697717890,697717C20,United States,USD,Person,84,Jared Trejo,1,207,0,0,Checking,604062634,0
Fowler Savings Bank,697717890,697717C20,United States,USD,Person,84,Jared Trejo,0,0,0,0,Savings,604062635,100
Invesco,1328D4AB0,136E63320,United States,USD,Person,84,Jared Trejo,0,0,0,0,Mutual Fund / ETF,2885764012,0
Wellington Management,1328D4DF0,136E633A0,United States,USD,Person,84,Jared Trejo,0,0,0,0,Mutual Fund / ETF,2080457645,0
Fowler Savings Bank,697717890,697717C20,United States,USD,Person,84,Jared Trejo,0,0,0,0,Money Market,604062638,0
Wellington Management,1328D4DF0,136E633A0,United States,USD,Person,84,Jared Trejo,0,0,0,0,Mutual Fund / ETF,2080457647,0
Wellington Management,1328D4DF0,136E633A0,United States,USD,Person,84,Jared Trejo,0,0,0,0,Mutual Fund / ETF,2080457648,0
Wellington Management,1328D4DF0,136E633A0,United States,USD,Person,84,Jared Trejo,0,0,0,0,Money Market,2080457649,100
Cash,3CEC88A0,3CEC8BC0,United States,USD,Person,85,Myla Melendez,0,0,0,0,Cash,0,0
Blakely's Seabrook Federal Credit Union,699E7D830,699E7DBC0,United States,USD,Person,85,Myla Melendez,1,1,0,0,Checking,201409480,100
Valentina's Savings Bank,698761FC0,698762350,United States,USD,Person,85,Myla Melendez,0,0,0,0,Savings,4026614729,10
Blakely's Seabrook Federal Credit Union,699E7D830,699E7DBC0,United States,USD,Person,85,Myla Melendez,0,0,0,0,Money Market,201409482,50
Cash,3CEC88A0,3CEC8BC0,United States,USD,Person,86,Terry Gentry,0,0,0,0,Cash,0,0
Kora's Hugo Thrift,69A27C480,69A27C810,United States,USD,Person,86,Terry Gentry,1,0,0,0,Checking,536953822,25
Payne Federal Credit Union,69880E400,69880E790,United States,USD,Person,86,Terry Gentry,0,0,0,0,Savings,82911,0
Kora's Hugo Thrift,69A27C480,69A27C810,United States,USD,Person,86,Terry Gentry,0,0,0,0,Savings,536953824,0
Payne Federal Credit Union,69880E400,69880E790,United States,USD,Person,86,Terry Gentry,0,0,0,0,Money Market,82913,25
T. Rowe Price,1328D5470,136E634C0,United States,USD,Person,86,Terry Gentry,0,0,0,0,Stock,469844962,0
T. Rowe Price,1328D5470,136E634C0,United States,USD,Person,86,Terry Gentry,0,0,0,0,Stock,469844963,0
T. Rowe Price,1328D5470,136E634C0,United States,USD,Person,86,Terry Gentry,0,0,0,0,Stock,469844964,0
Edward Jones,1328D1D30,136E53C50,United States,USD,Person,86,Terry Gentry,0,0,0,0,Stock,1275151333,0
T. Rowe Price,1328D5470,136E634C0,United States,USD,Person,86,Terry Gentry,0,0,0,0,Stock,469844966,0
T. Rowe Price,1328D5470,136E634C0,United States,USD,Person,86,Terry Gentry,0,0,0,0,Stock,469844967,0
T. Rowe Price,1328D5470,136E634C0,United States,USD,Person,86,Terry Gentry,0,0,0,0,Stock,469844968,0
T. Rowe Price,1328D5470,136E634C0,United States,USD,Person,86,Terry Gentry,0,0,0,0,Stock,469844969,0
T. Rowe Price,1328D5470,136E634C0,United States,USD,Person,86,Terry Gentry,0,0,0,0,Stock,469844970,0
T. Rowe Price,1328D5470,136E634C0,United States,USD,Person,86,Terry Gentry,0,0,0,0,Stock,469844971,0
T. Rowe Price,1328D5470,136E634C0,United States,USD,Person,86,Terry Gentry,0,0,0,0,Stock,469844972,0
T. Rowe Price,1328D5470,136E634C0,United States,USD,Person,86,Terry Gentry,0,0,0,0,Stock,469844973,0
T. Rowe Price,1328D5470,136E634C0,United States,USD,Person,86,Terry Gentry,0,0,0,0,Stock,469844974,0
Micah's Investments,9AFFE3820,9AFFE3BB0,Japan,JPY,Person,86,Terry Gentry,0,0,0,0,Stock,134300655,0
Wellington Management,1328D4DF0,136E633A0,United States,USD,Person,86,Terry Gentry,0,0,0,0,Stock,2080457712,0
T. Rowe Price,1328D5470,136E634C0,United States,USD,Person,86,Terry Gentry,0,0,0,0,Mutual Fund / ETF,469844977,0
Franklin Resources,1328D5130,136E63420,United States,USD,Person,86,Terry Gentry,0,0,0,0,Mutual Fund / ETF,1275151346,0
T. Rowe Price,1328D5470,136E634C0,United States,USD,Person,86,Terry Gentry,0,0,0,0,Mutual Fund / ETF,469844979,0
Merrill Lynch,1328D23B0,136E5B610,United States,USD,Person,86,Terry Gentry,0,0,0,0,Mutual Fund / ETF,3959505908,0
Wellington Management,1328D4DF0,136E633A0,United States,USD,Person,86,Terry Gentry,0,0,0,0,Mutual Fund / ETF,2080457717,0
Interactive Brokers,1328D2D70,136E5F270,United States,USD,Person,86,Terry Gentry,0,0,0,0,Mutual Fund / ETF,1543586806,0
Edward Jones,1328D1D30,136E53C50,United States,USD,Person,86,Terry Gentry,0,0,0,0,Mutual Fund / ETF,1275151351,0
Interactive Brokers,1328D2D70,136E5F270,United States,USD,Person,86,Terry Gentry,0,0,0,0,Mutual Fund / ETF,1543586808,0
Kora's Hugo Thrift,69A27C480,69A27C810,United States,USD,Person,86,Terry Gentry,0,0,0,0,Money Market,536953849,25
T. Rowe Price,1328D5470,136E634C0,United States,USD,Person,86,Terry Gentry,0,0,0,0,Mutual Fund / ETF,469844986,0
Merrill Lynch,1328D23B0,136E5B610,United States,USD,Person,86,Terry Gentry,0,0,0,0,Mutual Fund / ETF,3959505915,0
T. Rowe Price,1328D5470,136E634C0,United States,USD,Person,86,Terry Gentry,0,0,0,0,Money Market,469844988,50
Cash,3CEC88A0,3CEC8BC0,United States,USD,Person,87,Bryson Morse,0,0,0,0,Cash,0,0
JPMorgan Chase,132877E90,1349FDA50,United States,USD,Person,87,Bryson Morse,1,2,0,0,Checking,2751546393,10
Citizens Bank,13287A8D0,134C7ECA0,United States,USD,Person,87,Bryson Morse,0,0,0,0,Savings,872498202,50
JPMorgan Chase,132877E90,1349FDA50,United States,USD,Person,87,Bryson Morse,0,0,0,0,Money Market,2751546395,10
Binance,1328D5AF0,136E63600,United States,USD,Person,87,Bryson Morse,0,0,0,0,Crypto Currency,3154199580,0
CNO Financial Group,1328D3730,1337CF5F0,United States,USD,Person,87,Bryson Morse,0,0,0,0,Mutual Fund / ETF,3422635037,0
Vanguard Investments,1328D3DB0,1337CF6F0,United States,USD,Person,87,Bryson Morse,0,0,0,0,Mutual Fund / ETF,1812022302,0
CNO Financial Group,1328D3730,1337CF5F0,United States,USD,Person,87,Bryson Morse,0,0,0,0,Mutual Fund / ETF,3422635039,0
CNO Financial Group,1328D3730,1337CF5F0,United States,USD,Person,87,Bryson Morse,0,0,0,0,Mutual Fund / ETF,3422635040,0
Greer London Brokerage House,9CAAC0520,9CAAC08B0,United Kingdom,USD,Person,87,Bryson Morse,0,0,0,0,Mutual Fund / ETF,1208042529,0
Vanguard Investments,1328D3DB0,1337CF6F0,United States,USD,Person,87,Bryson Morse,0,0,0,0,Mutual Fund / ETF,1812022306,0
CNO Financial Group,1328D3730,1337CF5F0,United States,USD,Person,87,Bryson Morse,0,0,0,0,Mutual Fund / ETF,3422635043,0
CNO Financial Group,1328D3730,1337CF5F0,United States,USD,Person,87,Bryson Morse,0,0,0,0,Mutual Fund / ETF,3422635044,0
CNO Financial Group,1328D3730,1337CF5F0,United States,USD,Person,87,Bryson Morse,0,0,0,0,Mutual Fund / ETF,3422635045,0
CNO Financial Group,1328D3730,1337CF5F0,United States,USD,Person,87,Bryson Morse,0,0,0,0,Money Market,3422635046,0
CNO Financial Group,1328D3730,1337CF5F0,United States,USD,Person,87,Bryson Morse,0,0,0,0,Mutual Fund / ETF,3422635047,0
Invesco,1328D4AB0,136E63320,United States,USD,Person,87,Bryson Morse,0,0,0,0,Mutual Fund / ETF,2885764136,0
Ameriprise Financial,1328D26F0,136E5F170,United States,USD,Person,87,Bryson Morse,0,0,0,0,Mutual Fund / ETF,3154199593,0
Merrill Lynch,1328D23B0,136E5B610,United States,USD,Person,87,Bryson Morse,0,0,0,0,Mutual Fund / ETF,3959505962,0
Vanguard Investments,1328D3DB0,1337CF6F0,United States,USD,Person,87,Bryson Morse,0,0,0,0,Mutual Fund / ETF,1812022315,0
Voya Financial,1328D2A30,136E5F1F0,United States,USD,Person,87,Bryson Morse,0,0,0,0,Mutual Fund / ETF,2348893228,0
Ameriprise Financial,1328D26F0,136E5F170,United States,USD,Person,87,Bryson Morse,0,0,0,0,Mutual Fund / ETF,3154199597,0
Ameriprise Financial,1328D26F0,136E5F170,United States,USD,Person,87,Bryson Morse,0,0,0,0,Money Market,3154199598,100
Nationwide - Life,132872340,1348123D0,United States,USD,Person,87,Bryson Morse,0,0,0,0,Life Insurance,3489743919,0
Cash,3CEC88A0,3CEC8BC0,United States,USD,Person,88,Keenan Atkins,0,0,0,0,Cash,0,0
Alicia's Bank,69A37FBA0,69A37FF30,United States,USD,Person,88,Keenan Atkins,1,0,0,0,Checking,3892397143,50
Alicia's Bank,69A37FBA0,69A37FF30,United States,USD,Person,88,Keenan Atkins,0,0,0,0,Savings,3892397144,0
Alicia's Bank,69A37FBA0,69A37FF30,United States,USD,Person,88,Keenan Atkins,0,0,0,0,Money Market,3892397145,0
Edward Jones,1328D1D30,136E542E0,United States,USD,Person,88,Keenan Atkins,0,0,0,0,Mutual Fund / ETF,1275151450,0
Edward Jones,1328D1D30,136E542E0,United States,USD,Person,88,Keenan Atkins,0,0,0,0,Money Market,1275151451,50
Crosby Investments,69B8CB0B0,69B8CB440,United States,USD,Person,88,Keenan Atkins,0,0,0,0,Mutual Fund / ETF,738280540,0
Crosby Investments,69B8CB0B0,69B8CB440,United States,USD,Person,88,Keenan Atkins,0,0,0,0,Money Market,738280541,50
State Farm - Life,132870C80,13468EE30,United States,USD,Person,88,Keenan Atkins,0,0,0,0,Life Insurance,536953950,0
Cash,3CEC88A0,3CEC8BC0,United States,USD,Person,89,Elizabeth David,0,0,0,0,Cash,0,0
Elian's Savings Bank,696FCA0B0,696FCA440,United States,USD,Person,89,Elizabeth David,1,1,0,0,Checking,738280549,25
Elian's Savings Bank,696FCA0B0,696FCA440,United States,USD,Person,89,Elizabeth David,0,0,0,0,Savings,738280550,100
Elian's Savings Bank,696FCA0B0,696FCA440,United States,USD,Person,89,Elizabeth David,0,0,0,0,Money Market,738280551,0
Wellington Management,1328D4DF0,136E633A0,United States,USD,Person,89,Elizabeth David,0,0,0,0,Mutual Fund / ETF,2080457832,0
Wellington Management,1328D4DF0,136E633A0,United States,USD,Person,89,Elizabeth David,0,0,0,0,Money Market,2080457833,0
Wellington Management,1328D4DF0,136E633A0,United States,USD,Person,89,Elizabeth David,0,0,0,0,Mutual Fund / ETF,2080457834,0
JPMorgan Chase,132877E90,1349E8190,United States,USD,Person,89,Elizabeth David,0,0,0,0,Money Market,2751546475,0
Cash,3CEC88A0,3CEC8BC0,United States,USD,Person,90,Cory Curtis,0,0,0,0,Cash,0,0
Fifth Third Bancorp,13287B290,134C9DBB0,United States,USD,Person,90,Cory Curtis,1,0,0,0,Checking,2751546509,0
SunTrust Banks,132879BD0,134C17F10,United States,USD,Person,90,Cory Curtis,0,0,0,0,Savings,4093723790,25
Fifth Third Bancorp,13287B290,134C9DBB0,United States,USD,Person,90,Cory Curtis,0,0,0,0,Money Market,2751546511,25
CNO Financial Group,1328D3730,1337CF5F0,United States,USD,Person,90,Cory Curtis,0,0,0,0,Mutual Fund / ETF,3422635152,0
CNO Financial Group,1328D3730,1337CF5F0,United States,USD,Person,90,Cory Curtis,0,0,0,0,Mutual Fund / ETF,3422635153,0
CNO Financial Group,1328D3730,1337CF5F0,United States,USD,Person,90,Cory Curtis,0,0,0,0,Stock,3422635154,0
Interactive Brokers,1328D2D70,136E5F270,United States,USD,Person,90,Cory Curtis,0,0,0,0,Stock,1543586963,0
CNO Financial Group,1328D3730,1337CF5F0,United States,USD,Person,90,Cory Curtis,0,0,0,0,Mutual Fund / ETF,3422635156,0
CNO Financial Group,1328D3730,1337CF5F0,United States,USD,Person,90,Cory Curtis,0,0,0,0,Mutual Fund / ETF,3422635157,0
CNO Financial Group,1328D3730,1337CF5F0,United States,USD,Person,90,Cory Curtis,0,0,0,0,Mutual Fund / ETF,3422635158,0
Interactive Brokers,1328D2D70,136E5F270,United States,USD,Person,90,Cory Curtis,0,0,0,0,Money Market,1543586967,25
CNO Financial Group,1328D3730,1337CF5F0,United States,USD,Person,90,Cory Curtis,0,0,0,0,Mutual Fund / ETF,3422635160,0
CNO Financial Group,1328D3730,1337CF5F0,United States,USD,Person,90,Cory Curtis,0,0,0,0,Money Market,3422635161,100
Hanover Insurance Group,1328767C0,1349A62A0,United States,USD,Person,90,Cory Curtis,0,0,0,0,Life Insurance,4026614938,0
Cash,3CEC88A0,3CEC8BC0,United States,USD,Person,91,Abraham Hanna,0,0,0,0,Cash,0,0
U.S. Bancorp,132878ED0,134B6A780,United States,USD,Person,91,Abraham Hanna,1,0,0,0,Checking,3019981983,0
Beasley Pulaski Bank,697CA5750,697CA5AE0,United States,USD,Person,91,Abraham Hanna,0,0,0,0,Savings,3556852896,10
U.S. Bancorp,132878ED0,134B6A780,United States,USD,Person,91,Abraham Hanna,0,0,0,0,Money Market,3019981985,100
Charles Schwab,1328D16B0,136E50180,United States,USD,Person,91,Abraham Hanna,0,0,0,0,Mutual Fund / ETF,2885764258,0
Charles Schwab,1328D16B0,136E50180,United States,USD,Person,91,Abraham Hanna,0,0,0,0,Money Market,2885764259,10
Charles Schwab,1328D16B0,136E50180,United States,USD,Person,91,Abraham Hanna,0,0,0,0,Mutual Fund / ETF,2885764260,0
Beasley Pulaski Bank,697CA5750,697CA5AE0,United States,USD,Person,91,Abraham Hanna,0,0,0,0,Money Market,3556852901,100
Cash,3CEC88A0,3CEC8BC0,United States,USD,Person,92,Adriana Douglas,0,0,0,0,Cash,0,0
Emersyn's Federal Credit Union,69A344580,69A344910,United States,USD,Person,92,Adriana Douglas,1,0,0,0,Checking,1610695873,100
Wells Fargo,132878510,134A849A0,United States,USD,Person,92,Adriana Douglas,0,0,0,0,Savings,1140933826,50
Emersyn's Federal Credit Union,69A344580,69A344910,United States,USD,Person,92,Adriana Douglas,0,0,0,0,Savings,1610695875,10
Wells Fargo,132878510,134A849A0,United States,USD,Person,92,Adriana Douglas,0,0,0,0,Money Market,1140933828,25
Morgan Stanley,1328D2070,136E57A60,United States,USD,Person,92,Adriana Douglas,0,0,0,0,Mutual Fund / ETF,469845189,0
Jazmine's Stocks and Investing,69B7DF6D0,69B7DFA60,United States,USD,Person,92,Adriana Douglas,0,0,0,0,Mutual Fund / ETF,3019982022,0
Jazmine's Stocks and Investing,69B7DF6D0,69B7DFA60,United States,USD,Person,92,Adriana Douglas,0,0,0,0,Mutual Fund / ETF,3019982023,0
Jazmine's Stocks and Investing,69B7DF6D0,69B7DFA60,United States,USD,Person,92,Adriana Douglas,0,0,0,0,Mutual Fund / ETF,3019982024,0
Jazmine's Stocks and Investing,69B7DF6D0,69B7DFA60,United States,USD,Person,92,Adriana Douglas,0,0,0,0,Mutual Fund / ETF,3019982025,0
Johanna's Lake Hiawatha Federal Credit Union,697192FE0,697193370,United States,USD,Person,92,Adriana Douglas,0,0,0,0,Money Market,4160832714,100
O'Neill Brokerage,69B963C10,69B963FA0,United States,USD,Person,92,Adriana Douglas,0,0,0,0,Mutual Fund / ETF,67192011,0
Jazmine's Stocks and Investing,69B7DF6D0,69B7DFA60,United States,USD,Person,92,Adriana Douglas,0,0,0,0,Mutual Fund / ETF,3019982028,0
Voya Financial,1328D2A30,136E5F1F0,United States,USD,Person,92,Adriana Douglas,0,0,0,0,Mutual Fund / ETF,2348893389,0
O'Neill Brokerage,69B963C10,69B963FA0,United States,USD,Person,92,Adriana Douglas,0,0,0,0,Money Market,67192014,50
Bank of America Corp.,1328781D0,134A35A10,United States,USD,Person,92,Adriana Douglas,0,0,0,0,Money Market,1946240207,100
Prudential - Life,132872D00,134896E40,United States,USD,Person,92,Adriana Douglas,0,0,0,0,Life Insurance,1073824976,0
Prudential - Life,132872D00,134896E40,United States,USD,Person,92,Adriana Douglas,0,0,0,0,Life Insurance,1073824977,0
Cash,3CEC88A0,3CEC8BC0,United States,USD,Person,93,Charlie Perez,0,0,0,0,Cash,0,0
Nolan Federal Credit Union,699E69B80,699E69F10,United States,USD,Person,93,Charlie Perez,1,0,0,0,Checking,3758179586,25
SunTrust Banks,132879BD0,134C29FD0,United States,USD,Person,93,Charlie Perez,0,0,0,0,Savings,4093723907,100
Gallagher Investing,69B8FC310,69B8FC6A0,United States,USD,Person,93,Charlie Perez,0,0,0,0,Mutual Fund / ETF,3288417540,0
Gallagher Investing,69B8FC310,69B8FC6A0,United States,USD,Person,93,Charlie Perez,0,0,0,0,Mutual Fund / ETF,3288417541,0
Nolan Federal Credit Union,699E69B80,699E69F10,United States,USD,Person,93,Charlie Perez,0,0,0,0,Money Market,3758179590,50
Cash,3CEC88A0,3CEC8BC0,United States,USD,Person,94,Nicolas Hobbs Jr,0,0,0,0,Cash,0,0
United Savings Bank,69AB63040,69AB633D0,United States,USD,Person,94,Nicolas Hobbs Jr,1,0,0,0,Checking,268518693,10
Hardin Savings Bank,696E25900,696E25C90,United States,USD,Person,94,Nicolas Hobbs Jr,0,0,0,0,Savings,1073825062,10
Victoria's Investing,69B757D10,69B7580A0,United States,USD,Person,94,Nicolas Hobbs Jr,0,0,0,0,Mutual Fund / ETF,1140933927,0
Alyssa's Brokerage,69B8C7820,69B8C7BB0,United States,USD,Person,94,Nicolas Hobbs Jr,0,0,0,0,Mutual Fund / ETF,134300968,0
Victoria's Investing,69B757D10,69B7580A0,United States,USD,Person,94,Nicolas Hobbs Jr,0,0,0,0,Mutual Fund / ETF,1140933929,0
United Savings Bank,69AB63040,69AB633D0,United States,USD,Person,94,Nicolas Hobbs Jr,0,0,0,0,Money Market,268518698,50
Alyssa's Brokerage,69B8C7820,69B8C7BB0,United States,USD,Person,94,Nicolas Hobbs Jr,0,0,0,0,Mutual Fund / ETF,134300971,0
Hardin Savings Bank,696E25900,696E25C90,United States,USD,Person,94,Nicolas Hobbs Jr,0,0,0,0,Money Market,1073825068,100
Pacific Life,1328750D0,1333932E0,United States,USD,Person,94,Nicolas Hobbs Jr,0,0,0,0,Life Insurance,872498477,0
Cash,3CEC88A0,3CEC8BC0,United States,USD,Person,95,Michaela K. Taylor,0,0,0,0,Cash,0,0
Buck Federal Credit Union,6974C7F60,6974C82F0,United States,USD,Person,95,Michaela K. Taylor,1,207,0,0,Checking,3623961903,25
Citi,132878850,134ACCE40,United States,USD,Person,95,Michaela K. Taylor,0,0,0,0,Money Market,335627568,50
Buck Federal Credit Union,6974C7F60,6974C82F0,United States,USD,Person,95,Michaela K. Taylor,0,0,0,0,Money Market,3623961905,50
Jayleen's Brokerage,69B94E910,69B94ECA0,United States,USD,Person,95,Michaela K. Taylor,0,0,0,0,Money Market,1140933938,50
OKEx.com,1328D64B0,136E637E0,United States,USD,Person,95,Michaela K. Taylor,0,0,0,0,Crypto Currency,738280755,0
Jayleen's Brokerage,69B94E910,69B94ECA0,United States,USD,Person,95,Michaela K. Taylor,0,0,0,0,Mutual Fund / ETF,1140933940,0
OKEx.com,1328D64B0,136E637E0,United States,USD,Person,95,Michaela K. Taylor,0,0,0,0,Money Market,738280757,10
TIAA,1328736C0,134924170,United States,USD,Person,95,Michaela K. Taylor,0,0,0,0,Life Insurance,2952873270,0
Cash,3CEC88A0,3CEC8BC0,United States,USD,Person,96,Najwa Butler,0,0,0,0,Cash,0,0
Roberts Bank,69AA81CD0,69AA82060,United States,USD,Person,96,Najwa Butler,1,0,0,0,Checking,872498518,0
State Street Bank,13287AC10,134C9D7B0,United States,USD,Person,96,Najwa Butler,0,0,0,0,Savings,67192151,50
Roberts Bank,69AA81CD0,69AA82060,United States,USD,Person,96,Najwa Butler,0,0,0,0,Savings,872498520,10
State Street Bank,13287AC10,134C9D7B0,United States,USD,Person,96,Najwa Butler,0,0,0,0,Money Market,67192153,25
PIMCO,1328D4770,136E632A0,United States,USD,Person,96,Najwa Butler,0,0,0,0,Mutual Fund / ETF,3691070810,0
PIMCO,1328D4770,136E632A0,United States,USD,Person,96,Najwa Butler,0,0,0,0,Mutual Fund / ETF,3691070811,0
Goldman Sachs,1328D19F0,133657BB0,United States,USD,Person,96,Najwa Butler,0,0,0,0,Mutual Fund / ETF,2080458076,0
Edward Jones,1328D1D30,136E53C50,United States,USD,Person,96,Najwa Butler,0,0,0,0,Mutual Fund / ETF,1275151709,0
Edward Jones,1328D1D30,136E53C50,United States,USD,Person,96,Najwa Butler,0,0,0,0,Mutual Fund / ETF,1275151710,0
PIMCO,1328D4770,136E632A0,United States,USD,Person,96,Najwa Butler,0,0,0,0,Money Market,3691070815,25
Cash,3CEC88A0,3CEC8BC0,United States,USD,Person,97,Katalina Chapman,0,0,0,0,Cash,0,0
Keira's Thrift,69ABEB560,69ABEB8F0,United States,USD,Person,97,Katalina Chapman,1,208,0,0,Checking,1476478305,10
Bank of New York Mellon,132879550,134BC82D0,United States,USD,Person,97,Katalina Chapman,0,0,0,0,Savings,1409369442,10
Wellington Management,1328D4DF0,136E633A0,United States,USD,Person,97,Katalina Chapman,0,0,0,0,Mutual Fund / ETF,2080458083,0
Keira's Thrift,69ABEB560,69ABEB8F0,United States,USD,Person,97,Katalina Chapman,0,0,0,0,Money Market,1476478308,0
Chloe's Brokers,69B7F19B0,69B7F1D40,United States,USD,Person,97,Katalina Chapman,0,0,0,0,Mutual Fund / ETF,1812022629,0
Chloe's Brokers,69B7F19B0,69B7F1D40,United States,USD,Person,97,Katalina Chapman,0,0,0,0,Mutual Fund / ETF,1812022630,0
Chloe's Brokers,69B7F19B0,69B7F1D40,United States,USD,Person,97,Katalina Chapman,0,0,0,0,Money Market,1812022631,25
Prudential - Life,132872D00,134896040,United States,USD,Person,97,Katalina Chapman,0,0,0,0,Life Insurance,1073825128,0
Cash,3CEC88A0,3CEC8BC0,United States,USD,Person,98,Jaxon Bruce Jr,0,0,0,0,Cash,0,0
Greyson's Federal Credit Union,697ECA6A0,697ECAA30,United States,USD,Person,98,Jaxon Bruce Jr,1,0,0,0,Checking,2818655635,0
Greyson's Federal Credit Union,697ECA6A0,697ECAA30,United States,USD,Person,98,Jaxon Bruce Jr,0,0,0,0,Savings,2818655636,50
Greyson's Federal Credit Union,697ECA6A0,697ECAA30,United States,USD,Person,98,Jaxon Bruce Jr,0,0,0,0,Money Market,2818655637,25
Voya Financial,1328D2A30,136E5F1F0,United States,USD,Person,98,Jaxon Bruce Jr,0,0,0,0,Mutual Fund / ETF,2348893590,0
Voya Financial,1328D2A30,136E5F1F0,United States,USD,Person,98,Jaxon Bruce Jr,0,0,0,0,Mutual Fund / ETF,2348893591,0
Voya Financial,1328D2A30,136E5F1F0,United States,USD,Person,98,Jaxon Bruce Jr,0,0,0,0,Mutual Fund / ETF,2348893592,0
Voya Financial,1328D2A30,136E5F1F0,United States,USD,Person,98,Jaxon Bruce Jr,0,0,0,0,Mutual Fund / ETF,2348893593,0
Voya Financial,1328D2A30,136E5F1F0,United States,USD,Person,98,Jaxon Bruce Jr,0,0,0,0,Mutual Fund / ETF,2348893594,0
Voya Financial,1328D2A30,136E5F1F0,United States,USD,Person,98,Jaxon Bruce Jr,0,0,0,0,Money Market,2348893595,0
Morgan Stanley,1328D2070,136E59190,United States,USD,Person,98,Jaxon Bruce Jr,0,0,0,0,Money Market,469845404,25
Prudential - Life,132872D00,1348A4E40,United States,USD,Person,98,Jaxon Bruce Jr,0,0,0,0,Life Insurance,1073825181,0
Cash,3CEC88A0,3CEC8BC0,United States,USD,Person,99,Andres Hahn,0,0,0,0,Cash,0,0
Conway Fruitport Bank,6982BC090,6982BC420,United States,USD,Person,99,Andres Hahn,1,0,0,0,Checking,604063162,0
Bank of America Corp.,1328781D0,134A50C10,United States,USD,Person,99,Andres Hahn,0,0,0,0,Savings,1946240443,0
Lauren's Brokers,69B75D860,69B75DBF0,United States,USD,Person,99,Andres Hahn,0,0,0,0,Mutual Fund / ETF,402736572,0
Lauren's Brokers,69B75D860,69B75DBF0,United States,USD,Person,99,Andres Hahn,0,0,0,0,Mutual Fund / ETF,402736573,0
Lauren's Brokers,69B75D860,69B75DBF0,United States,USD,Person,99,Andres Hahn,0,0,0,0,Mutual Fund / ETF,402736574,0
Lauren's Brokers,69B75D860,69B75DBF0,United States,USD,Person,99,Andres Hahn,0,0,0,0,Mutual Fund / ETF,402736575,0
Lauren's Brokers,69B75D860,69B75DBF0,United States,USD,Person,99,Andres Hahn,0,0,0,0,Mutual Fund / ETF,402736576,0
Lauren's Brokers,69B75D860,69B75DBF0,United States,USD,Person,99,Andres Hahn,0,0,0,0,Stock,402736577,0
Lauren's Brokers,69B75D860,69B75DBF0,United States,USD,Person,99,Andres Hahn,0,0,0,0,Stock,402736578,0
Lauren's Brokers,69B75D860,69B75DBF0,United States,USD,Person,99,Andres Hahn,0,0,0,0,Stock,402736579,0
Lauren's Brokers,69B75D860,69B75DBF0,United States,USD,Person,99,Andres Hahn,0,0,0,0,Stock,402736580,0
Lauren's Brokers,69B75D860,69B75DBF0,United States,USD,Person,99,Andres Hahn,0,0,0,0,Stock,402736581,0
Lauren's Brokers,69B75D860,69B75DBF0,United States,USD,Person,99,Andres Hahn,0,0,0,0,Stock,402736582,0
Lauren's Brokers,69B75D860,69B75DBF0,United States,USD,Person,99,Andres Hahn,0,0,0,0,Stock,402736583,0
Lauren's Brokers,69B75D860,69B75DBF0,United States,USD,Person,99,Andres Hahn,0,0,0,0,Stock,402736584,0
Lauren's Brokers,69B75D860,69B75DBF0,United States,USD,Person,99,Andres Hahn,0,0,0,0,Stock,402736585,0
Lauren's Brokers,69B75D860,69B75DBF0,United States,USD,Person,99,Andres Hahn,0,0,0,0,Stock,402736586,0
Lauren's Brokers,69B75D860,69B75DBF0,United States,USD,Person,99,Andres Hahn,0,0,0,0,Stock,402736587,0
Lauren's Brokers,69B75D860,69B75DBF0,United States,USD,Person,99,Andres Hahn,0,0,0,0,Stock,402736588,0
Lauren's Brokers,69B75D860,69B75DBF0,United States,USD,Person,99,Andres Hahn,0,0,0,0,Stock,402736589,0
Lauren's Brokers,69B75D860,69B75DBF0,United States,USD,Person,99,Andres Hahn,0,0,0,0,Stock,402736590,0
Lauren's Brokers,69B75D860,69B75DBF0,United States,USD,Person,99,Andres Hahn,0,0,0,0,Stock,402736591,0
Lauren's Brokers,69B75D860,69B75DBF0,United States,USD,Person,99,Andres Hahn,0,0,0,0,Stock,402736592,0
Lauren's Brokers,69B75D860,69B75DBF0,United States,USD,Person,99,Andres Hahn,0,0,0,0,Stock,402736593,0
Chambers Brokerage House,69B94E050,69B94E3E0,United States,USD,Person,99,Andres Hahn,0,0,0,0,Mutual Fund / ETF,335627730,0
Conway Fruitport Bank,6982BC090,6982BC420,United States,USD,Person,99,Andres Hahn,0,0,0,0,Money Market,604063187,50
Liberty Mutual - Life,132871640,13478DF70,United States,USD,Person,99,Andres Hahn,0,0,0,0,Life Insurance,2416002516,0
Cash,3CEC88A0,3CEC8BC0,United States,USD,Person,100,Madalynn Jacobs,0,0,0,0,Cash,0,0
Capital One Financial,132878B90,134B4CFA0,United States,USD,Person,100,Madalynn Jacobs,1,0,0,0,Checking,3825288664,50
Key Bank,132879F10,134C4CDF0,United States,USD,Person,100,Madalynn Jacobs,0,0,0,0,Savings,3288417753,0
Merrill Lynch,1328D23B0,136E5DD70,United States,USD,Person,100,Madalynn Jacobs,0,0,0,0,Mutual Fund / ETF,3959506394,0
Merrill Lynch,1328D23B0,136E5DD70,United States,USD,Person,100,Madalynn Jacobs,0,0,0,0,Mutual Fund / ETF,3959506395,0
Merrill Lynch,1328D23B0,136E5DD70,United States,USD,Person,100,Madalynn Jacobs,0,0,0,0,Mutual Fund / ETF,3959506396,0
Capital One Financial,132878B90,134B4CFA0,United States,USD,Person,100,Madalynn Jacobs,0,0,0,0,Money Market,3825288669,50
Merrill Lynch,1328D23B0,136E5DD70,United States,USD,Person,100,Madalynn Jacobs,0,0,0,0,Mutual Fund / ETF,3959506398,0
Merrill Lynch,1328D23B0,136E5DD70,United States,USD,Person,100,Madalynn Jacobs,0,0,0,0,Money Market,3959506399,0
Cash,3CEC88A0,3CEC8BC0,United States,USD,Person,101,Kase Wang,0,0,0,0,Cash,0,0
Duffy Federal Credit Union,9B168CC30,9B168CFC0,South Korea,KRW,Person,101,Kase Wang,1,0,0,0,Checking,201410074,100000
Jaelyn's Federal Credit Union,6975F7610,6975F79A0,United States,USD,Person,101,Kase Wang,1,0,0,0,Checking,2214675995,0
JPMorgan Chase,132877E90,1349EDB40,United States,USD,Person,101,Kase Wang,1,0,0,0,Checking,2751546908,25
Duffy Federal Credit Union,9B168CC30,9B168CFC0,South Korea,USD,Person,101,Kase Wang,0,0,0,0,Savings,201410077,50
Duffy Federal Credit Union,9B168CC30,9B168CFC0,South Korea,USD,Person,101,Kase Wang,0,0,0,0,Money Market,201410078,100
Cash,3CEC88A0,3CEC8BC0,United States,USD,Person,102,Roland Olson,0,0,0,0,Cash,0,0
Edwards Bank,698770A50,698770DE0,United States,USD,Person,102,Roland Olson,1,0,0,0,Checking,2483111487,0
Edwards Bank,698770A50,698770DE0,United States,USD,Person,102,Roland Olson,0,0,0,0,Money Market,2483111488,100
Palmer San Diego Funds,69B915AA0,69B915E30,United States,USD,Person,102,Roland Olson,0,0,0,0,Mutual Fund / ETF,2818655809,0
Palmer San Diego Funds,69B915AA0,69B915E30,United States,USD,Person,102,Roland Olson,0,0,0,0,Money Market,2818655810,100
Guardian Life Insurance,132874D90,133B7B3F0,United States,USD,Person,102,Roland Olson,0,0,0,0,Life Insurance,1677805123,0
Cash,3CEC88A0,3CEC8BC0,United States,USD,Person,103,Kara Moody,0,0,0,0,Cash,0,0
JPMorgan Chase,132877E90,134A1A3F0,United States,USD,Person,103,Kara Moody,1,0,0,0,Checking,2751546972,25
Nielsen Thrift,69A29B730,69A29BAC0,United States,USD,Person,103,Kara Moody,0,0,0,0,Savings,3422635613,25
Raymond James Financial,1328D33F0,136E5F370,United States,USD,Person,103,Kara Moody,0,0,0,0,Mutual Fund / ETF,4227941982,0
Voya Financial,1328D2A30,136E5F1F0,United States,USD,Person,103,Kara Moody,0,0,0,0,Mutual Fund / ETF,2348893791,0
United Partners,69B860750,69B860AE0,United States,USD,Person,103,Kara Moody,0,0,0,0,Mutual Fund / ETF,3556853344,0
Raymond James Financial,1328D33F0,136E5F370,United States,USD,Person,103,Kara Moody,0,0,0,0,Mutual Fund / ETF,4227941985,0
JPMorgan Chase,132877E90,134A1A3F0,United States,USD,Person,103,Kara Moody,0,0,0,0,Money Market,2751546978,10
Fidelity Investments,1328D40F0,136E631A0,United States,USD,Person,103,Kara Moody,0,0,0,0,Mutual Fund / ETF,1006716515,0
Fidelity Investments,1328D40F0,136E631A0,United States,USD,Person,103,Kara Moody,0,0,0,0,Mutual Fund / ETF,1006716516,0
Fidelity Investments,1328D40F0,136E631A0,United States,USD,Person,103,Kara Moody,0,0,0,0,Mutual Fund / ETF,1006716517,0
Ayleen's Federal Credit Union,699172960,699172CF0,United States,USD,Person,103,Kara Moody,0,0,0,0,Money Market,1476478566,0
Cash,3CEC88A0,3CEC8BC0,United States,USD,Person,104,Kai McLean,0,0,0,0,Cash,0,0
Washington Savings Bank,69B50FE00,69B510190,United States,USD,Person,104,Kai McLean,1,0,0,0,Checking,2147567211,0
Branch Federal Credit Union,696E15CC0,696E16050,United States,USD,Person,104,Kai McLean,0,0,0,0,Savings,805389932,50
Rylee's Closter Bank,69AD00760,69AD00AF0,United States,USD,Person,104,Kai McLean,0,0,0,0,Money Market,3623962221,0
Crypto.com,1328D6B30,136E63920,United States,USD,Person,104,Kai McLean,0,0,0,0,Crypto Currency,3422635630,0
Wellington Management,1328D4DF0,136E633A0,United States,USD,Person,104,Kai McLean,0,0,0,0,Mutual Fund / ETF,2080458351,0
Wellington Management,1328D4DF0,136E633A0,United States,USD,Person,104,Kai McLean,0,0,0,0,Mutual Fund / ETF,2080458352,0
Wellington Management,1328D4DF0,136E633A0,United States,USD,Person,104,Kai McLean,0,0,0,0,Mutual Fund / ETF,2080458353,0
Wellington Management,1328D4DF0,136E633A0,United States,USD,Person,104,Kai McLean,0,0,0,0,Stock,2080458354,0
Wellington Management,1328D4DF0,136E633A0,United States,USD,Person,104,Kai McLean,0,0,0,0,Stock,2080458355,0
Wellington Management,1328D4DF0,136E633A0,United States,USD,Person,104,Kai McLean,0,0,0,0,Stock,2080458356,0
Wellington Management,1328D4DF0,136E633A0,United States,USD,Person,104,Kai McLean,0,0,0,0,Stock,2080458357,0
Wellington Management,1328D4DF0,136E633A0,United States,USD,Person,104,Kai McLean,0,0,0,0,Mutual Fund / ETF,2080458358,0
Wellington Management,1328D4DF0,136E633A0,United States,USD,Person,104,Kai McLean,0,0,0,0,Money Market,2080458359,0
Wellington Management,1328D4DF0,136E633A0,United States,USD,Person,104,Kai McLean,0,0,0,0,Mutual Fund / ETF,2080458360,0
Wellington Management,1328D4DF0,136E633A0,United States,USD,Person,104,Kai McLean,0,0,0,0,Mutual Fund / ETF,2080458361,0
Wellington Management,1328D4DF0,136E633A0,United States,USD,Person,104,Kai McLean,0,0,0,0,Mutual Fund / ETF,2080458362,0
Synchrony Financial,1328D30B0,136E5F2F0,United States,USD,Person,104,Kai McLean,0,0,0,0,Mutual Fund / ETF,738281083,0
Washington Savings Bank,69B50FE00,69B510190,United States,USD,Person,104,Kai McLean,0,0,0,0,Money Market,2147567228,50
USAA - Life,132871300,134752BB0,United States,USD,Person,104,Kai McLean,0,0,0,0,Life Insurance,3221309053,0
Cash,3CEC88A0,3CEC8BC0,United States,USD,Person,105,Zahir Dorsey,0,0,0,0,Cash,0,0
Woodward Bank,6980FA890,6980FAC20,United States,USD,Person,105,Zahir Dorsey,1,207,0,0,Checking,604063359,0
Citi,132878850,134AD19F0,United States,USD,Person,105,Zahir Dorsey,0,0,0,0,Money Market,335627904,10
Cash,3CEC88A0,3CEC8BC0,United States,USD,Person,106,Benjamin Morales,0,0,0,0,Cash,0,0
Bank of New York Mellon,132879550,134BD1CD0,United States,USD,Person,106,Benjamin Morales,1,1,0,0,Checking,1409369766,25
Alejandro's Savings Bank,698FA2610,698FA29A0,United States,USD,Person,106,Benjamin Morales,0,0,0,0,Savings,2214676135,100
Crypto.com,1328D6B30,136E63920,United States,USD,Person,106,Benjamin Morales,0,0,0,0,Crypto Currency,3422635688,0
Owen Funds,69B8F8A80,69B8F8E10,United States,USD,Person,106,Benjamin Morales,0,0,0,0,Mutual Fund / ETF,2684438185,0
Owen Funds,69B8F8A80,69B8F8E10,United States,USD,Person,106,Benjamin Morales,0,0,0,0,Mutual Fund / ETF,2684438186,0
Bank of New York Mellon,132879550,134BD1CD0,United States,USD,Person,106,Benjamin Morales,0,0,0,0,Money Market,1409369771,25
Owen Funds,69B8F8A80,69B8F8E10,United States,USD,Person,106,Benjamin Morales,0,0,0,0,Mutual Fund / ETF,2684438188,0
Owen Funds,69B8F8A80,69B8F8E10,United States,USD,Person,106,Benjamin Morales,0,0,0,0,Money Market,2684438189,25
Cash,3CEC88A0,3CEC8BC0,United States,USD,Person,107,Isabelle Skinner,0,0,0,0,Cash,0,0
Benitez Savings Bank,697C770C0,697C77450,United States,USD,Person,107,Isabelle Skinner,1,0,0,0,Checking,805390031,100
Curtis's Simpsonville Federal Credit Union,697CF0E70,697CF1200,United States,USD,Person,107,Isabelle Skinner,0,0,0,0,Savings,2617329360,25
Cortez Brokerage House,69B923C40,69B923FD0,United States,USD,Person,107,Isabelle Skinner,0,0,0,0,Mutual Fund / ETF,268519121,0
Benitez Savings Bank,697C770C0,697C77450,United States,USD,Person,107,Isabelle Skinner,0,0,0,0,Money Market,805390034,25
Cortez Brokerage House,69B923C40,69B923FD0,United States,USD,Person,107,Isabelle Skinner,0,0,0,0,Mutual Fund / ETF,268519123,0
Cortez Brokerage House,69B923C40,69B923FD0,United States,USD,Person,107,Isabelle Skinner,0,0,0,0,Money Market,268519124,0
Cash,3CEC88A0,3CEC8BC0,United States,USD,Person,108,Sincere El-Mafouk,0,0,0,0,Cash,0,0
Capital One Financial,132878B90,134B1C2B0,United States,USD,Person,108,Sincere El-Mafouk,1,0,0,0,Checking,3825288980,50
Franklin Resources,1328D5130,136E63420,United States,USD,Person,108,Sincere El-Mafouk,0,0,0,0,Money Market,1275152149,100
PIMCO,1328D4770,136E632A0,United States,USD,Person,108,Sincere El-Mafouk,0,0,0,0,Mutual Fund / ETF,3691071254,0
PIMCO,1328D4770,136E632A0,United States,USD,Person,108,Sincere El-Mafouk,0,0,0,0,Mutual Fund / ETF,3691071255,0
PIMCO,1328D4770,136E632A0,United States,USD,Person,108,Sincere El-Mafouk,0,0,0,0,Mutual Fund / ETF,3691071256,0
PIMCO,1328D4770,136E632A0,United States,USD,Person,108,Sincere El-Mafouk,0,0,0,0,Money Market,3691071257,10
Allstate - Life,132870FC0,1346FE730,United States,USD,Person,108,Sincere El-Mafouk,0,0,0,0,Life Insurance,4026615578,0
Cash,3CEC88A0,3CEC8BC0,United States,USD,Person,109,Rohan Lim,0,0,0,0,Cash,0,0
Timothy's Federal Credit Union,699C95140,699C954D0,United States,USD,Person,109,Rohan Lim,1,0,0,0,Checking,1342261019,25
SunTrust Banks,132879BD0,134C18AE0,United States,USD,Person,109,Rohan Lim,0,0,0,0,Money Market,4093724444,0
Legg Mason,1328D57B0,136E63560,United States,USD,Person,109,Rohan Lim,0,0,0,0,Mutual Fund / ETF,3959506717,0
Invesco,1328D4AB0,136E63320,United States,USD,Person,109,Rohan Lim,0,0,0,0,Mutual Fund / ETF,2885764894,0
Invesco,1328D4AB0,136E63320,United States,USD,Person,109,Rohan Lim,0,0,0,0,Mutual Fund / ETF,2885764895,0
Invesco,1328D4AB0,136E63320,United States,USD,Person,109,Rohan Lim,0,0,0,0,Mutual Fund / ETF,2885764896,0
Timothy's Federal Credit Union,699C95140,699C954D0,United States,USD,Person,109,Rohan Lim,0,0,0,0,Money Market,1342261025,10
Invesco,1328D4AB0,136E63320,United States,USD,Person,109,Rohan Lim,0,0,0,0,Mutual Fund / ETF,2885764898,0
Invesco,1328D4AB0,136E63320,United States,USD,Person,109,Rohan Lim,0,0,0,0,Money Market,2885764899,0
Cash,3CEC88A0,3CEC8BC0,United States,USD,Person,110,Danna Rasmussen,0,0,0,0,Cash,0,0
Masvidal Savings Bank,69709D400,69709D790,United States,USD,Person,110,Danna Rasmussen,1,0,0,0,Checking,83767,50
Gillespie Savings Bank,69A840270,69A840600,United States,USD,Person,110,Danna Rasmussen,0,0,0,0,Savings,2617329464,50
Masvidal Savings Bank,69709D400,69709D790,United States,USD,Person,110,Danna Rasmussen,0,0,0,0,Money Market,83769,0
Amayah's Investing,69B76C2F0,69B76C680,United States,USD,Person,110,Danna Rasmussen,0,0,0,0,Mutual Fund / ETF,3154200378,0
Amayah's Investing,69B76C2F0,69B76C680,United States,USD,Person,110,Danna Rasmussen,0,0,0,0,Mutual Fund / ETF,3154200379,0
Amayah's Investing,69B76C2F0,69B76C680,United States,USD,Person,110,Danna Rasmussen,0,0,0,0,Money Market,3154200380,50
Prudential - Life,132872D00,1348AE530,United States,USD,Person,110,Danna Rasmussen,0,0,0,0,Life Insurance,1073825597,0
Cash,3CEC88A0,3CEC8BC0,United States,USD,Person,111,Draven Gordon,0,0,0,0,Cash,0,0
Mitchell's Federal Credit Union,69AC19220,69AC195B0,United States,USD,Person,111,Draven Gordon,1,0,0,0,Checking,2281785171,0
Hill Federal Credit Union,697EBD220,697EBD5B0,United States,USD,Person,111,Draven Gordon,0,0,0,0,Savings,2281785172,10
Mitchell's Federal Credit Union,69AC19220,69AC195B0,United States,USD,Person,111,Draven Gordon,0,0,0,0,Money Market,2281785173,50
Pratt Investments,69B872620,69B8729B0,United States,USD,Person,111,Draven Gordon,0,0,0,0,Mutual Fund / ETF,2281785174,0
Pratt Investments,69B872620,69B8729B0,United States,USD,Person,111,Draven Gordon,0,0,0,0,Money Market,2281785175,25
Cash,3CEC88A0,3CEC8BC0,United States,USD,Person,112,Amia Morrow,0,0,0,0,Cash,0,0
Goodman Federal Credit Union,698FED860,698FEDBF0,United States,USD,Person,112,Amia Morrow,1,0,0,0,Checking,402737023,0
Henrik's Savings Bank,6981934F0,698193880,United States,USD,Person,112,Amia Morrow,0,0,0,0,Savings,1006716800,50
Goodman Federal Credit Union,698FED860,698FEDBF0,United States,USD,Person,112,Amia Morrow,0,0,0,0,Savings,402737025,100
Henrik's Savings Bank,6981934F0,698193880,United States,USD,Person,112,Amia Morrow,0,0,0,0,Money Market,1006716802,0
Destiny's Brokerage House,69B8A48D0,69B8A4C60,United States,USD,Person,112,Amia Morrow,0,0,0,0,Mutual Fund / ETF,872499075,0
Destiny's Brokerage House,69B8A48D0,69B8A4C60,United States,USD,Person,112,Amia Morrow,0,0,0,0,Mutual Fund / ETF,872499076,0
Destiny's Brokerage House,69B8A48D0,69B8A4C60,United States,USD,Person,112,Amia Morrow,0,0,0,0,Mutual Fund / ETF,872499077,0
Destiny's Brokerage House,69B8A48D0,69B8A4C60,United States,USD,Person,112,Amia Morrow,0,0,0,0,Money Market,872499078,25
Travelers - Life,132871CC0,1347C6000,United States,USD,Person,112,Amia Morrow,0,0,0,0,Life Insurance,805390215,0
Cash,3CEC88A0,3CEC8BC0,United States,USD,Person,113,Liam Munoz,0,0,0,0,Cash,0,0
Wells Fargo,132878510,134AA82D0,United States,USD,Person,113,Liam Munoz,1,0,0,0,Checking,1140934556,0
Berger Bank,69952D610,69952D9A0,United States,USD,Person,113,Liam Munoz,0,0,0,0,Savings,2214676381,0
Cash,3CEC88A0,3CEC8BC0,United States,USD,Person,114,Jada Davies,0,0,0,0,Cash,0,0
Welch Savings Bank,69744AA60,69744ADF0,United States,USD,Person,114,Jada Davies,1,0,0,0,Checking,2550220703,10
Bank of New York Mellon,132879550,134BC82D0,United States,USD,Person,114,Jada Davies,0,0,0,0,Savings,1409370016,25
Welch Savings Bank,69744AA60,69744ADF0,United States,USD,Person,114,Jada Davies,0,0,0,0,Money Market,2550220705,100
Cash,3CEC88A0,3CEC8BC0,United States,USD,Person,115,Kassandra Clark,0,0,0,0,Cash,0,0
Pugh Federal Credit Union,697B74450,697B747E0,United States,USD,Person,115,Kassandra Clark,1,0,0,0,Checking,335628239,0
United Bank,69736E430,69736E7C0,United States,USD,Person,115,Kassandra Clark,0,0,0,0,Savings,201410512,100
Pugh Federal Credit Union,697B74450,697B747E0,United States,USD,Person,115,Kassandra Clark,0,0,0,0,Money Market,335628241,25
United Bank,69736E430,69736E7C0,United States,USD,Person,115,Kassandra Clark,0,0,0,0,CD,201410514,0
Pugh Federal Credit Union,697B74450,697B747E0,United States,USD,Person,115,Kassandra Clark,0,0,0,0,CD,335628243,0
United Bank,69736E430,69736E7C0,United States,USD,Person,115,Kassandra Clark,0,0,0,0,CD,201410516,0
Ana's Partners,69B96B9E0,69B96BD70,United States,USD,Person,115,Kassandra Clark,0,0,0,0,Mutual Fund / ETF,2013349845,0
United Bank,69736E430,69736E7C0,United States,USD,Person,115,Kassandra Clark,0,0,0,0,Money Market,201410518,25
Cash,3CEC88A0,3CEC8BC0,United States,USD,Person,116,Elliana Davenport,0,0,0,0,Cash,0,0
Alexander's Federal Credit Union,6982E0290,6982E0620,United States,USD,Person,116,Elliana Davenport,1,0,0,0,Checking,2751547388,0
Ryan Savings Bank,69A66C430,69A66C7C0,United States,USD,Person,116,Elliana Davenport,0,0,0,0,Savings,201410557,50
Ryan Savings Bank,69A66C430,69A66C7C0,United States,USD,Person,116,Elliana Davenport,0,0,0,0,Savings,201410558,25
Ryan Savings Bank,69A66C430,69A66C7C0,United States,USD,Person,116,Elliana Davenport,0,0,0,0,CD,201410559,0
Darian's Investments,69B8D89B0,69B8D8D40,United States,USD,Person,116,Elliana Davenport,0,0,0,0,Stock,1812023296,0
Darian's Investments,69B8D89B0,69B8D8D40,United States,USD,Person,116,Elliana Davenport,0,0,0,0,Stock,1812023297,0
Darian's Investments,69B8D89B0,69B8D8D40,United States,USD,Person,116,Elliana Davenport,0,0,0,0,Stock,1812023298,0
Darian's Investments,69B8D89B0,69B8D8D40,United States,USD,Person,116,Elliana Davenport,0,0,0,0,Stock,1812023299,0
Interactive Brokers,1328D2D70,136E5F270,United States,USD,Person,116,Elliana Davenport,0,0,0,0,Stock,1543587844,0
Darian's Investments,69B8D89B0,69B8D8D40,United States,USD,Person,116,Elliana Davenport,0,0,0,0,Stock,1812023301,0
Invesco,1328D4AB0,136E63320,United States,USD,Person,116,Elliana Davenport,0,0,0,0,Mutual Fund / ETF,2885765126,0
Black Rock,1328D3A70,1337CF670,United States,USD,Person,116,Elliana Davenport,0,0,0,0,Mutual Fund / ETF,2617329671,0
Darian's Investments,69B8D89B0,69B8D8D40,United States,USD,Person,116,Elliana Davenport,0,0,0,0,Mutual Fund / ETF,1812023304,0
Charles Schwab,1328D16B0,136E50180,United States,USD,Person,116,Elliana Davenport,0,0,0,0,Mutual Fund / ETF,2885765129,0
Darian's Investments,69B8D89B0,69B8D8D40,United States,USD,Person,116,Elliana Davenport,0,0,0,0,Mutual Fund / ETF,1812023306,0
Fidelity Investments,1328D40F0,136E631A0,United States,USD,Person,116,Elliana Davenport,0,0,0,0,Mutual Fund / ETF,1006716939,0
Charles Schwab,1328D16B0,136E50180,United States,USD,Person,116,Elliana Davenport,0,0,0,0,Mutual Fund / ETF,2885765132,0
Black Rock,1328D3A70,1337CF670,United States,USD,Person,116,Elliana Davenport,0,0,0,0,Mutual Fund / ETF,2617329677,0
Darian's Investments,69B8D89B0,69B8D8D40,United States,USD,Person,116,Elliana Davenport,0,0,0,0,Mutual Fund / ETF,1812023310,0
Darian's Investments,69B8D89B0,69B8D8D40,United States,USD,Person,116,Elliana Davenport,0,0,0,0,Mutual Fund / ETF,1812023311,0
Darian's Investments,69B8D89B0,69B8D8D40,United States,USD,Person,116,Elliana Davenport,0,0,0,0,Mutual Fund / ETF,1812023312,0
United Brokers,9AA17C450,9AA17C7E0,Germany,USD,Person,116,Elliana Davenport,0,0,0,0,Mutual Fund / ETF,335628305,0
Ryan Savings Bank,69A66C430,69A66C7C0,United States,USD,Person,116,Elliana Davenport,0,0,0,0,Money Market,201410578,25
Fidelity Investments,1328D40F0,136E631A0,United States,USD,Person,116,Elliana Davenport,0,0,0,0,Mutual Fund / ETF,1006716947,0
Darian's Investments,69B8D89B0,69B8D8D40,United States,USD,Person,116,Elliana Davenport,0,0,0,0,Mutual Fund / ETF,1812023316,0
Black Rock,1328D3A70,1337CF670,United States,USD,Person,116,Elliana Davenport,0,0,0,0,Mutual Fund / ETF,2617329685,0
United Brokers,9AA17C450,9AA17C7E0,Germany,USD,Person,116,Elliana Davenport,0,0,0,0,Money Market,335628310,25
Phillips Insurance,69BCCFB60,69BCCFEF0,United States,USD,Person,116,Elliana Davenport,0,0,0,0,Life Insurance,3623962647,0
Cash,3CEC88A0,3CEC8BC0,United States,USD,Person,117,Ayleen Lim,0,0,0,0,Cash,0,0
Wells Fargo,132878510,134A9AF10,United States,USD,Person,117,Ayleen Lim,0,0,0,0,Checking,1140934681,10
Marley's Bank,697F30ED0,697F31260,United States,USD,Person,117,Ayleen Lim,0,0,0,0,Savings,3019982874,10
Wells Fargo,132878510,134A9AF10,United States,USD,Person,117,Ayleen Lim,0,0,0,0,Savings,1140934683,25
Deribit,1328D71B0,136E63A60,United States,USD,Person,117,Ayleen Lim,0,0,0,0,Crypto Currency,1812023324,0
Goldman Sachs,1328D19F0,133657BB0,United States,USD,Person,117,Ayleen Lim,0,0,0,0,Mutual Fund / ETF,2080458781,0
Goldman Sachs,1328D19F0,133657BB0,United States,USD,Person,117,Ayleen Lim,0,0,0,0,Mutual Fund / ETF,2080458782,0
Wells Fargo,132878510,134A9AF10,United States,USD,Person,117,Ayleen Lim,0,0,0,0,Money Market,1140934687,50
Cash,3CEC88A0,3CEC8BC0,United States,USD,Person,118,Albert Tapia,0,0,0,0,Cash,0,0
Silas's Savings Bank,698AA9110,698AA94A0,United States,USD,Person,118,Albert Tapia,1,224,0,0,Checking,1140934692,50
Silas's Savings Bank,698AA9110,698AA94A0,United States,USD,Person,118,Albert Tapia,0,0,0,0,Savings,1140934693,0
Silas's Savings Bank,698AA9110,698AA94A0,United States,USD,Person,118,Albert Tapia,0,0,0,0,Money Market,1140934694,10
Monserrat's Partners,69B8B4CE0,69B8B5070,United States,USD,Person,118,Albert Tapia,0,0,0,0,Stock,939608103,0
Monserrat's Partners,69B8B4CE0,69B8B5070,United States,USD,Person,118,Albert Tapia,0,0,0,0,Stock,939608104,0
Monserrat's Partners,69B8B4CE0,69B8B5070,United States,USD,Person,118,Albert Tapia,0,0,0,0,Mutual Fund / ETF,939608105,0
Silas's Savings Bank,698AA9110,698AA94A0,United States,USD,Person,118,Albert Tapia,0,0,0,0,Money Market,1140934698,0
Liberty Mutual - Life,132871640,134794870,United States,USD,Person,118,Albert Tapia,0,0,0,0,Life Insurance,2416003115,0
Cash,3CEC88A0,3CEC8BC0,United States,USD,Person,119,Ariana Munoz,0,0,0,0,Cash,0,0
Bank of America Corp.,1328781D0,134A5F5B0,United States,USD,Person,119,Ariana Munoz,1,0,0,0,Checking,1946241111,0
Ryan Pueblo Federal Credit Union,6978FA660,6978FA9F0,United States,USD,Person,119,Ariana Munoz,0,0,0,0,Savings,2550220888,0
Wellington Management,1328D4DF0,136E633A0,United States,USD,Person,119,Ariana Munoz,0,0,0,0,Mutual Fund / ETF,2080458841,0
Bank of America Corp.,1328781D0,134A5F5B0,United States,USD,Person,119,Ariana Munoz,0,0,0,0,Money Market,1946241114,10
Ryan Pueblo Federal Credit Union,6978FA660,6978FA9F0,United States,USD,Person,119,Ariana Munoz,0,0,0,0,Money Market,2550220891,25
State Farm - Life,132870C80,1346C0AE0,United States,USD,Person,119,Ariana Munoz,0,0,0,0,Life Insurance,536954972,0
Cash,3CEC88A0,3CEC8BC0,United States,USD,Person,120,Jazmine Valentine,0,0,0,0,Cash,0,0
JPMorgan Chase,132877E90,1349F5940,United States,USD,Person,120,Jazmine Valentine,1,0,0,0,Checking,2751547486,10
JPMorgan Chase,132877E90,1349F5940,United States,USD,Person,120,Jazmine Valentine,0,0,0,0,Savings,2751547487,0
United Partners,69B7710B0,69B771440,United States,USD,Person,120,Jazmine Valentine,0,0,0,0,Mutual Fund / ETF,738281568,0
JPMorgan Chase,132877E90,1349F5940,United States,USD,Person,120,Jazmine Valentine,0,0,0,0,Money Market,2751547489,50
Cash,3CEC88A0,3CEC8BC0,United States,USD,Person,121,Javier Stephenson,0,0,0,0,Cash,0,0
Noah's Federal Credit Union,697AAC190,697AAC520,United States,USD,Person,121,Javier Stephenson,1,0,0,0,Checking,1677805689,10
PNC Financial Services,132879210,134B8D5F0,United States,USD,Person,121,Javier Stephenson,0,0,0,0,Savings,2214676602,50
Noah's Federal Credit Union,697AAC190,697AAC520,United States,USD,Person,121,Javier Stephenson,0,0,0,0,Savings,1677805691,25
PNC Financial Services,132879210,134B8D5F0,United States,USD,Person,121,Javier Stephenson,0,0,0,0,Money Market,2214676604,50
Wellington Management,1328D4DF0,136E633A0,United States,USD,Person,121,Javier Stephenson,0,0,0,0,Stock,2080458877,0
T. Rowe Price,1328D5470,136E634C0,United States,USD,Person,121,Javier Stephenson,0,0,0,0,Stock,469846142,0
T. Rowe Price,1328D5470,136E634C0,United States,USD,Person,121,Javier Stephenson,0,0,0,0,Stock,469846143,0
T. Rowe Price,1328D5470,136E634C0,United States,USD,Person,121,Javier Stephenson,0,0,0,0,Stock,469846144,0
Wellington Management,1328D4DF0,136E633A0,United States,USD,Person,121,Javier Stephenson,0,0,0,0,Mutual Fund / ETF,2080458881,0
Bank of New York Mellon,132879550,134BC82D0,United States,USD,Person,121,Javier Stephenson,0,0,0,0,Money Market,1409370242,50
Wellington Management,1328D4DF0,136E633A0,United States,USD,Person,121,Javier Stephenson,0,0,0,0,Mutual Fund / ETF,2080458883,0
Noah's Federal Credit Union,697AAC190,697AAC520,United States,USD,Person,121,Javier Stephenson,0,0,0,0,Money Market,1677805700,0
Cash,3CEC88A0,3CEC8BC0,United States,USD,Person,122,Jaxx Elliott,0,0,0,0,Cash,0,0
JPMorgan Chase,132877E90,134A02980,United States,USD,Person,122,Jaxx Elliott,1,208,0,0,Checking,2751547541,0
Cross Bank,69712A740,69712AAD0,United States,USD,Person,122,Jaxx Elliott,0,0,0,0,Savings,3489745046,50
Cash,3CEC88A0,3CEC8BC0,United States,USD,Person,123,Mathias Hansen,0,0,0,0,Cash,0,0
Ali's Federal Credit Union,69808C050,69808C3E0,United States,USD,Person,123,Mathias Hansen,1,0,0,0,Checking,335628508,0
Zelda's Federal Credit Union,697B92F90,697B93320,United States,USD,Person,123,Mathias Hansen,0,0,0,0,Savings,3825289437,10
Dickson Investments,69B935170,69B935500,United States,USD,Person,123,Mathias Hansen,0,0,0,0,Mutual Fund / ETF,1543588062,0
Dickson Investments,69B935170,69B935500,United States,USD,Person,123,Mathias Hansen,0,0,0,0,Mutual Fund / ETF,1543588063,0
Dickson Investments,69B935170,69B935500,United States,USD,Person,123,Mathias Hansen,0,0,0,0,Mutual Fund / ETF,1543588064,0
Dickson Investments,69B935170,69B935500,United States,USD,Person,123,Mathias Hansen,0,0,0,0,Mutual Fund / ETF,1543588065,0
Dickson Investments,69B935170,69B935500,United States,USD,Person,123,Mathias Hansen,0,0,0,0,Mutual Fund / ETF,1543588066,0
Dickson Investments,69B935170,69B935500,United States,USD,Person,123,Mathias Hansen,0,0,0,0,Mutual Fund / ETF,1543588067,0
Dickson Investments,69B935170,69B935500,United States,USD,Person,123,Mathias Hansen,0,0,0,0,Mutual Fund / ETF,1543588068,0
Dickson Investments,69B935170,69B935500,United States,USD,Person,123,Mathias Hansen,0,0,0,0,Mutual Fund / ETF,1543588069,0
Dickson Investments,69B935170,69B935500,United States,USD,Person,123,Mathias Hansen,0,0,0,0,Mutual Fund / ETF,1543588070,0
Dickson Investments,69B935170,69B935500,United States,USD,Person,123,Mathias Hansen,0,0,0,0,Mutual Fund / ETF,1543588071,0
Dickson Investments,69B935170,69B935500,United States,USD,Person,123,Mathias Hansen,0,0,0,0,Mutual Fund / ETF,1543588072,0
Ali's Federal Credit Union,69808C050,69808C3E0,United States,USD,Person,123,Mathias Hansen,0,0,0,0,Money Market,335628521,50
Chubb - Life,132872680,1348574A0,United States,USD,Person,123,Mathias Hansen,0,0,0,0,Life Insurance,2684438762,0
Cash,3CEC88A0,3CEC8BC0,United States,USD,Person,124,Zane Martin,0,0,0,0,Cash,0,0
Arya's Savings Bank,6988CCD20,6988CD0B0,United States,USD,Person,124,Zane Martin,1,0,0,0,Checking,1208043783,50
Citi,132878850,134ACCE40,United States,USD,Person,124,Zane Martin,0,0,0,0,Savings,335628552,100
Raymond James Financial,1328D33F0,136E5F370,United States,USD,Person,124,Zane Martin,0,0,0,0,Mutual Fund / ETF,4227942665,0
Arya's Savings Bank,6988CCD20,6988CD0B0,United States,USD,Person,124,Zane Martin,0,0,0,0,Money Market,1208043786,10
Cash,3CEC88A0,3CEC8BC0,United States,USD,Person,125,Terrence Chan,0,0,0,0,Cash,0,0
Benson Savings Bank,697FBE850,697FBEBE0,United States,USD,Person,125,Terrence Chan,1,0,0,0,Checking,335628566,100
King Federal Credit Union,69824B530,69824B8C0,United States,USD,Person,125,Terrence Chan,0,0,0,0,Savings,1275152663,25
Benson Savings Bank,697FBE850,697FBEBE0,United States,USD,Person,125,Terrence Chan,0,0,0,0,Money Market,335628568,50
Goldman Sachs,1328D19F0,133657BB0,United States,USD,Person,125,Terrence Chan,0,0,0,0,Stock,2080459033,0
Goldman Sachs,1328D19F0,133657BB0,United States,USD,Person,125,Terrence Chan,0,0,0,0,Stock,2080459034,0
Raymond James Financial,1328D33F0,136E61980,United States,USD,Person,125,Terrence Chan,0,0,0,0,Mutual Fund / ETF,4227942683,0
Goldman Sachs,1328D19F0,133657BB0,United States,USD,Person,125,Terrence Chan,0,0,0,0,Money Market,2080459036,0
State Farm - Life,132870C80,1346C8410,United States,USD,Person,125,Terrence Chan,0,0,0,0,Life Insurance,536955165,0
Cash,3CEC88A0,3CEC8BC0,United States,USD,Person,126,Noel Walls,0,0,0,0,Cash,0,0
Poppy's Bank,697C01180,697C01510,United States,USD,Person,126,Noel Walls,1,2,0,0,Checking,1610697027,50
JPMorgan Chase,132877E90,1349F33A0,United States,USD,Person,126,Noel Walls,0,0,0,0,Savings,2751547716,50
Key Bank,132879F10,134C391A0,United States,USD,Person,126,Noel Walls,0,0,0,0,Savings,3288418629,25
Victoria's Investing,69B757D10,69B7580A0,United States,USD,Person,126,Noel Walls,0,0,0,0,Mutual Fund / ETF,1140934982,0
JPMorgan Chase,132877E90,1349F33A0,United States,USD,Person,126,Noel Walls,0,0,0,0,Money Market,2751547719,0
Cash,3CEC88A0,3CEC8BC0,United States,USD,Person,127,Harlee Todd,0,0,0,0,Cash,0,0
Poole Savings Bank,69AF1C5E0,69AF1C970,United States,USD,Person,127,Harlee Todd,1,0,0,0,Checking,2013350239,50
Liv's Federal Credit Union,6993DCF40,6993DD2D0,United States,USD,Person,127,Harlee Todd,0,0,0,0,Savings,3489745248,25
Avalos Stocks and Investing,69B927D40,69B9280D0,United States,USD,Person,127,Harlee Todd,0,0,0,0,Mutual Fund / ETF,1342261601,0
Avalos Stocks and Investing,69B927D40,69B9280D0,United States,USD,Person,127,Harlee Todd,0,0,0,0,Mutual Fund / ETF,1342261602,0
Avalos Stocks and Investing,69B927D40,69B9280D0,United States,USD,Person,127,Harlee Todd,0,0,0,0,Mutual Fund / ETF,1342261603,0
Avalos Stocks and Investing,69B927D40,69B9280D0,United States,USD,Person,127,Harlee Todd,0,0,0,0,Mutual Fund / ETF,1342261604,0
Avalos Stocks and Investing,69B927D40,69B9280D0,United States,USD,Person,127,Harlee Todd,0,0,0,0,Mutual Fund / ETF,1342261605,0
Poole Savings Bank,69AF1C5E0,69AF1C970,United States,USD,Person,127,Harlee Todd,0,0,0,0,Money Market,2013350246,10
Avalos Stocks and Investing,69B927D40,69B9280D0,United States,USD,Person,127,Harlee Todd,0,0,0,0,Mutual Fund / ETF,1342261607,0
Avalos Stocks and Investing,69B927D40,69B9280D0,United States,USD,Person,127,Harlee Todd,0,0,0,0,Money Market,1342261608,50
Cash,3CEC88A0,3CEC8BC0,United States,USD,Person,128,Demi Reeves,0,0,0,0,Cash,0,0
Bank of New York Mellon,132879550,134BC82D0,United States,USD,Person,128,Demi Reeves,1,0,0,0,Checking,1409370503,0
Wilkinson Bank,698848920,698848CB0,United States,USD,Person,128,Demi Reeves,0,0,0,0,Savings,1208043912,0
Bank of New York Mellon,132879550,134BC82D0,United States,USD,Person,128,Demi Reeves,0,0,0,0,Savings,1409370505,50
Wilkinson Bank,698848920,698848CB0,United States,USD,Person,128,Demi Reeves,0,0,0,0,Money Market,1208043914,100
Wellington Management,1328D4DF0,136E633A0,United States,USD,Person,128,Demi Reeves,0,0,0,0,Money Market,2080459147,0
Vanguard Investments,1328D3DB0,1337CF6F0,United States,USD,Person,128,Demi Reeves,0,0,0,0,Mutual Fund / ETF,1812023692,0
Morgan Stanley,1328D2070,136E57910,United States,USD,Person,128,Demi Reeves,0,0,0,0,Mutual Fund / ETF,469846413,0
Morgan Stanley,1328D2070,136E57910,United States,USD,Person,128,Demi Reeves,0,0,0,0,Mutual Fund / ETF,469846414,0
Morgan Stanley,1328D2070,136E57910,United States,USD,Person,128,Demi Reeves,0,0,0,0,Mutual Fund / ETF,469846415,0
Morgan Stanley,1328D2070,136E57910,United States,USD,Person,128,Demi Reeves,0,0,0,0,Mutual Fund / ETF,469846416,0
Vanguard Investments,1328D3DB0,1337CF6F0,United States,USD,Person,128,Demi Reeves,0,0,0,0,Stock,1812023697,0
Morgan Stanley,1328D2070,136E57910,United States,USD,Person,128,Demi Reeves,0,0,0,0,Stock,469846418,0
Vanguard Investments,1328D3DB0,1337CF6F0,United States,USD,Person,128,Demi Reeves,0,0,0,0,Stock,1812023699,0
Invesco,1328D4AB0,136E63320,United States,USD,Person,128,Demi Reeves,0,0,0,0,Stock,2885765524,0
Vanguard Investments,1328D3DB0,1337CF6F0,United States,USD,Person,128,Demi Reeves,0,0,0,0,Stock,1812023701,0
American Funds,1328D4430,136E63220,United States,USD,Person,128,Demi Reeves,0,0,0,0,Stock,201410966,0
Vanguard Investments,1328D3DB0,1337CF6F0,United States,USD,Person,128,Demi Reeves,0,0,0,0,Stock,1812023703,0
Morgan Stanley,1328D2070,136E57910,United States,USD,Person,128,Demi Reeves,0,0,0,0,Stock,469846424,0
Morgan Stanley,1328D2070,136E57910,United States,USD,Person,128,Demi Reeves,0,0,0,0,Stock,469846425,0
CNO Financial Group,1328D3730,1337CF5F0,United States,USD,Person,128,Demi Reeves,0,0,0,0,Stock,3422636442,0
CNO Financial Group,1328D3730,1337CF5F0,United States,USD,Person,128,Demi Reeves,0,0,0,0,Stock,3422636443,0
Interactive Brokers,1328D2D70,136E5F270,United States,USD,Person,128,Demi Reeves,0,0,0,0,Stock,1543588252,0
Synchrony Financial,1328D30B0,136E5F2F0,United States,USD,Person,128,Demi Reeves,0,0,0,0,Stock,738281885,0
Invesco,1328D4AB0,136E63320,United States,USD,Person,128,Demi Reeves,0,0,0,0,Mutual Fund / ETF,2885765534,0
Morgan Stanley,1328D2070,136E57910,United States,USD,Person,128,Demi Reeves,0,0,0,0,Mutual Fund / ETF,469846431,0
T. Rowe Price,1328D5470,136E634C0,United States,USD,Person,128,Demi Reeves,0,0,0,0,Mutual Fund / ETF,469846432,0
Wellington Management,1328D4DF0,136E633A0,United States,USD,Person,128,Demi Reeves,0,0,0,0,Mutual Fund / ETF,2080459169,0
Morgan Stanley,1328D2070,136E57910,United States,USD,Person,128,Demi Reeves,0,0,0,0,Mutual Fund / ETF,469846434,0
Vanguard Investments,1328D3DB0,1337CF6F0,United States,USD,Person,128,Demi Reeves,0,0,0,0,Mutual Fund / ETF,1812023715,0
CNO Financial Group,1328D3730,1337CF5F0,United States,USD,Person,128,Demi Reeves,0,0,0,0,Mutual Fund / ETF,3422636452,0
Morgan Stanley,1328D2070,136E57910,United States,USD,Person,128,Demi Reeves,0,0,0,0,Mutual Fund / ETF,469846437,0
Vanguard Investments,1328D3DB0,1337CF6F0,United States,USD,Person,128,Demi Reeves,0,0,0,0,Mutual Fund / ETF,1812023718,0
Shaffer Bank,696E35040,696E353D0,United States,USD,Person,128,Demi Reeves,0,0,0,0,Money Market,268519847,50
Vanguard Investments,1328D3DB0,1337CF6F0,United States,USD,Person,128,Demi Reeves,0,0,0,0,Mutual Fund / ETF,1812023720,0
CNO Financial Group,1328D3730,1337CF5F0,United States,USD,Person,128,Demi Reeves,0,0,0,0,Mutual Fund / ETF,3422636457,0
Wellington Management,1328D4DF0,136E633A0,United States,USD,Person,128,Demi Reeves,0,0,0,0,Mutual Fund / ETF,2080459178,0
Wellington Management,1328D4DF0,136E633A0,United States,USD,Person,128,Demi Reeves,0,0,0,0,Mutual Fund / ETF,2080459179,0
Charles Schwab,1328D16B0,136E50180,United States,USD,Person,128,Demi Reeves,0,0,0,0,Mutual Fund / ETF,2885765548,0
CNO Financial Group,1328D3730,1337CF5F0,United States,USD,Person,128,Demi Reeves,0,0,0,0,Money Market,3422636461,10
Cash,3CEC88A0,3CEC8BC0,United States,USD,Person,129,Matteo Faulkner,0,0,0,0,Cash,0,0
Powers Savings Bank,6973469F0,697346D80,United States,USD,Person,129,Matteo Faulkner,1,0,0,0,Checking,2080459190,250
SunTrust Banks,132879BD0,134C12020,United States,USD,Person,129,Matteo Faulkner,0,0,0,0,Savings,4093725111,25
Charles Schwab,1328D16B0,136E51CA0,United States,USD,Person,129,Matteo Faulkner,0,0,0,0,Mutual Fund / ETF,2885765560,0
Charles Schwab,1328D16B0,136E51CA0,United States,USD,Person,129,Matteo Faulkner,0,0,0,0,Mutual Fund / ETF,2885765561,0
Powers Savings Bank,6973469F0,697346D80,United States,USD,Person,129,Matteo Faulkner,0,0,0,0,Money Market,2080459194,50
Cash,3CEC88A0,3CEC8BC0,United States,USD,Person,130,Francisco Barton,0,0,0,0,Cash,0,0
Wells Savings Bank,69A35DDB0,69A35E140,United States,USD,Person,130,Francisco Barton,1,208,0,0,Checking,1812023772,0
Curtis Federal Credit Union,697CDBBD0,697CDBF60,United States,USD,Person,130,Francisco Barton,0,0,0,0,Savings,4093725149,0
Curtis Federal Credit Union,697CDBBD0,697CDBF60,United States,USD,Person,130,Francisco Barton,0,0,0,0,CD,4093725150,0
Wells Savings Bank,69A35DDB0,69A35E140,United States,USD,Person,130,Francisco Barton,0,0,0,0,CD,1812023775,0
Franklin Resources,1328D5130,136E63420,United States,USD,Person,130,Francisco Barton,0,0,0,0,Mutual Fund / ETF,1275152864,0
Franklin Resources,1328D5130,136E63420,United States,USD,Person,130,Francisco Barton,0,0,0,0,Mutual Fund / ETF,1275152865,0
Franklin Resources,1328D5130,136E63420,United States,USD,Person,130,Francisco Barton,0,0,0,0,Mutual Fund / ETF,1275152866,0
Wells Savings Bank,69A35DDB0,69A35E140,United States,USD,Person,130,Francisco Barton,0,0,0,0,Money Market,1812023779,0
Cash,3CEC88A0,3CEC8BC0,United States,USD,Person,131,Camilo Waller,0,0,0,0,Cash,0,0
Capital One Financial,132878B90,134B36410,United States,USD,Person,131,Camilo Waller,1,154,0,0,Checking,3825289701,50
BB&T Corp.,132879890,134BEDBE0,United States,USD,Person,131,Camilo Waller,0,0,0,0,Savings,604064230,0
Capital One Financial,132878B90,134B36410,United States,USD,Person,131,Camilo Waller,0,0,0,0,Money Market,3825289703,50
Invesco,1328D4AB0,136E63320,United States,USD,Person,131,Camilo Waller,0,0,0,0,Mutual Fund / ETF,2885765608,0
Invesco,1328D4AB0,136E63320,United States,USD,Person,131,Camilo Waller,0,0,0,0,Mutual Fund / ETF,2885765609,0
Invesco,1328D4AB0,136E63320,United States,USD,Person,131,Camilo Waller,0,0,0,0,Money Market,2885765610,25
Invesco,1328D4AB0,136E63320,United States,USD,Person,131,Camilo Waller,0,0,0,0,Mutual Fund / ETF,2885765611,0
BB&T Corp.,132879890,134BEDBE0,United States,USD,Person,131,Camilo Waller,0,0,0,0,Money Market,604064236,10
Cash,3CEC88A0,3CEC8BC0,United States,USD,Person,132,Zariah Richmond,0,0,0,0,Cash,0,0
PNC Financial Services,132879210,134B8D5F0,United States,USD,Person,132,Zariah Richmond,1,208,0,0,Checking,2214677015,25
Mathis Bank,698A3DF60,698A3E2F0,United States,USD,Person,132,Zariah Richmond,0,0,0,0,Savings,3623963160,50
PNC Financial Services,132879210,134B8D5F0,United States,USD,Person,132,Zariah Richmond,0,0,0,0,Money Market,2214677017,0
KUCoin,1328D67F0,136E63880,United States,USD,Person,132,Zariah Richmond,0,0,0,0,Crypto Currency,4227942938,0
Cash,3CEC88A0,3CEC8BC0,United States,USD,Person,133,Annie Chuahirun,0,0,0,0,Cash,0,0
Estelle's Brownsburg Federal Credit Union,6980322C0,698032650,United States,USD,Person,133,Annie Chuahirun,1,208,0,0,Checking,2952874533,0
Barnett Investments,69B7844E0,69B784870,United States,USD,Person,133,Annie Chuahirun,0,0,0,0,Money Market,939608614,0
Remy's Brokerage,69B915200,69B915590,United States,USD,Person,133,Annie Chuahirun,0,0,0,0,Mutual Fund / ETF,2147568167,0
Remy's Brokerage,69B915200,69B915590,United States,USD,Person,133,Annie Chuahirun,0,0,0,0,Mutual Fund / ETF,2147568168,0
Remy's Brokerage,69B915200,69B915590,United States,USD,Person,133,Annie Chuahirun,0,0,0,0,Money Market,2147568169,25
Cash,3CEC88A0,3CEC8BC0,United States,USD,Person,134,Vivienne Moody,0,0,0,0,Cash,0,0
Galindo Savings Bank,69A361A70,69A361E00,United States,USD,Person,134,Vivienne Moody,1,0,0,0,Checking,2617330249,10
Bank of America Corp.,1328781D0,134A46C60,United States,USD,Person,134,Vivienne Moody,0,0,0,0,Savings,1946241610,10
Goldman Sachs,1328D19F0,133657BB0,United States,USD,Person,134,Vivienne Moody,0,0,0,0,Mutual Fund / ETF,2080459339,0
Goldman Sachs,1328D19F0,133657BB0,United States,USD,Person,134,Vivienne Moody,0,0,0,0,Mutual Fund / ETF,2080459340,0
Eden's Stocks and Investing,9B4B687C0,9B4B68B50,Madagascar,USD,Person,134,Vivienne Moody,0,0,0,0,Mutual Fund / ETF,4026616397,0
Goldman Sachs,1328D19F0,133657BB0,United States,USD,Person,134,Vivienne Moody,0,0,0,0,Mutual Fund / ETF,2080459342,0
Galindo Savings Bank,69A361A70,69A361E00,United States,USD,Person,134,Vivienne Moody,0,0,0,0,Money Market,2617330255,0
Goldman Sachs,1328D19F0,133657BB0,United States,USD,Person,134,Vivienne Moody,0,0,0,0,Mutual Fund / ETF,2080459344,0
Goldman Sachs,1328D19F0,133657BB0,United States,USD,Person,134,Vivienne Moody,0,0,0,0,Money Market,2080459345,0
Cash,3CEC88A0,3CEC8BC0,United States,USD,Person,135,Lyric Kaur,0,0,0,0,Cash,0,0
Citizens Bank,13287A8D0,134C8A9A0,United States,USD,Person,135,Lyric Kaur,1,208,0,0,Checking,872499820,10
Citizens Bank,13287A8D0,134C8A9A0,United States,USD,Person,135,Lyric Kaur,0,0,0,0,Savings,872499821,10
Cash,3CEC88A0,3CEC8BC0,United States,USD,Person,136,Adaline Bradley,0,0,0,0,Cash,0,0
Bank of America Corp.,1328781D0,134A35A10,United States,USD,Person,136,Adaline Bradley,1,0,0,0,Checking,1946241685,50
Ally Financial,13287AF50,133B57270,United States,USD,Person,136,Adaline Bradley,0,0,0,0,Savings,3556854422,50
Bank of America Corp.,1328781D0,134A35A10,United States,USD,Person,136,Adaline Bradley,0,0,0,0,Money Market,1946241687,0
Ally Financial,13287AF50,133B57270,United States,USD,Person,136,Adaline Bradley,0,0,0,0,Money Market,3556854424,25
Marks Securities Company,69B8DCF50,69B8DD2E0,United States,USD,Person,136,Adaline Bradley,0,0,0,0,Mutual Fund / ETF,3556854425,0
Marks Securities Company,69B8DCF50,69B8DD2E0,United States,USD,Person,136,Adaline Bradley,0,0,0,0,Mutual Fund / ETF,3556854426,0
Marks Securities Company,69B8DCF50,69B8DD2E0,United States,USD,Person,136,Adaline Bradley,0,0,0,0,Mutual Fund / ETF,3556854427,0
Marks Securities Company,69B8DCF50,69B8DD2E0,United States,USD,Person,136,Adaline Bradley,0,0,0,0,Mutual Fund / ETF,3556854428,0
Morgan Stanley,1328D2070,136E589B0,United States,USD,Person,136,Adaline Bradley,0,0,0,0,Mutual Fund / ETF,469846685,0
Regina's Stocks and Investing,9A1987790,9A1987B20,Canada,USD,Person,136,Adaline Bradley,0,0,0,0,Mutual Fund / ETF,3825289886,0
Marks Securities Company,69B8DCF50,69B8DD2E0,United States,USD,Person,136,Adaline Bradley,0,0,0,0,Mutual Fund / ETF,3556854431,0
Marks Securities Company,69B8DCF50,69B8DD2E0,United States,USD,Person,136,Adaline Bradley,0,0,0,0,Mutual Fund / ETF,3556854432,0
Charles Schwab,1328D16B0,136E50FF0,United States,USD,Person,136,Adaline Bradley,0,0,0,0,Mutual Fund / ETF,2885765793,0
Marks Securities Company,69B8DCF50,69B8DD2E0,United States,USD,Person,136,Adaline Bradley,0,0,0,0,Mutual Fund / ETF,3556854434,0
Charles Schwab,1328D16B0,136E50FF0,United States,USD,Person,136,Adaline Bradley,0,0,0,0,Mutual Fund / ETF,2885765795,0
Charles Schwab,1328D16B0,136E50FF0,United States,USD,Person,136,Adaline Bradley,0,0,0,0,Mutual Fund / ETF,2885765796,0
Marks Securities Company,69B8DCF50,69B8DD2E0,United States,USD,Person,136,Adaline Bradley,0,0,0,0,Mutual Fund / ETF,3556854437,0
Charles Schwab,1328D16B0,136E50FF0,United States,USD,Person,136,Adaline Bradley,0,0,0,0,Mutual Fund / ETF,2885765798,0
Marks Securities Company,69B8DCF50,69B8DD2E0,United States,USD,Person,136,Adaline Bradley,0,0,0,0,Money Market,3556854439,50
Cash,3CEC88A0,3CEC8BC0,United States,USD,Person,137,Roselyn Stewart,0,0,0,0,Cash,0,0
Regions Financial,13287A250,134C56B70,United States,USD,Person,137,Roselyn Stewart,1,0,0,0,Checking,2483112649,100
Wells Fargo,132878510,134A81830,United States,USD,Person,137,Roselyn Stewart,0,0,0,0,Savings,1140935370,0
Regions Financial,13287A250,134C56B70,United States,USD,Person,137,Roselyn Stewart,0,0,0,0,Money Market,2483112651,25
Merrill Lynch,1328D23B0,136E5CB10,United States,USD,Person,137,Roselyn Stewart,0,0,0,0,Mutual Fund / ETF,3959507660,0
Merrill Lynch,1328D23B0,136E5CB10,United States,USD,Person,137,Roselyn Stewart,0,0,0,0,Mutual Fund / ETF,3959507661,0
Merrill Lynch,1328D23B0,136E5CB10,United States,USD,Person,137,Roselyn Stewart,0,0,0,0,Mutual Fund / ETF,3959507662,0
Baylee's Cincinnati Stocks and Investing,69B89E930,69B89ECC0,United States,USD,Person,137,Roselyn Stewart,0,0,0,0,Mutual Fund / ETF,1275153103,0
Baylee's Cincinnati Stocks and Investing,69B89E930,69B89ECC0,United States,USD,Person,137,Roselyn Stewart,0,0,0,0,Money Market,1275153104,10
Baylee's Cincinnati Stocks and Investing,69B89E930,69B89ECC0,United States,USD,Person,137,Roselyn Stewart,0,0,0,0,Mutual Fund / ETF,1275153105,0
Merrill Lynch,1328D23B0,136E5CB10,United States,USD,Person,137,Roselyn Stewart,0,0,0,0,Money Market,3959507666,100
Cash,3CEC88A0,3CEC8BC0,United States,USD,Person,138,Stevie Nash,0,0,0,0,Cash,0,0
Lilian's Detroit Lakes Thrift,69AFF60C0,69AFF6450,United States,USD,Person,138,Stevie Nash,1,1,0,0,Checking,805391059,50
Jones Thrift,69B4FF5B0,69B4FF940,United States,USD,Person,138,Stevie Nash,0,0,0,0,Savings,1812024020,0
Lilian's Detroit Lakes Thrift,69AFF60C0,69AFF6450,United States,USD,Person,138,Stevie Nash,0,0,0,0,Money Market,805391061,25
Jones Thrift,69B4FF5B0,69B4FF940,United States,USD,Person,138,Stevie Nash,0,0,0,0,CD,1812024022,0
Nolan's Brokerage House,69B8DB990,69B8DBD20,United States,USD,Person,138,Stevie Nash,0,0,0,0,Mutual Fund / ETF,1677806295,0
Nolan's Brokerage House,69B8DB990,69B8DBD20,United States,USD,Person,138,Stevie Nash,0,0,0,0,Mutual Fund / ETF,1677806296,0
Jones Thrift,69B4FF5B0,69B4FF940,United States,USD,Person,138,Stevie Nash,0,0,0,0,Money Market,1812024025,0
Cash,3CEC88A0,3CEC8BC0,United States,USD,Person,139,Kadence Mays,0,0,0,0,Cash,0,0
Ally Financial,13287AF50,133B57270,United States,USD,Person,139,Kadence Mays,1,2,0,0,Checking,3556854504,50
Regions Financial,13287A250,134C56B70,United States,USD,Person,139,Kadence Mays,0,0,0,0,Savings,2483112681,25
Ally Financial,13287AF50,133B57270,United States,USD,Person,139,Kadence Mays,0,0,0,0,Money Market,3556854506,25
Vanguard Investments,1328D3DB0,1337CF6F0,United States,USD,Person,139,Kadence Mays,0,0,0,0,Mutual Fund / ETF,1812024043,0
Regions Financial,13287A250,134C56B70,United States,USD,Person,139,Kadence Mays,0,0,0,0,Money Market,2483112684,50
Vanguard Investments,1328D3DB0,1337CF6F0,United States,USD,Person,139,Kadence Mays,0,0,0,0,Mutual Fund / ETF,1812024045,0
Vanguard Investments,1328D3DB0,1337CF6F0,United States,USD,Person,139,Kadence Mays,0,0,0,0,Mutual Fund / ETF,1812024046,0
Vanguard Investments,1328D3DB0,1337CF6F0,United States,USD,Person,139,Kadence Mays,0,0,0,0,Money Market,1812024047,0
AmTrust Financial Services,132876B00,1349ADD60,United States,USD,Person,139,Kadence Mays,0,0,0,0,Life Insurance,3221310192,0
Cash,3CEC88A0,3CEC8BC0,United States,USD,Person,140,Colson McGuire Sr,0,0,0,0,Cash,0,0
Bank of New York Mellon,132879550,134BC82D0,United States,USD,Person,140,Colson McGuire Sr,0,0,0,0,Checking,1409370888,0
Alejandro's Savings Bank,698FA2610,698FA29A0,United States,USD,Person,140,Colson McGuire Sr,0,0,0,0,Savings,2214677257,10
Bank of New York Mellon,132879550,134BC82D0,United States,USD,Person,140,Colson McGuire Sr,0,0,0,0,Money Market,1409370890,0
Capital One Financial,132878B90,134B1C2B0,United States,USD,Person,140,Colson McGuire Sr,0,0,0,0,CD,3825289995,0
Kian's Investing,69B843270,69B843600,United States,USD,Person,140,Colson McGuire Sr,0,0,0,0,Mutual Fund / ETF,2617330444,0
Wellington Management,1328D4DF0,136E633A0,United States,USD,Person,140,Colson McGuire Sr,0,0,0,0,Mutual Fund / ETF,2080459533,0
Kian's Investing,69B843270,69B843600,United States,USD,Person,140,Colson McGuire Sr,0,0,0,0,Mutual Fund / ETF,2617330446,0
Kian's Investing,69B843270,69B843600,United States,USD,Person,140,Colson McGuire Sr,0,0,0,0,Money Market,2617330447,100
Liberty Mutual - Life,132871640,134795520,United States,USD,Person,140,Colson McGuire Sr,0,0,0,0,Life Insurance,2416003856,0
Cash,3CEC88A0,3CEC8BC0,United States,USD,Person,141,Giovanna Lamb,0,0,0,0,Cash,0,0
Willis Savings Bank,69721DC90,69721E020,United States,USD,Person,141,Giovanna Lamb,1,208,0,0,Checking,604064551,10
Citizens Bank,13287A8D0,134C7ECA0,United States,USD,Person,141,Giovanna Lamb,0,0,0,0,Savings,872500008,100
Willis Savings Bank,69721DC90,69721E020,United States,USD,Person,141,Giovanna Lamb,0,0,0,0,Money Market,604064553,0
KUCoin,1328D67F0,136E63880,United States,USD,Person,141,Giovanna Lamb,0,0,0,0,Crypto Currency,4227943210,0
Jolie's Brokerage,69B837C10,69B837FA0,United States,USD,Person,141,Giovanna Lamb,0,0,0,0,Mutual Fund / ETF,67193643,0
Jolie's Brokerage,69B837C10,69B837FA0,United States,USD,Person,141,Giovanna Lamb,0,0,0,0,Money Market,67193644,50
Jolie's Brokerage,69B837C10,69B837FA0,United States,USD,Person,141,Giovanna Lamb,0,0,0,0,Mutual Fund / ETF,67193645,0
Liv's Federal Credit Union,6993DCF40,6993DD2D0,United States,USD,Person,141,Giovanna Lamb,0,0,0,0,Money Market,3489745710,50
Hanover Insurance Group,1328767C0,1349A62A0,United States,USD,Person,141,Giovanna Lamb,0,0,0,0,Life Insurance,4026616623,0
Cash,3CEC88A0,3CEC8BC0,United States,USD,Person,142,Amiya Booth,0,0,0,0,Cash,0,0
Citi,132878850,134AEBF40,United States,USD,Person,142,Amiya Booth,1,0,0,0,Checking,335629126,25
Reeves Lemont Savings Bank,69937EC60,69937EFF0,United States,USD,Person,142,Amiya Booth,0,0,0,0,Savings,402737991,0
Citi,132878850,134AEBF40,United States,USD,Person,142,Amiya Booth,0,0,0,0,Money Market,335629128,50
Voya Financial,1328D2A30,136E5F1F0,United States,USD,Person,142,Amiya Booth,0,0,0,0,Mutual Fund / ETF,2348895049,0
Voya Financial,1328D2A30,136E5F1F0,United States,USD,Person,142,Amiya Booth,0,0,0,0,Mutual Fund / ETF,2348895050,0
Otto's Brokers,69B8F26F0,69B8F2A80,United States,USD,Person,142,Amiya Booth,0,0,0,0,Mutual Fund / ETF,3154201419,0
Voya Financial,1328D2A30,136E5F1F0,United States,USD,Person,142,Amiya Booth,0,0,0,0,Mutual Fund / ETF,2348895052,0
Otto's Brokers,69B8F26F0,69B8F2A80,United States,USD,Person,142,Amiya Booth,0,0,0,0,Money Market,3154201421,25
Cash,3CEC88A0,3CEC8BC0,United States,USD,Person,143,Matthew Rose,0,0,0,0,Cash,0,0
Regions Financial,13287A250,134C56B70,United States,USD,Person,143,Matthew Rose,1,0,0,0,Checking,2483112782,50
Regions Financial,13287A250,134C56B70,United States,USD,Person,143,Matthew Rose,0,0,0,0,CD,2483112783,0
Nationwide - Life,132872340,13480E690,United States,USD,Person,143,Matthew Rose,0,0,0,0,Life Insurance,3489745744,0
Cash,3CEC88A0,3CEC8BC0,United States,USD,Person,144,Angelique O'Neal,0,0,0,0,Cash,0,0
Harper Bank,6983A01C0,6983A0550,United States,USD,Person,144,Angelique O'Neal,1,3,0,0,Checking,1879133035,0
Bank of America Corp.,1328781D0,134A37F40,United States,USD,Person,144,Angelique O'Neal,0,0,0,0,Savings,1946241900,250
Dawson Brokers,69B8AF1F0,69B8AF580,United States,USD,Person,144,Angelique O'Neal,0,0,0,0,Stock,2080459629,0
Blanchard Stocks and Investing,69B908EC0,69B909250,United States,USD,Person,144,Angelique O'Neal,0,0,0,0,Stock,2952874862,0
Dawson Brokers,69B8AF1F0,69B8AF580,United States,USD,Person,144,Angelique O'Neal,0,0,0,0,Stock,2080459631,0
Dawson Brokers,69B8AF1F0,69B8AF580,United States,USD,Person,144,Angelique O'Neal,0,0,0,0,Stock,2080459632,0
Dawson Brokers,69B8AF1F0,69B8AF580,United States,USD,Person,144,Angelique O'Neal,0,0,0,0,Mutual Fund / ETF,2080459633,0
Harper Bank,6983A01C0,6983A0550,United States,USD,Person,144,Angelique O'Neal,0,0,0,0,Money Market,1879133042,10
Jazmine's Stocks and Investing,69B7DF6D0,69B7DFA60,United States,USD,Person,144,Angelique O'Neal,0,0,0,0,Mutual Fund / ETF,3019983731,0
Morgan Stanley,1328D2070,136E579F0,United States,USD,Person,144,Angelique O'Neal,0,0,0,0,Money Market,469846900,0
Wilkins Caldwell Life Insurance,69BC8A610,69BC8A9A0,United States,USD,Person,144,Angelique O'Neal,0,0,0,0,Life Insurance,2214677365,0
Cash,3CEC88A0,3CEC8BC0,United States,USD,Person,145,Ronan Wan,0,0,0,0,Cash,0,0
Key Bank,132879F10,134C391A0,United States,USD,Person,145,Ronan Wan,1,0,0,0,Checking,3288419237,0
Fifth Third Bancorp,13287B290,134CB83A0,United States,USD,Person,145,Ronan Wan,0,0,0,0,Savings,2751548326,100
Fidelity Investments,1328D40F0,136E631A0,United States,USD,Person,145,Ronan Wan,0,0,0,0,Mutual Fund / ETF,1006717863,0
Fidelity Investments,1328D40F0,136E631A0,United States,USD,Person,145,Ronan Wan,0,0,0,0,Mutual Fund / ETF,1006717864,0
Fidelity Investments,1328D40F0,136E631A0,United States,USD,Person,145,Ronan Wan,0,0,0,0,Mutual Fund / ETF,1006717865,0
Fidelity Investments,1328D40F0,136E631A0,United States,USD,Person,145,Ronan Wan,0,0,0,0,Mutual Fund / ETF,1006717866,0
Key Bank,132879F10,134C391A0,United States,USD,Person,145,Ronan Wan,0,0,0,0,Money Market,3288419243,0
Fidelity Investments,1328D40F0,136E631A0,United States,USD,Person,145,Ronan Wan,0,0,0,0,Mutual Fund / ETF,1006717868,0
Invesco,1328D4AB0,136E63320,United States,USD,Person,145,Ronan Wan,0,0,0,0,Mutual Fund / ETF,2885766061,0
Fidelity Investments,1328D40F0,136E631A0,United States,USD,Person,145,Ronan Wan,0,0,0,0,Mutual Fund / ETF,1006717870,0
Vanguard Investments,1328D3DB0,1337CF6F0,United States,USD,Person,145,Ronan Wan,0,0,0,0,Mutual Fund / ETF,1812024239,0
Fidelity Investments,1328D40F0,136E631A0,United States,USD,Person,145,Ronan Wan,0,0,0,0,Mutual Fund / ETF,1006717872,0
Fifth Third Bancorp,13287B290,134CB83A0,United States,USD,Person,145,Ronan Wan,0,0,0,0,Money Market,2751548337,50
Cash,3CEC88A0,3CEC8BC0,United States,USD,Person,146,Marlowe Neufelder,0,0,0,0,Cash,0,0
Greer San Francisco Savings Bank,696E59E80,696E5A210,United States,USD,Person,146,Marlowe Neufelder,1,0,0,0,Checking,2684439507,0
Green Bank,6994151F0,699415580,United States,USD,Person,146,Marlowe Neufelder,0,0,0,0,Savings,2080459732,10
Voya Financial,1328D2A30,136E5F1F0,United States,USD,Person,146,Marlowe Neufelder,0,0,0,0,Stock,2348895189,0
Merrill Lynch,1328D23B0,136E5DEC0,United States,USD,Person,146,Marlowe Neufelder,0,0,0,0,Stock,3959507926,0
Voya Financial,1328D2A30,136E5F1F0,United States,USD,Person,146,Marlowe Neufelder,0,0,0,0,Stock,2348895191,0
Merrill Lynch,1328D23B0,136E5DEC0,United States,USD,Person,146,Marlowe Neufelder,0,0,0,0,Stock,3959507928,0
Merrill Lynch,1328D23B0,136E5DEC0,United States,USD,Person,146,Marlowe Neufelder,0,0,0,0,Stock,3959507929,0
Voya Financial,1328D2A30,136E5F1F0,United States,USD,Person,146,Marlowe Neufelder,0,0,0,0,Stock,2348895194,0
Merrill Lynch,1328D23B0,136E5DEC0,United States,USD,Person,146,Marlowe Neufelder,0,0,0,0,Stock,3959507931,0
Merrill Lynch,1328D23B0,136E5DEC0,United States,USD,Person,146,Marlowe Neufelder,0,0,0,0,Stock,3959507932,0
Merrill Lynch,1328D23B0,136E5DEC0,United States,USD,Person,146,Marlowe Neufelder,0,0,0,0,Mutual Fund / ETF,3959507933,0
Greer San Francisco Savings Bank,696E59E80,696E5A210,United States,USD,Person,146,Marlowe Neufelder,0,0,0,0,Money Market,2684439518,25
Cash,3CEC88A0,3CEC8BC0,United States,USD,Person,147,Zainab Lewis,0,0,0,0,Cash,0,0
Barnes Bank,697F55460,697F557F0,United States,USD,Person,147,Zainab Lewis,1,96,0,0,Checking,402738165,0
Bank of America Corp.,1328781D0,134A35A10,United States,USD,Person,147,Zainab Lewis,0,0,0,0,Savings,1946242038,10
Sophie's Oakley Brokerage,69B866720,69B866AB0,United States,USD,Person,147,Zainab Lewis,0,0,0,0,Mutual Fund / ETF,3355528183,0
Wells Fargo,132878510,134A81830,United States,USD,Person,147,Zainab Lewis,0,0,0,0,Money Market,1140935672,100
Sophie's Oakley Brokerage,69B866720,69B866AB0,United States,USD,Person,147,Zainab Lewis,0,0,0,0,Mutual Fund / ETF,3355528185,0
Sophie's Oakley Brokerage,69B866720,69B866AB0,United States,USD,Person,147,Zainab Lewis,0,0,0,0,Money Market,3355528186,0
Cash,3CEC88A0,3CEC8BC0,United States,USD,Person,148,Ari Jarvis,0,0,0,0,Cash,0,0
Kali's Federal Credit Union,696DA9180,696DA9510,United States,USD,Person,148,Ari Jarvis,1,0,0,0,Checking,1610697739,100
Wells Fargo,132878510,134A81830,United States,USD,Person,148,Ari Jarvis,0,0,0,0,Savings,1140935692,0
Campbell Funds,69B8BFA60,69B8BFDF0,United States,USD,Person,148,Ari Jarvis,0,0,0,0,Mutual Fund / ETF,2550221837,0
Campbell Funds,69B8BFA60,69B8BFDF0,United States,USD,Person,148,Ari Jarvis,0,0,0,0,Mutual Fund / ETF,2550221838,0
Cash,3CEC88A0,3CEC8BC0,United States,USD,Person,149,Lanelle Ramos,0,0,0,0,Cash,0,0
JPMorgan Chase,132877E90,1349FF9D0,United States,USD,Person,149,Lanelle Ramos,1,0,0,0,Checking,2751548493,25
JPMorgan Chase,132877E90,1349FF9D0,United States,USD,Person,149,Lanelle Ramos,0,0,0,0,Savings,2751548494,0
United Bank,9ADA1F220,9ADA1F5B0,India,INR,Person,149,Lanelle Ramos,0,0,0,0,Savings,2281786447,0
JPMorgan Chase,132877E90,1349FF9D0,United States,USD,Person,149,Lanelle Ramos,0,0,0,0,CD,2751548496,0
JPMorgan Chase,132877E90,1349FF9D0,United States,USD,Person,149,Lanelle Ramos,0,0,0,0,CD,2751548497,0
JPMorgan Chase,132877E90,1349FF9D0,United States,USD,Person,149,Lanelle Ramos,0,0,0,0,CD,2751548498,0
JPMorgan Chase,132877E90,1349FF9D0,United States,USD,Person,149,Lanelle Ramos,0,0,0,0,CD,2751548499,0
JPMorgan Chase,132877E90,1349FF9D0,United States,USD,Person,149,Lanelle Ramos,0,0,0,0,CD,2751548500,0
Black Rock,1328D3A70,1337CF670,United States,USD,Person,149,Lanelle Ramos,0,0,0,0,Mutual Fund / ETF,2617330773,0
JPMorgan Chase,132877E90,1349FF9D0,United States,USD,Person,149,Lanelle Ramos,0,0,0,0,Money Market,2751548502,0
Cash,3CEC88A0,3CEC8BC0,United States,USD,Person,150,Nico J. Terry,0,0,0,0,Cash,0,0
Bank of America Corp.,1328781D0,134A3AD30,United States,USD,Person,150,Nico J. Terry,1,208,0,0,Checking,1946242155,50
Bank of America Corp.,1328781D0,134A3AD30,United States,USD,Person,150,Nico J. Terry,0,0,0,0,Savings,1946242156,25
Fletcher Federal Credit Union,699439BB0,699439F40,United States,USD,Person,150,Nico J. Terry,0,0,0,0,Savings,3959508077,50
Kairi's Investing,69B809770,69B809B00,United States,USD,Person,150,Nico J. Terry,0,0,0,0,Mutual Fund / ETF,3691072622,0
United Securities Company,69B909780,69B909B10,United States,USD,Person,150,Nico J. Terry,0,0,0,0,Mutual Fund / ETF,3758181487,0
McIntyre Brooklyn Securities Company,69B950310,69B9506A0,United States,USD,Person,150,Nico J. Terry,0,0,0,0,Mutual Fund / ETF,3288419440,0
Bank of America Corp.,1328781D0,134A3AD30,United States,USD,Person,150,Nico J. Terry,0,0,0,0,Money Market,1946242161,0
Raymond James Financial,1328D33F0,136E5F840,United States,USD,Person,150,Nico J. Terry,0,0,0,0,Mutual Fund / ETF,4227943538,0
Fletcher Federal Credit Union,699439BB0,699439F40,United States,USD,Person,150,Nico J. Terry,0,0,0,0,Money Market,3959508083,0
Cash,3CEC88A0,3CEC8BC0,United States,USD,Person,151,Alora Cox,0,0,0,0,Cash,0,0
Sparks Savings Bank,697D40BA0,697D40F30,United States,USD,Person,151,Alora Cox,0,0,0,0,Checking,3892399234,50
Oakley's Savings Bank,698E4F140,698E4F4D0,United States,USD,Person,151,Alora Cox,0,0,0,0,Savings,1342262403,100
Black Rock,1328D3A70,1337CF670,United States,USD,Person,151,Alora Cox,0,0,0,0,Mutual Fund / ETF,2617330820,0
Sparks Savings Bank,697D40BA0,697D40F30,United States,USD,Person,151,Alora Cox,0,0,0,0,Money Market,3892399237,100
Cash,3CEC88A0,3CEC8BC0,United States,USD,Person,152,Desiree Crawford,0,0,0,0,Cash,0,0
JPMorgan Chase,132877E90,1349F15E0,United States,USD,Person,152,Desiree Crawford,1,1,0,0,Checking,2751548583,50
Bryant Federal Credit Union,697327620,6973279B0,United States,USD,Person,152,Desiree Crawford,0,0,0,0,Savings,2281786536,50
JPMorgan Chase,132877E90,1349F15E0,United States,USD,Person,152,Desiree Crawford,0,0,0,0,Money Market,2751548585,50
JPMorgan Chase,132877E90,1349F15E0,United States,USD,Person,152,Desiree Crawford,0,0,0,0,CD,2751548586,0
Bryant Federal Credit Union,697327620,6973279B0,United States,USD,Person,152,Desiree Crawford,0,0,0,0,CD,2281786539,0
Boston's Reading Investing,69B939B10,69B939EA0,United States,USD,Person,152,Desiree Crawford,0,0,0,0,Mutual Fund / ETF,3288419500,0
Olsen Oslo Investments,9BC44BAD0,9BC44BE60,Norway,USD,Person,152,Desiree Crawford,0,0,0,0,Mutual Fund / ETF,3019984045,0
Boston's Reading Investing,69B939B10,69B939EA0,United States,USD,Person,152,Desiree Crawford,0,0,0,0,Mutual Fund / ETF,3288419502,0
Boston's Reading Investing,69B939B10,69B939EA0,United States,USD,Person,152,Desiree Crawford,0,0,0,0,Mutual Fund / ETF,3288419503,0
Boston's Reading Investing,69B939B10,69B939EA0,United States,USD,Person,152,Desiree Crawford,0,0,0,0,Mutual Fund / ETF,3288419504,0
Morgan Stanley,1328D2070,136E57910,United States,USD,Person,152,Desiree Crawford,0,0,0,0,Mutual Fund / ETF,469847217,0
Boston's Reading Investing,69B939B10,69B939EA0,United States,USD,Person,152,Desiree Crawford,0,0,0,0,Mutual Fund / ETF,3288419506,0
Boston's Reading Investing,69B939B10,69B939EA0,United States,USD,Person,152,Desiree Crawford,0,0,0,0,Mutual Fund / ETF,3288419507,0
Morgan Stanley,1328D2070,136E57910,United States,USD,Person,152,Desiree Crawford,0,0,0,0,Mutual Fund / ETF,469847220,0
Boston's Reading Investing,69B939B10,69B939EA0,United States,USD,Person,152,Desiree Crawford,0,0,0,0,Mutual Fund / ETF,3288419509,0
Morgan Stanley,1328D2070,136E57910,United States,USD,Person,152,Desiree Crawford,0,0,0,0,Mutual Fund / ETF,469847222,0
Boston's Reading Investing,69B939B10,69B939EA0,United States,USD,Person,152,Desiree Crawford,0,0,0,0,Mutual Fund / ETF,3288419511,0
Boston's Reading Investing,69B939B10,69B939EA0,United States,USD,Person,152,Desiree Crawford,0,0,0,0,Mutual Fund / ETF,3288419512,0
Boston's Reading Investing,69B939B10,69B939EA0,United States,USD,Person,152,Desiree Crawford,0,0,0,0,Mutual Fund / ETF,3288419513,0
Morgan Stanley,1328D2070,136E57910,United States,USD,Person,152,Desiree Crawford,0,0,0,0,Stock,469847226,0
Morgan Stanley,1328D2070,136E57910,United States,USD,Person,152,Desiree Crawford,0,0,0,0,Stock,469847227,0
Charles Schwab,1328D16B0,136E50880,United States,USD,Person,152,Desiree Crawford,0,0,0,0,Stock,2885766332,0
Boston's Reading Investing,69B939B10,69B939EA0,United States,USD,Person,152,Desiree Crawford,0,0,0,0,Mutual Fund / ETF,3288419517,0
Morgan Stanley,1328D2070,136E57910,United States,USD,Person,152,Desiree Crawford,0,0,0,0,Mutual Fund / ETF,469847230,0
Boston's Reading Investing,69B939B10,69B939EA0,United States,USD,Person,152,Desiree Crawford,0,0,0,0,Mutual Fund / ETF,3288419519,0
Charles Schwab,1328D16B0,136E50880,United States,USD,Person,152,Desiree Crawford,0,0,0,0,Money Market,2885766336,25
Boston's Reading Investing,69B939B10,69B939EA0,United States,USD,Person,152,Desiree Crawford,0,0,0,0,Mutual Fund / ETF,3288419521,0
Charles Schwab,1328D16B0,136E50880,United States,USD,Person,152,Desiree Crawford,0,0,0,0,Mutual Fund / ETF,2885766338,0
Boston's Reading Investing,69B939B10,69B939EA0,United States,USD,Person,152,Desiree Crawford,0,0,0,0,Mutual Fund / ETF,3288419523,0
Boston's Reading Investing,69B939B10,69B939EA0,United States,USD,Person,152,Desiree Crawford,0,0,0,0,Mutual Fund / ETF,3288419524,0
Morgan Stanley,1328D2070,136E57910,United States,USD,Person,152,Desiree Crawford,0,0,0,0,Money Market,469847237,0
Cash,3CEC88A0,3CEC8BC0,United States,USD,Person,153,Aubrie Carpenter,0,0,0,0,Cash,0,0
Itzayana's Federal Credit Union,696EF8230,696EF85C0,United States,USD,Person,153,Aubrie Carpenter,1,68,0,0,Checking,2348895468,10
Allstate - Life,132870FC0,134700E90,United States,USD,Person,153,Aubrie Carpenter,0,0,0,0,Life Insurance,4026617069,0
Cash,3CEC88A0,3CEC8BC0,United States,USD,Person,154,Allie Hendricks,0,0,0,0,Cash,0,0
United Savings Bank,3C5C4EB50,3C5C4EEE0,United States,USD,Person,154,Allie Hendricks,1,0,0,0,Checking,3556855039,100
PNC Financial Services,132879210,134B9CE00,United States,USD,Person,154,Allie Hendricks,0,0,0,0,Savings,2214677760,100
United Savings Bank,3C5C4EB50,3C5C4EEE0,United States,USD,Person,154,Allie Hendricks,0,0,0,0,Savings,3556855041,25
United Savings Bank,3C5C4EB50,3C5C4EEE0,United States,USD,Person,154,Allie Hendricks,0,0,0,0,Money Market,3556855042,25
PNC Financial Services,132879210,134B9CE00,United States,USD,Person,154,Allie Hendricks,0,0,0,0,Money Market,2214677763,10
Madilynn's Securities Company,69B82F290,69B82F620,United States,USD,Person,154,Allie Hendricks,0,0,0,0,Stock,2751548676,0
Madilynn's Securities Company,69B82F290,69B82F620,United States,USD,Person,154,Allie Hendricks,0,0,0,0,Stock,2751548677,0
Madilynn's Securities Company,69B82F290,69B82F620,United States,USD,Person,154,Allie Hendricks,0,0,0,0,Stock,2751548678,0
Madilynn's Securities Company,69B82F290,69B82F620,United States,USD,Person,154,Allie Hendricks,0,0,0,0,Stock,2751548679,0
Madilynn's Securities Company,69B82F290,69B82F620,United States,USD,Person,154,Allie Hendricks,0,0,0,0,Stock,2751548680,0
Madilynn's Securities Company,69B82F290,69B82F620,United States,USD,Person,154,Allie Hendricks,0,0,0,0,Stock,2751548681,0
Madilynn's Securities Company,69B82F290,69B82F620,United States,USD,Person,154,Allie Hendricks,0,0,0,0,Stock,2751548682,0
Madilynn's Securities Company,69B82F290,69B82F620,United States,USD,Person,154,Allie Hendricks,0,0,0,0,Stock,2751548683,0
Madilynn's Securities Company,69B82F290,69B82F620,United States,USD,Person,154,Allie Hendricks,0,0,0,0,Mutual Fund / ETF,2751548684,0
Madilynn's Securities Company,69B82F290,69B82F620,United States,USD,Person,154,Allie Hendricks,0,0,0,0,Mutual Fund / ETF,2751548685,0
Madilynn's Securities Company,69B82F290,69B82F620,United States,USD,Person,154,Allie Hendricks,0,0,0,0,Mutual Fund / ETF,2751548686,0
Macy's Brokers,69B8892C0,69B889650,United States,USD,Person,154,Allie Hendricks,0,0,0,0,Mutual Fund / ETF,2952875279,0
Madilynn's Securities Company,69B82F290,69B82F620,United States,USD,Person,154,Allie Hendricks,0,0,0,0,Mutual Fund / ETF,2751548688,0
Madilynn's Securities Company,69B82F290,69B82F620,United States,USD,Person,154,Allie Hendricks,0,0,0,0,Mutual Fund / ETF,2751548689,0
Madilynn's Securities Company,69B82F290,69B82F620,United States,USD,Person,154,Allie Hendricks,0,0,0,0,Mutual Fund / ETF,2751548690,0
Macy's Brokers,69B8892C0,69B889650,United States,USD,Person,154,Allie Hendricks,0,0,0,0,Mutual Fund / ETF,2952875283,0
Madilynn's Securities Company,69B82F290,69B82F620,United States,USD,Person,154,Allie Hendricks,0,0,0,0,Mutual Fund / ETF,2751548692,0
Madilynn's Securities Company,69B82F290,69B82F620,United States,USD,Person,154,Allie Hendricks,0,0,0,0,Mutual Fund / ETF,2751548693,0
Madilynn's Securities Company,69B82F290,69B82F620,United States,USD,Person,154,Allie Hendricks,0,0,0,0,Money Market,2751548694,50
Madilynn's Securities Company,69B82F290,69B82F620,United States,USD,Person,154,Allie Hendricks,0,0,0,0,Mutual Fund / ETF,2751548695,0
Madilynn's Securities Company,69B82F290,69B82F620,United States,USD,Person,154,Allie Hendricks,0,0,0,0,Mutual Fund / ETF,2751548696,0
Regina's Stocks and Investing,9A1987790,9A1987B20,Canada,USD,Person,154,Allie Hendricks,0,0,0,0,Mutual Fund / ETF,3825290521,0
Madilynn's Securities Company,69B82F290,69B82F620,United States,USD,Person,154,Allie Hendricks,0,0,0,0,Mutual Fund / ETF,2751548698,0
Madilynn's Securities Company,69B82F290,69B82F620,United States,USD,Person,154,Allie Hendricks,0,0,0,0,Mutual Fund / ETF,2751548699,0
Madilynn's Securities Company,69B82F290,69B82F620,United States,USD,Person,154,Allie Hendricks,0,0,0,0,Mutual Fund / ETF,2751548700,0
Charles Schwab,1328D16B0,136E50180,United States,USD,Person,154,Allie Hendricks,0,0,0,0,Mutual Fund / ETF,2885766429,0
Madilynn's Securities Company,69B82F290,69B82F620,United States,USD,Person,154,Allie Hendricks,0,0,0,0,Mutual Fund / ETF,2751548702,0
Madilynn's Securities Company,69B82F290,69B82F620,United States,USD,Person,154,Allie Hendricks,0,0,0,0,Mutual Fund / ETF,2751548703,0
Macy's Brokers,69B8892C0,69B889650,United States,USD,Person,154,Allie Hendricks,0,0,0,0,Mutual Fund / ETF,2952875296,0
Madilynn's Securities Company,69B82F290,69B82F620,United States,USD,Person,154,Allie Hendricks,0,0,0,0,Mutual Fund / ETF,2751548705,0
Macy's Brokers,69B8892C0,69B889650,United States,USD,Person,154,Allie Hendricks,0,0,0,0,Money Market,2952875298,50
TIAA,1328736C0,1349120B0,United States,USD,Person,154,Allie Hendricks,0,0,0,0,Life Insurance,2952875299,0
Cash,3CEC88A0,3CEC8BC0,United States,USD,Person,155,Katalina Mack,0,0,0,0,Cash,0,0
Blaze's Federal Credit Union,6990FBED0,6990FC260,United States,USD,Person,155,Katalina Mack,1,0,0,0,Checking,3019984166,0
Wells Fargo,132878510,134A81830,United States,USD,Person,155,Katalina Mack,0,0,0,0,Savings,1140935975,0
T. Rowe Price,1328D5470,136E634C0,United States,USD,Person,155,Katalina Mack,0,0,0,0,Mutual Fund / ETF,469847336,0
T. Rowe Price,1328D5470,136E634C0,United States,USD,Person,155,Katalina Mack,0,0,0,0,Mutual Fund / ETF,469847337,0
Blaze's Federal Credit Union,6990FBED0,6990FC260,United States,USD,Person,155,Katalina Mack,0,0,0,0,Money Market,3019984170,50
Cash,3CEC88A0,3CEC8BC0,United States,USD,Person,156,Terry Zimmerman,0,0,0,0,Cash,0,0
M&T Bank Corp.,13287A590,134C6D3C0,United States,USD,Person,156,Terry Zimmerman,1,208,0,0,Checking,1677806900,10
BB&T Corp.,132879890,134BF88B0,United States,USD,Person,156,Terry Zimmerman,0,0,0,0,Savings,604065077,10
BB&T Corp.,132879890,134BF88B0,United States,USD,Person,156,Terry Zimmerman,0,0,0,0,CD,604065078,0
M&T Bank Corp.,13287A590,134C6D3C0,United States,USD,Person,156,Terry Zimmerman,0,0,0,0,CD,1677806903,0
Morgan Stanley,1328D2070,136E57910,United States,USD,Person,156,Terry Zimmerman,0,0,0,0,Mutual Fund / ETF,469847352,0
Morgan Stanley,1328D2070,136E57910,United States,USD,Person,156,Terry Zimmerman,0,0,0,0,Mutual Fund / ETF,469847353,0
Morgan Stanley,1328D2070,136E57910,United States,USD,Person,156,Terry Zimmerman,0,0,0,0,Mutual Fund / ETF,469847354,0
Morgan Stanley,1328D2070,136E57910,United States,USD,Person,156,Terry Zimmerman,0,0,0,0,Mutual Fund / ETF,469847355,0
Morgan Stanley,1328D2070,136E57910,United States,USD,Person,156,Terry Zimmerman,0,0,0,0,Money Market,469847356,25
Morgan Stanley,1328D2070,136E57910,United States,USD,Person,156,Terry Zimmerman,0,0,0,0,Mutual Fund / ETF,469847357,0
BB&T Corp.,132879890,134BF88B0,United States,USD,Person,156,Terry Zimmerman,0,0,0,0,Money Market,604065086,50
Cash,3CEC88A0,3CEC8BC0,United States,USD,Person,157,Alexandra Pugh,0,0,0,0,Cash,0,0
Reyansh's Federal Credit Union,6986E81E0,6986E8570,United States,USD,Person,157,Alexandra Pugh,1,1,0,0,Checking,2013351234,10
Williams Bank,69AC4D150,69AC4D4E0,United States,USD,Person,157,Alexandra Pugh,0,0,0,0,Savings,1409371459,0
State Farm - Life,132870C80,1346838A0,United States,USD,Person,157,Alexandra Pugh,0,0,0,0,Life Insurance,536956228,0
Cash,3CEC88A0,3CEC8BC0,United States,USD,Person,158,Madison Knight,0,0,0,0,Cash,0,0
U.S. Bancorp,132878ED0,134B6C070,United States,USD,Person,158,Madison Knight,1,0,0,0,Checking,3019984230,10
Foley Smyrna Savings Bank,698E042F0,698E04680,United States,USD,Person,158,Madison Knight,0,0,0,0,Savings,3154201959,0
U.S. Bancorp,132878ED0,134B6C070,United States,USD,Person,158,Madison Knight,0,0,0,0,Money Market,3019984232,25
Quinn's Stocks and Investing,69B81EE00,69B81F190,United States,USD,Person,158,Madison Knight,0,0,0,0,Mutual Fund / ETF,2147569001,0
Foley Smyrna Savings Bank,698E042F0,698E04680,United States,USD,Person,158,Madison Knight,0,0,0,0,Money Market,3154201962,25
Quinn's Stocks and Investing,69B81EE00,69B81F190,United States,USD,Person,158,Madison Knight,0,0,0,0,Mutual Fund / ETF,2147569003,0
Quinn's Stocks and Investing,69B81EE00,69B81F190,United States,USD,Person,158,Madison Knight,0,0,0,0,Money Market,2147569004,50
Cash,3CEC88A0,3CEC8BC0,United States,USD,Person,159,Lydia Quinn,0,0,0,0,Cash,0,0
PNC Financial Services,132879210,134B9AD30,United States,USD,Person,159,Lydia Quinn,1,0,0,0,Checking,2214677933,0
PNC Financial Services,132879210,134B9AD30,United States,USD,Person,159,Lydia Quinn,0,0,0,0,Savings,2214677934,25
PNC Financial Services,132879210,134B9AD30,United States,USD,Person,159,Lydia Quinn,0,0,0,0,Money Market,2214677935,50
Legg Mason,1328D57B0,136E63560,United States,USD,Person,159,Lydia Quinn,0,0,0,0,Mutual Fund / ETF,3959508400,0
Legg Mason,1328D57B0,136E63560,United States,USD,Person,159,Lydia Quinn,0,0,0,0,Money Market,3959508401,10
Legg Mason,1328D57B0,136E63560,United States,USD,Person,159,Lydia Quinn,0,0,0,0,Mutual Fund / ETF,3959508402,0
Legg Mason,1328D57B0,136E63560,United States,USD,Person,159,Lydia Quinn,0,0,0,0,Mutual Fund / ETF,3959508403,0
BB&T Corp.,132879890,134BDA2A0,United States,USD,Person,159,Lydia Quinn,0,0,0,0,Money Market,604065204,10
Cash,3CEC88A0,3CEC8BC0,United States,USD,Person,160,Marco Leon,0,0,0,0,Cash,0,0
Dominick's Federal Credit Union,697E39FC0,697E3A350,United States,USD,Person,160,Marco Leon,1,0,0,0,Checking,4026617301,10
Tyson's Santa Monica Investments,69B893BB0,69B893F40,United States,USD,Person,160,Marco Leon,0,0,0,0,Money Market,3959508438,25
Franklin Brokerage House,69B876B70,69B876F00,United States,USD,Person,160,Marco Leon,0,0,0,0,Mutual Fund / ETF,3691072983,0
Franklin Brokerage House,69B876B70,69B876F00,United States,USD,Person,160,Marco Leon,0,0,0,0,Money Market,3691072984,50
Franklin Brokerage House,69B876B70,69B876F00,United States,USD,Person,160,Marco Leon,0,0,0,0,Mutual Fund / ETF,3691072985,0
Dominick's Federal Credit Union,697E39FC0,697E3A350,United States,USD,Person,160,Marco Leon,0,0,0,0,Money Market,4026617306,0
Cash,3CEC88A0,3CEC8BC0,United States,USD,Person,161,Sergio Hanna Jr,0,0,0,0,Cash,0,0
Citi,132878850,134ACCE40,United States,USD,Person,161,Sergio Hanna Jr,1,0,0,0,Checking,335629808,0
Finnegan's Thrift,69AAA8D90,69AAA9120,United States,USD,Person,161,Sergio Hanna Jr,0,0,0,0,Savings,1677807089,10
Citi,132878850,134ACCE40,United States,USD,Person,161,Sergio Hanna Jr,0,0,0,0,Savings,335629810,10
Alejandra's Federal Credit Union,6998348B0,699834C40,United States,USD,Person,161,Sergio Hanna Jr,0,0,0,0,Money Market,738282995,50
Raymond James Financial,1328D33F0,136E5F370,United States,USD,Person,161,Sergio Hanna Jr,0,0,0,0,Mutual Fund / ETF,4227943924,0
Finnegan's Thrift,69AAA8D90,69AAA9120,United States,USD,Person,161,Sergio Hanna Jr,0,0,0,0,Money Market,1677807093,0
Cash,3CEC88A0,3CEC8BC0,United States,USD,Person,162,Carson Ayala,0,0,0,0,Cash,0,0
Douglas Crawford Savings Bank,698D5FEF0,698D60280,United States,USD,Person,162,Carson Ayala,1,3,0,0,Checking,3154202122,100
Douglas Crawford Savings Bank,698D5FEF0,698D60280,United States,USD,Person,162,Carson Ayala,0,0,0,0,Savings,3154202123,100
Douglas Crawford Savings Bank,698D5FEF0,698D60280,United States,USD,Person,162,Carson Ayala,0,0,0,0,Money Market,3154202124,25
Merrill Lynch,1328D23B0,136E5B610,United States,USD,Person,162,Carson Ayala,0,0,0,0,Mutual Fund / ETF,3959508493,0
Merrill Lynch,1328D23B0,136E5B610,United States,USD,Person,162,Carson Ayala,0,0,0,0,Mutual Fund / ETF,3959508494,0
Merrill Lynch,1328D23B0,136E5B610,United States,USD,Person,162,Carson Ayala,0,0,0,0,Money Market,3959508495,50
Allstate - Life,132870FC0,134707250,United States,USD,Person,162,Carson Ayala,0,0,0,0,Life Insurance,4026617360,0
Cash,3CEC88A0,3CEC8BC0,United States,USD,Person,163,Miriam Dani,0,0,0,0,Cash,0,0
Combs Lynchburg Savings Bank,697E1C670,697E1CA00,United States,USD,Person,163,Miriam Dani,1,0,0,0,Checking,2617331235,25
Elias's Thrift,69ACE9F70,69ACEA300,United States,USD,Person,163,Miriam Dani,0,0,0,0,Savings,3691073060,50
Morgan Stanley,1328D2070,136E57910,United States,USD,Person,163,Miriam Dani,0,0,0,0,Stock,469847589,0
Morgan Stanley,1328D2070,136E57910,United States,USD,Person,163,Miriam Dani,0,0,0,0,Stock,469847590,0
Morgan Stanley,1328D2070,136E57910,United States,USD,Person,163,Miriam Dani,0,0,0,0,Stock,469847591,0
Morgan Stanley,1328D2070,136E57910,United States,USD,Person,163,Miriam Dani,0,0,0,0,Stock,469847592,0
Morgan Stanley,1328D2070,136E57910,United States,USD,Person,163,Miriam Dani,0,0,0,0,Stock,469847593,0
Talia's Investing,69B89CF30,69B89D2C0,United States,USD,Person,163,Miriam Dani,0,0,0,0,Mutual Fund / ETF,3422637610,0
Morgan Stanley,1328D2070,136E57910,United States,USD,Person,163,Miriam Dani,0,0,0,0,Mutual Fund / ETF,469847595,0
Morgan Stanley,1328D2070,136E57910,United States,USD,Person,163,Miriam Dani,0,0,0,0,Mutual Fund / ETF,469847596,0
Morgan Stanley,1328D2070,136E57910,United States,USD,Person,163,Miriam Dani,0,0,0,0,Mutual Fund / ETF,469847597,0
Schneider Securities Company,69B92A870,69B92AC00,United States,USD,Person,163,Miriam Dani,0,0,0,0,Mutual Fund / ETF,469847598,0
Morgan Stanley,1328D2070,136E57910,United States,USD,Person,163,Miriam Dani,0,0,0,0,Mutual Fund / ETF,469847599,0
Walton Securities Company,69B8A0790,69B8A0B20,United States,USD,Person,163,Miriam Dani,0,0,0,0,Mutual Fund / ETF,3825290800,0
Combs Lynchburg Savings Bank,697E1C670,697E1CA00,United States,USD,Person,163,Miriam Dani,0,0,0,0,Money Market,2617331249,50
Talia's Investing,69B89CF30,69B89D2C0,United States,USD,Person,163,Miriam Dani,0,0,0,0,Mutual Fund / ETF,3422637618,0
Morgan Stanley,1328D2070,136E57910,United States,USD,Person,163,Miriam Dani,0,0,0,0,Mutual Fund / ETF,469847603,0
Morgan Stanley,1328D2070,136E57910,United States,USD,Person,163,Miriam Dani,0,0,0,0,Mutual Fund / ETF,469847604,0
Morgan Stanley,1328D2070,136E57910,United States,USD,Person,163,Miriam Dani,0,0,0,0,Mutual Fund / ETF,469847605,0
Morgan Stanley,1328D2070,136E57910,United States,USD,Person,163,Miriam Dani,0,0,0,0,Money Market,469847606,250
Cash,3CEC88A0,3CEC8BC0,United States,USD,Person,164,Engu Matsuda,0,0,0,0,Cash,0,0
Bank of America Corp.,1328781D0,134A68220,United States,USD,Person,164,Engu Matsuda,1,0,0,0,Checking,1946242630,50
Dorian's Brokerage,69B827D90,69B828120,United States,USD,Person,164,Engu Matsuda,0,0,0,0,Mutual Fund / ETF,1677807175,0
Chandler's Brokers,3DC41A5B0,3DC41A940,United States,USD,Person,164,Engu Matsuda,0,0,0,0,Mutual Fund / ETF,1812024904,0
Chandler's Brokers,3DC41A5B0,3DC41A940,United States,USD,Person,164,Engu Matsuda,0,0,0,0,Mutual Fund / ETF,1812024905,0
Abbott Brokerage House,69B949AF0,69B949E80,United States,USD,Person,164,Engu Matsuda,0,0,0,0,Mutual Fund / ETF,3154202186,0
Abbott Brokerage House,69B949AF0,69B949E80,United States,USD,Person,164,Engu Matsuda,0,0,0,0,Mutual Fund / ETF,3154202187,0
Abbott Brokerage House,69B949AF0,69B949E80,United States,USD,Person,164,Engu Matsuda,0,0,0,0,Mutual Fund / ETF,3154202188,0
Bowers Investing,69B82E9E0,69B82ED70,United States,USD,Person,164,Engu Matsuda,0,0,0,0,Mutual Fund / ETF,2013351501,0
Abbott Brokerage House,69B949AF0,69B949E80,United States,USD,Person,164,Engu Matsuda,0,0,0,0,Mutual Fund / ETF,3154202190,0
Dorian's Brokerage,69B827D90,69B828120,United States,USD,Person,164,Engu Matsuda,0,0,0,0,Mutual Fund / ETF,1677807183,0
Chandler's Brokers,3DC41A5B0,3DC41A940,United States,USD,Person,164,Engu Matsuda,0,0,0,0,Mutual Fund / ETF,1812024912,0
Raymond James Financial,1328D33F0,136E61D00,United States,USD,Person,164,Engu Matsuda,0,0,0,0,Mutual Fund / ETF,4227944017,0
Abbott Brokerage House,69B949AF0,69B949E80,United States,USD,Person,164,Engu Matsuda,0,0,0,0,Mutual Fund / ETF,3154202194,0
Dorian's Brokerage,69B827D90,69B828120,United States,USD,Person,164,Engu Matsuda,0,0,0,0,Mutual Fund / ETF,1677807187,0
Glass Stocks and Investing,69B96E0F0,69B96E480,United States,USD,Person,164,Engu Matsuda,0,0,0,0,Mutual Fund / ETF,1006718548,0
BB&T Corp.,132879890,134BDA2A0,United States,USD,Person,164,Engu Matsuda,0,0,0,0,Money Market,604065365,0
Abbott Brokerage House,69B949AF0,69B949E80,United States,USD,Person,164,Engu Matsuda,0,0,0,0,Mutual Fund / ETF,3154202198,0
Stokes Federal Credit Union,6987945E0,698794970,United States,USD,Person,164,Engu Matsuda,0,0,0,0,Money Market,2013351511,25
Cash,3CEC88A0,3CEC8BC0,United States,USD,Person,165,Alden Hudson,0,0,0,0,Cash,0,0
Dorothy's Thrift,69A2B16A0,69A2B1A30,United States,USD,Person,165,Alden Hudson,1,210,0,0,Checking,2818657884,10
Zayne's Newtown Savings Bank,696F256D0,696F25A60,United States,USD,Person,165,Alden Hudson,0,0,0,0,Savings,3019984477,10
Dorothy's Thrift,69A2B16A0,69A2B1A30,United States,USD,Person,165,Alden Hudson,0,0,0,0,Money Market,2818657886,25
Bitfinex,1328D6170,136E63740,United States,USD,Person,165,Alden Hudson,0,0,0,0,Crypto Currency,1543589471,0
Charles Schwab,1328D16B0,136E50340,United States,USD,Person,165,Alden Hudson,0,0,0,0,Mutual Fund / ETF,2885766752,0
Bitfinex,1328D6170,136E63740,United States,USD,Person,165,Alden Hudson,0,0,0,0,Money Market,1543589473,0
Cash,3CEC88A0,3CEC8BC0,United States,USD,Person,166,Sydney Conner,0,0,0,0,Cash,0,0
Vanessa's Bank,697F51360,697F516F0,United States,USD,Person,166,Sydney Conner,1,1,0,0,Checking,3623964267,25
JPMorgan Chase,132877E90,1349F9140,United States,USD,Person,166,Sydney Conner,0,0,0,0,Savings,2751549036,50
Vanessa's Bank,697F51360,697F516F0,United States,USD,Person,166,Sydney Conner,0,0,0,0,Money Market,3623964269,25
Franklin Resources,1328D5130,136E63420,United States,USD,Person,166,Sydney Conner,0,0,0,0,Stock,1275154030,0
Franklin Resources,1328D5130,136E63420,United States,USD,Person,166,Sydney Conner,0,0,0,0,Mutual Fund / ETF,1275154031,0
JPMorgan Chase,132877E90,1349F9140,United States,USD,Person,166,Sydney Conner,0,0,0,0,Money Market,2751549040,50
MetLife,132873040,1348BB910,United States,USD,Person,166,Sydney Conner,0,0,0,0,Life Insurance,268521073,0
Cash,3CEC88A0,3CEC8BC0,United States,USD,Person,167,Maggie Cook,0,0,0,0,Cash,0,0
Bank of New York Mellon,132879550,134BCA950,United States,USD,Person,167,Maggie Cook,0,0,0,0,Checking,1409371768,25
Santana Paoli Bank,6988184A0,698818830,United States,USD,Person,167,Maggie Cook,0,0,0,0,Savings,671174265,0
Bank of New York Mellon,132879550,134BCA950,United States,USD,Person,167,Maggie Cook,0,0,0,0,Money Market,1409371770,50
Leslie's Investing,69B982E70,69B983200,United States,USD,Person,167,Maggie Cook,0,0,0,0,Mutual Fund / ETF,2617331323,0
Leslie's Investing,69B982E70,69B983200,United States,USD,Person,167,Maggie Cook,0,0,0,0,Money Market,2617331324,10
Leslie's Investing,69B982E70,69B983200,United States,USD,Person,167,Maggie Cook,0,0,0,0,Mutual Fund / ETF,2617331325,0
Bank of New York Mellon,132879550,134BCA950,United States,USD,Person,167,Maggie Cook,0,0,0,0,Money Market,1409371774,0
Cash,3CEC88A0,3CEC8BC0,United States,USD,Person,168,Adley Campos,0,0,0,0,Cash,0,0
Bank of America Corp.,1328781D0,134A4BF10,United States,USD,Person,168,Adley Campos,1,64,0,0,Checking,1946242690,10
State Street Bank,13287AC10,134C9D7B0,United States,USD,Person,168,Adley Campos,0,0,0,0,Savings,67194499,100
Bank of America Corp.,1328781D0,134A4BF10,United States,USD,Person,168,Adley Campos,0,0,0,0,Money Market,1946242692,50
Baylee's Cincinnati Stocks and Investing,69B89E930,69B89ECC0,United States,USD,Person,168,Adley Campos,0,0,0,0,Mutual Fund / ETF,1275154053,0
Baylee's Cincinnati Stocks and Investing,69B89E930,69B89ECC0,United States,USD,Person,168,Adley Campos,0,0,0,0,Mutual Fund / ETF,1275154054,0
Baylee's Cincinnati Stocks and Investing,69B89E930,69B89ECC0,United States,USD,Person,168,Adley Campos,0,0,0,0,Mutual Fund / ETF,1275154055,0
Baylee's Cincinnati Stocks and Investing,69B89E930,69B89ECC0,United States,USD,Person,168,Adley Campos,0,0,0,0,Mutual Fund / ETF,1275154056,0
Baylee's Cincinnati Stocks and Investing,69B89E930,69B89ECC0,United States,USD,Person,168,Adley Campos,0,0,0,0,Mutual Fund / ETF,1275154057,0
Baylee's Cincinnati Stocks and Investing,69B89E930,69B89ECC0,United States,USD,Person,168,Adley Campos,0,0,0,0,Mutual Fund / ETF,1275154058,0
Baylee's Cincinnati Stocks and Investing,69B89E930,69B89ECC0,United States,USD,Person,168,Adley Campos,0,0,0,0,Mutual Fund / ETF,1275154059,0
Baylee's Cincinnati Stocks and Investing,69B89E930,69B89ECC0,United States,USD,Person,168,Adley Campos,0,0,0,0,Mutual Fund / ETF,1275154060,0
Baylee's Cincinnati Stocks and Investing,69B89E930,69B89ECC0,United States,USD,Person,168,Adley Campos,0,0,0,0,Mutual Fund / ETF,1275154061,0
Baylee's Cincinnati Stocks and Investing,69B89E930,69B89ECC0,United States,USD,Person,168,Adley Campos,0,0,0,0,Mutual Fund / ETF,1275154062,0
Baylee's Cincinnati Stocks and Investing,69B89E930,69B89ECC0,United States,USD,Person,168,Adley Campos,0,0,0,0,Mutual Fund / ETF,1275154063,0
Baylee's Cincinnati Stocks and Investing,69B89E930,69B89ECC0,United States,USD,Person,168,Adley Campos,0,0,0,0,Mutual Fund / ETF,1275154064,0
Baylee's Cincinnati Stocks and Investing,69B89E930,69B89ECC0,United States,USD,Person,168,Adley Campos,0,0,0,0,Mutual Fund / ETF,1275154065,0
Baylee's Cincinnati Stocks and Investing,69B89E930,69B89ECC0,United States,USD,Person,168,Adley Campos,0,0,0,0,Money Market,1275154066,25
Baylee's Cincinnati Stocks and Investing,69B89E930,69B89ECC0,United States,USD,Person,168,Adley Campos,0,0,0,0,Mutual Fund / ETF,1275154067,0
Baylee's Cincinnati Stocks and Investing,69B89E930,69B89ECC0,United States,USD,Person,168,Adley Campos,0,0,0,0,Mutual Fund / ETF,1275154068,0
Morgan Stanley,1328D2070,136E58E80,United States,USD,Person,168,Adley Campos,0,0,0,0,Mutual Fund / ETF,469847701,0
Baylee's Cincinnati Stocks and Investing,69B89E930,69B89ECC0,United States,USD,Person,168,Adley Campos,0,0,0,0,Mutual Fund / ETF,1275154070,0
Baylee's Cincinnati Stocks and Investing,69B89E930,69B89ECC0,United States,USD,Person,168,Adley Campos,0,0,0,0,Mutual Fund / ETF,1275154071,0
Baylee's Cincinnati Stocks and Investing,69B89E930,69B89ECC0,United States,USD,Person,168,Adley Campos,0,0,0,0,Mutual Fund / ETF,1275154072,0
Kameron's Funds,9BC812280,9BC812610,Oman,USD,Person,168,Adley Campos,0,0,0,0,Mutual Fund / ETF,2684440217,0
Kameron's Funds,9BC812280,9BC812610,Oman,USD,Person,168,Adley Campos,0,0,0,0,Mutual Fund / ETF,2684440218,0
JPMorgan Chase,132877E90,1349E8190,United States,USD,Person,168,Adley Campos,0,0,0,0,Money Market,2751549083,100
Farmers - Life,132871980,1347B6A00,United States,USD,Person,168,Adley Campos,0,0,0,0,Life Insurance,1610698396,0
Cash,3CEC88A0,3CEC8BC0,United States,USD,Person,169,Josefina V. Chavez,0,0,0,0,Cash,0,0
Heaven's Bank,69A4445D0,69A444960,United States,USD,Person,169,Josefina V. Chavez,1,1,0,0,Checking,1946242746,100
Rosemary's Bank,697C60600,697C60990,United States,USD,Person,169,Josefina V. Chavez,0,0,0,0,Savings,2147569339,25
Heaven's Bank,69A4445D0,69A444960,United States,USD,Person,169,Josefina V. Chavez,0,0,0,0,Money Market,1946242748,25
Rosemary's Bank,697C60600,697C60990,United States,USD,Person,169,Josefina V. Chavez,0,0,0,0,Money Market,2147569341,100
Deribit,1328D71B0,136E63A60,United States,USD,Person,169,Josefina V. Chavez,0,0,0,0,Crypto Currency,1812025022,0
Raymond James Financial,1328D33F0,136E618A0,United States,USD,Person,169,Josefina V. Chavez,0,0,0,0,Mutual Fund / ETF,4227944127,0
Raymond James Financial,1328D33F0,136E618A0,United States,USD,Person,169,Josefina V. Chavez,0,0,0,0,Mutual Fund / ETF,4227944128,0
Raymond James Financial,1328D33F0,136E618A0,United States,USD,Person,169,Josefina V. Chavez,0,0,0,0,Mutual Fund / ETF,4227944129,0
Raymond James Financial,1328D33F0,136E618A0,United States,USD,Person,169,Josefina V. Chavez,0,0,0,0,Mutual Fund / ETF,4227944130,0
Raymond James Financial,1328D33F0,136E618A0,United States,USD,Person,169,Josefina V. Chavez,0,0,0,0,Mutual Fund / ETF,4227944131,0
Raymond James Financial,1328D33F0,136E618A0,United States,USD,Person,169,Josefina V. Chavez,0,0,0,0,Mutual Fund / ETF,4227944132,0
Raymond James Financial,1328D33F0,136E618A0,United States,USD,Person,169,Josefina V. Chavez,0,0,0,0,Mutual Fund / ETF,4227944133,0
Goldman Sachs,1328D19F0,133657BB0,United States,USD,Person,169,Josefina V. Chavez,0,0,0,0,Mutual Fund / ETF,2080460486,0
Faraday Securities Company,69B94ED60,69B94F0F0,United States,USD,Person,169,Josefina V. Chavez,0,0,0,0,Mutual Fund / ETF,1476480711,0
Santana Brokerage,69B8AE500,69B8AE890,United States,USD,Person,169,Josefina V. Chavez,0,0,0,0,Stock,1073827528,0
American Funds,1328D4430,136E63220,United States,USD,Person,169,Josefina V. Chavez,0,0,0,0,Stock,201412297,0
Raymond James Financial,1328D33F0,136E618A0,United States,USD,Person,169,Josefina V. Chavez,0,0,0,0,Stock,4227944138,0
Raymond James Financial,1328D33F0,136E618A0,United States,USD,Person,169,Josefina V. Chavez,0,0,0,0,Stock,4227944139,0
Raymond James Financial,1328D33F0,136E618A0,United States,USD,Person,169,Josefina V. Chavez,0,0,0,0,Stock,4227944140,0
Raymond James Financial,1328D33F0,136E618A0,United States,USD,Person,169,Josefina V. Chavez,0,0,0,0,Stock,4227944141,0
Raymond James Financial,1328D33F0,136E618A0,United States,USD,Person,169,Josefina V. Chavez,0,0,0,0,Stock,4227944142,0
Raymond James Financial,1328D33F0,136E618A0,United States,USD,Person,169,Josefina V. Chavez,0,0,0,0,Stock,4227944143,0
Santana Brokerage,69B8AE500,69B8AE890,United States,USD,Person,169,Josefina V. Chavez,0,0,0,0,Mutual Fund / ETF,1073827536,0
Raymond James Financial,1328D33F0,136E618A0,United States,USD,Person,169,Josefina V. Chavez,0,0,0,0,Mutual Fund / ETF,4227944145,0
Raymond James Financial,1328D33F0,136E618A0,United States,USD,Person,169,Josefina V. Chavez,0,0,0,0,Mutual Fund / ETF,4227944146,0
Edward Jones,1328D1D30,136E53C50,United States,USD,Person,169,Josefina V. Chavez,0,0,0,0,Mutual Fund / ETF,1275154131,0
Faraday Securities Company,69B94ED60,69B94F0F0,United States,USD,Person,169,Josefina V. Chavez,0,0,0,0,Mutual Fund / ETF,1476480724,0
Raymond James Financial,1328D33F0,136E618A0,United States,USD,Person,169,Josefina V. Chavez,0,0,0,0,Mutual Fund / ETF,4227944149,0
Raymond James Financial,1328D33F0,136E618A0,United States,USD,Person,169,Josefina V. Chavez,0,0,0,0,Mutual Fund / ETF,4227944150,0
Raymond James Financial,1328D33F0,136E618A0,United States,USD,Person,169,Josefina V. Chavez,0,0,0,0,Mutual Fund / ETF,4227944151,0
Raymond James Financial,1328D33F0,136E618A0,United States,USD,Person,169,Josefina V. Chavez,0,0,0,0,Mutual Fund / ETF,4227944152,0
Raymond James Financial,1328D33F0,136E618A0,United States,USD,Person,169,Josefina V. Chavez,0,0,0,0,Mutual Fund / ETF,4227944153,0
Wellington Management,1328D4DF0,136E633A0,United States,USD,Person,169,Josefina V. Chavez,0,0,0,0,Mutual Fund / ETF,2080460506,0
United Brokerage House,9AF48C570,9AF48C900,Israel,USD,Person,169,Josefina V. Chavez,0,0,0,0,Mutual Fund / ETF,1543589595,0
Raymond James Financial,1328D33F0,136E618A0,United States,USD,Person,169,Josefina V. Chavez,0,0,0,0,Mutual Fund / ETF,4227944156,0
Edward Jones,1328D1D30,136E53C50,United States,USD,Person,169,Josefina V. Chavez,0,0,0,0,Money Market,1275154141,10
Raymond James Financial,1328D33F0,136E618A0,United States,USD,Person,169,Josefina V. Chavez,0,0,0,0,Mutual Fund / ETF,4227944158,0
Raymond James Financial,1328D33F0,136E618A0,United States,USD,Person,169,Josefina V. Chavez,0,0,0,0,Mutual Fund / ETF,4227944159,0
Santana Brokerage,69B8AE500,69B8AE890,United States,USD,Person,169,Josefina V. Chavez,0,0,0,0,Mutual Fund / ETF,1073827552,0
Raymond James Financial,1328D33F0,136E618A0,United States,USD,Person,169,Josefina V. Chavez,0,0,0,0,Mutual Fund / ETF,4227944161,0
Raymond James Financial,1328D33F0,136E618A0,United States,USD,Person,169,Josefina V. Chavez,0,0,0,0,Money Market,4227944162,0
Cash,3CEC88A0,3CEC8BC0,United States,USD,Person,170,Joey Evans,0,0,0,0,Cash,0,0
JPMorgan Chase,132877E90,134A0F330,United States,USD,Person,170,Joey Evans,1,120,0,0,Checking,2751549177,0
Dalary's Bank,69A8DEA00,69A8DED90,United States,USD,Person,170,Joey Evans,0,0,0,0,Savings,2147569402,0
JPMorgan Chase,132877E90,134A0F330,United States,USD,Person,170,Joey Evans,0,0,0,0,Money Market,2751549179,100
Dalary's Bank,69A8DEA00,69A8DED90,United States,USD,Person,170,Joey Evans,0,0,0,0,CD,2147569404,0
Raymond James Financial,1328D33F0,136E613D0,United States,USD,Person,170,Joey Evans,0,0,0,0,Mutual Fund / ETF,4227944189,0
Dalary's Bank,69A8DEA00,69A8DED90,United States,USD,Person,170,Joey Evans,0,0,0,0,Money Market,2147569406,0
Raymond James Financial,1328D33F0,136E613D0,United States,USD,Person,170,Joey Evans,0,0,0,0,Mutual Fund / ETF,4227944191,0
Carla's Partners,69B8F1150,69B8F14E0,United States,USD,Person,170,Joey Evans,0,0,0,0,Mutual Fund / ETF,1409371904,0
Carla's Partners,69B8F1150,69B8F14E0,United States,USD,Person,170,Joey Evans,0,0,0,0,Mutual Fund / ETF,1409371905,0
Carla's Partners,69B8F1150,69B8F14E0,United States,USD,Person,170,Joey Evans,0,0,0,0,Mutual Fund / ETF,1409371906,0
Carla's Partners,69B8F1150,69B8F14E0,United States,USD,Person,170,Joey Evans,0,0,0,0,Mutual Fund / ETF,1409371907,0
JPMorgan Chase,132877E90,134A0F5D0,United States,USD,Person,170,Joey Evans,0,0,0,0,Money Market,2751549188,100
State Farm - Life,132870C80,1346BD5F0,United States,USD,Person,170,Joey Evans,0,0,0,0,Life Insurance,536956677,0
Cash,3CEC88A0,3CEC8BC0,United States,USD,Person,171,Declan Conner,0,0,0,0,Cash,0,0
Bank of New York Mellon,132879550,134BC82D0,United States,USD,Person,171,Declan Conner,1,0,0,0,Checking,1409371947,10
BB&T Corp.,132879890,134BF0650,United States,USD,Person,171,Declan Conner,0,0,0,0,Savings,604065580,50
Bank of New York Mellon,132879550,134BC82D0,United States,USD,Person,171,Declan Conner,0,0,0,0,Savings,1409371949,10
Cervantes Brokers,69B8D0300,69B8D0690,United States,USD,Person,171,Declan Conner,0,0,0,0,Money Market,3221311278,50
Cash,3CEC88A0,3CEC8BC0,United States,USD,Person,172,Aria Dorsey,0,0,0,0,Cash,0,0
Fifth Third Bancorp,13287B290,134C9DBB0,United States,USD,Person,172,Aria Dorsey,1,0,0,0,Checking,2751549259,0
Cantrell Thrift,69A4702B0,69A470640,United States,USD,Person,172,Aria Dorsey,0,0,0,0,Savings,2885766988,25
Fifth Third Bancorp,13287B290,134C9DBB0,United States,USD,Person,172,Aria Dorsey,0,0,0,0,Money Market,2751549261,0
Legg Mason,1328D57B0,136E63560,United States,USD,Person,172,Aria Dorsey,0,0,0,0,Mutual Fund / ETF,3959508814,0
Legg Mason,1328D57B0,136E63560,United States,USD,Person,172,Aria Dorsey,0,0,0,0,Mutual Fund / ETF,3959508815,0
Legg Mason,1328D57B0,136E63560,United States,USD,Person,172,Aria Dorsey,0,0,0,0,Mutual Fund / ETF,3959508816,0
Legg Mason,1328D57B0,136E63560,United States,USD,Person,172,Aria Dorsey,0,0,0,0,Mutual Fund / ETF,3959508817,0
Legg Mason,1328D57B0,136E63560,United States,USD,Person,172,Aria Dorsey,0,0,0,0,Mutual Fund / ETF,3959508818,0
Bexley's Gloucester City Stocks and Investing,69B8A6FF0,69B8A7380,United States,USD,Person,172,Aria Dorsey,0,0,0,0,Mutual Fund / ETF,4227944275,0
Bexley's Gloucester City Stocks and Investing,69B8A6FF0,69B8A7380,United States,USD,Person,172,Aria Dorsey,0,0,0,0,Mutual Fund / ETF,4227944276,0
Legg Mason,1328D57B0,136E63560,United States,USD,Person,172,Aria Dorsey,0,0,0,0,Mutual Fund / ETF,3959508821,0
Legg Mason,1328D57B0,136E63560,United States,USD,Person,172,Aria Dorsey,0,0,0,0,Mutual Fund / ETF,3959508822,0
Leon Investing,99AFBC170,99AFBC500,Argentina,USD,Person,172,Aria Dorsey,0,0,0,0,Mutual Fund / ETF,1543589719,0
Medina Lansdowne Brokerage House,69B816BF0,69B816F80,United States,USD,Person,172,Aria Dorsey,0,0,0,0,Mutual Fund / ETF,4227944280,0
Bexley's Gloucester City Stocks and Investing,69B8A6FF0,69B8A7380,United States,USD,Person,172,Aria Dorsey,0,0,0,0,Mutual Fund / ETF,4227944281,0
Bexley's Gloucester City Stocks and Investing,69B8A6FF0,69B8A7380,United States,USD,Person,172,Aria Dorsey,0,0,0,0,Mutual Fund / ETF,4227944282,0
Legg Mason,1328D57B0,136E63560,United States,USD,Person,172,Aria Dorsey,0,0,0,0,Mutual Fund / ETF,3959508827,0
Maximiliano's Brokers,69B7B2710,69B7B2AA0,United States,USD,Person,172,Aria Dorsey,0,0,0,0,Mutual Fund / ETF,3288420188,0
Legg Mason,1328D57B0,136E63560,United States,USD,Person,172,Aria Dorsey,0,0,0,0,Mutual Fund / ETF,3959508829,0
Grey's Brokerage House,69B8C4880,69B8C4C10,United States,USD,Person,172,Aria Dorsey,0,0,0,0,Mutual Fund / ETF,536956766,0
Legg Mason,1328D57B0,136E63560,United States,USD,Person,172,Aria Dorsey,0,0,0,0,Mutual Fund / ETF,3959508831,0
Medina Lansdowne Brokerage House,69B816BF0,69B816F80,United States,USD,Person,172,Aria Dorsey,0,0,0,0,Money Market,4227944288,0
Raymond James Financial,1328D33F0,136E5FD10,United States,USD,Person,172,Aria Dorsey,0,0,0,0,Mutual Fund / ETF,4227944289,0
Legg Mason,1328D57B0,136E63560,United States,USD,Person,172,Aria Dorsey,0,0,0,0,Money Market,3959508834,50
Cash,3CEC88A0,3CEC8BC0,United States,USD,Person,173,Denis Russell,0,0,0,0,Cash,0,0
Marin Savings Bank,69AB93450,69AB937E0,United States,USD,Person,173,Denis Russell,0,0,0,0,Checking,335646364,25
Cash,3CEC88A0,3CEC8BC0,United States,USD,Person,174,Howard Terrell,0,0,0,0,Cash,0,0
Wells Fargo,132878510,134A81830,United States,USD,Person,174,Howard Terrell,0,0,0,0,Checking,1140936584,25
Mehmet's Federal Credit Union,697486E30,6974871C0,United States,USD,Person,174,Howard Terrell,0,0,0,0,Savings,2348896137,0
Capital One Financial,132878B90,134B44330,United States,USD,Person,174,Howard Terrell,0,0,0,0,Money Market,3825291146,50
Mehmet's Federal Credit Union,697486E30,6974871C0,United States,USD,Person,174,Howard Terrell,0,0,0,0,CD,2348896139,0
Mehmet's Federal Credit Union,697486E30,6974871C0,United States,USD,Person,174,Howard Terrell,0,0,0,0,CD,2348896140,0
Solis Securities Company,69B759730,69B759AC0,United States,USD,Person,174,Howard Terrell,0,0,0,0,Mutual Fund / ETF,3422637965,0
Mehmet's Federal Credit Union,697486E30,6974871C0,United States,USD,Person,174,Howard Terrell,0,0,0,0,Money Market,2348896142,50
Cash,3CEC88A0,3CEC8BC0,United States,USD,Person,175,Julian Sharp,0,0,0,0,Cash,0,0
Mustafa's Savings Bank,69920DE20,69920E1B0,United States,USD,Person,175,Julian Sharp,1,0,0,0,Checking,2281787296,50
United Federal Credit Union,69847BAB0,69847BE40,United States,USD,Person,175,Julian Sharp,0,0,0,0,Savings,2885767073,100
Mustafa's Savings Bank,69920DE20,69920E1B0,United States,USD,Person,175,Julian Sharp,0,0,0,0,Money Market,2281787298,50
Anderson's Cupertino Funds,69B8EFB80,69B8EFF10,United States,USD,Person,175,Julian Sharp,0,0,0,0,Mutual Fund / ETF,3758182307,0
Anderson's Cupertino Funds,69B8EFB80,69B8EFF10,United States,USD,Person,175,Julian Sharp,0,0,0,0,Mutual Fund / ETF,3758182308,0
Anderson's Cupertino Funds,69B8EFB80,69B8EFF10,United States,USD,Person,175,Julian Sharp,0,0,0,0,Money Market,3758182309,0
Anderson's Cupertino Funds,69B8EFB80,69B8EFF10,United States,USD,Person,175,Julian Sharp,0,0,0,0,Mutual Fund / ETF,3758182310,0
United Federal Credit Union,69847BAB0,69847BE40,United States,USD,Person,175,Julian Sharp,0,0,0,0,Money Market,2885767079,50
Cash,3CEC88A0,3CEC8BC0,United States,USD,Person,176,Aidan Whitaker,0,0,0,0,Cash,0,0
Morton Greenville Bank,69760C570,69760C900,United States,USD,Person,176,Aidan Whitaker,1,1,0,0,Checking,1543589803,0
Nathaniel's Bank,697F290A0,697F29430,United States,USD,Person,176,Aidan Whitaker,0,0,0,0,Savings,671174572,0
JPMorgan Chase,132877E90,1349F6F20,United States,USD,Person,176,Aidan Whitaker,0,0,0,0,Money Market,2751549357,0
Synchrony Financial,1328D30B0,136E5F2F0,United States,USD,Person,176,Aidan Whitaker,0,0,0,0,Mutual Fund / ETF,738283438,0
PIMCO,1328D4770,136E632A0,United States,USD,Person,176,Aidan Whitaker,0,0,0,0,Mutual Fund / ETF,3691073455,0
Synchrony Financial,1328D30B0,136E5F2F0,United States,USD,Person,176,Aidan Whitaker,0,0,0,0,Mutual Fund / ETF,738283440,0
Synchrony Financial,1328D30B0,136E5F2F0,United States,USD,Person,176,Aidan Whitaker,0,0,0,0,Money Market,738283441,10
Cash,3CEC88A0,3CEC8BC0,United States,USD,Person,177,Joaquin Vargas,0,0,0,0,Cash,0,0
Rowan's Federal Credit Union,696EE7D70,696EE8100,United States,USD,Person,177,Joaquin Vargas,1,0,0,0,Checking,1543589811,10
Mercado Savings Bank,69A3E1F80,69A3E2310,United States,USD,Person,177,Joaquin Vargas,0,0,0,0,Savings,3758182324,250
Rowan's Federal Credit Union,696EE7D70,696EE8100,United States,USD,Person,177,Joaquin Vargas,0,0,0,0,Money Market,1543589813,0
Erie Insurance Group,132876480,1349A2070,United States,USD,Person,177,Joaquin Vargas,0,0,0,0,Life Insurance,536956854,0
Cash,3CEC88A0,3CEC8BC0,United States,USD,Person,178,Liam Brady,0,0,0,0,Cash,0,0
Giana's Bank,6987952F0,698795680,United States,USD,Person,178,Liam Brady,0,0,0,0,Checking,3154202573,10
Giana's Bank,6987952F0,698795680,United States,USD,Person,178,Liam Brady,0,0,0,0,Savings,3154202574,100
Giana's Bank,6987952F0,698795680,United States,USD,Person,178,Liam Brady,0,0,0,0,Money Market,3154202575,0
Liberty's Brokerage House,69B8D3FD0,69B8D4360,United States,USD,Person,178,Liam Brady,0,0,0,0,Mutual Fund / ETF,4093726672,0
Liberty's Brokerage House,69B8D3FD0,69B8D4360,United States,USD,Person,178,Liam Brady,0,0,0,0,Money Market,4093726673,25
Liberty's Brokerage House,69B8D3FD0,69B8D4360,United States,USD,Person,178,Liam Brady,0,0,0,0,Mutual Fund / ETF,4093726674,0
Bank of America Corp.,1328781D0,134A66380,United States,USD,Person,178,Liam Brady,0,0,0,0,Money Market,1946243027,10
State Farm - Life,132870C80,1346CB580,United States,USD,Person,178,Liam Brady,0,0,0,0,Life Insurance,536956884,0
Cash,3CEC88A0,3CEC8BC0,United States,USD,Person,179,Addison Bean,0,0,0,0,Cash,0,0
Wells Fargo,132878510,134A9E630,United States,USD,Person,179,Addison Bean,1,0,0,0,Checking,1140936678,50
Wells Fargo,132878510,134A9E630,United States,USD,Person,179,Addison Bean,0,0,0,0,Savings,1140936679,0
Wells Fargo,132878510,134A9E630,United States,USD,Person,179,Addison Bean,0,0,0,0,Money Market,1140936680,50
Annalise's Brokerage House,69B95BDF0,69B95C180,United States,USD,Person,179,Addison Bean,0,0,0,0,Mutual Fund / ETF,2080460777,0
CNO Financial Group,1328D3730,1337CF5F0,United States,USD,Person,179,Addison Bean,0,0,0,0,Mutual Fund / ETF,3422638058,0
Annalise's Brokerage House,69B95BDF0,69B95C180,United States,USD,Person,179,Addison Bean,0,0,0,0,Mutual Fund / ETF,2080460779,0
CNO Financial Group,1328D3730,1337CF5F0,United States,USD,Person,179,Addison Bean,0,0,0,0,Mutual Fund / ETF,3422638060,0
Annalise's Brokerage House,69B95BDF0,69B95C180,United States,USD,Person,179,Addison Bean,0,0,0,0,Money Market,2080460781,0
Annalise's Brokerage House,69B95BDF0,69B95C180,United States,USD,Person,179,Addison Bean,0,0,0,0,Mutual Fund / ETF,2080460782,0
CNO Financial Group,1328D3730,1337CF5F0,United States,USD,Person,179,Addison Bean,0,0,0,0,Money Market,3422638063,0
Cash,3CEC88A0,3CEC8BC0,United States,USD,Person,180,Kareem Matthews,0,0,0,0,Cash,0,0
Citizens Bank,13287A8D0,134C8FA20,United States,USD,Person,180,Kareem Matthews,1,69,0,0,Checking,872501266,25
Finnegan's Rexburg Federal Credit Union,699FDE2B0,699FDE640,United States,USD,Person,180,Kareem Matthews,0,0,0,0,Savings,2885767187,0
Citizens Bank,13287A8D0,134C8FA20,United States,USD,Person,180,Kareem Matthews,0,0,0,0,Money Market,872501268,50
Finnegan's Rexburg Federal Credit Union,699FDE2B0,699FDE640,United States,USD,Person,180,Kareem Matthews,0,0,0,0,Money Market,2885767189,10
Cash,3CEC88A0,3CEC8BC0,United States,USD,Person,181,Sebastian Mata,0,0,0,0,Cash,0,0
United Federal Credit Union,699003390,699003720,United States,USD,Person,181,Sebastian Mata,1,207,0,0,Checking,3825291307,0
Citi,132878850,134ACCE40,United States,USD,Person,181,Sebastian Mata,0,0,0,0,Checking,335630380,50
United Federal Credit Union,699003390,699003720,United States,USD,Person,181,Sebastian Mata,0,0,0,0,Savings,3825291309,10
Ariadne's Brokerage House,69B8F1E40,69B8F21D0,United States,USD,Person,181,Sebastian Mata,0,0,0,0,Mutual Fund / ETF,2416005166,0
Ariadne's Brokerage House,69B8F1E40,69B8F21D0,United States,USD,Person,181,Sebastian Mata,0,0,0,0,Mutual Fund / ETF,2416005167,0
Ariadne's Brokerage House,69B8F1E40,69B8F21D0,United States,USD,Person,181,Sebastian Mata,0,0,0,0,Mutual Fund / ETF,2416005168,0
Ariadne's Brokerage House,69B8F1E40,69B8F21D0,United States,USD,Person,181,Sebastian Mata,0,0,0,0,Mutual Fund / ETF,2416005169,0
Ariadne's Brokerage House,69B8F1E40,69B8F21D0,United States,USD,Person,181,Sebastian Mata,0,0,0,0,Mutual Fund / ETF,2416005170,0
Ariadne's Brokerage House,69B8F1E40,69B8F21D0,United States,USD,Person,181,Sebastian Mata,0,0,0,0,Mutual Fund / ETF,2416005171,0
Ariadne's Brokerage House,69B8F1E40,69B8F21D0,United States,USD,Person,181,Sebastian Mata,0,0,0,0,Mutual Fund / ETF,2416005172,0
Ariadne's Brokerage House,69B8F1E40,69B8F21D0,United States,USD,Person,181,Sebastian Mata,0,0,0,0,Mutual Fund / ETF,2416005173,0
Legg Mason,1328D57B0,136E63560,United States,USD,Person,181,Sebastian Mata,0,0,0,0,Mutual Fund / ETF,3959509046,0
Ariadne's Brokerage House,69B8F1E40,69B8F21D0,United States,USD,Person,181,Sebastian Mata,0,0,0,0,Mutual Fund / ETF,2416005175,0
Montes Securities Company,69B814D60,69B8150F0,United States,USD,Person,181,Sebastian Mata,0,0,0,0,Mutual Fund / ETF,1476481080,0
Montes Securities Company,69B814D60,69B8150F0,United States,USD,Person,181,Sebastian Mata,0,0,0,0,Mutual Fund / ETF,1476481081,0
Citi,132878850,134ACCE40,United States,USD,Person,181,Sebastian Mata,0,0,0,0,Money Market,335630394,0
Montes Securities Company,69B814D60,69B8150F0,United States,USD,Person,181,Sebastian Mata,0,0,0,0,Mutual Fund / ETF,1476481083,0
Ariadne's Brokerage House,69B8F1E40,69B8F21D0,United States,USD,Person,181,Sebastian Mata,0,0,0,0,Mutual Fund / ETF,2416005180,0
Ariadne's Brokerage House,69B8F1E40,69B8F21D0,United States,USD,Person,181,Sebastian Mata,0,0,0,0,Mutual Fund / ETF,2416005181,0
Ariadne's Brokerage House,69B8F1E40,69B8F21D0,United States,USD,Person,181,Sebastian Mata,0,0,0,0,Money Market,2416005182,0
State Farm - Life,132870C80,1346B55C0,United States,USD,Person,181,Sebastian Mata,0,0,0,0,Life Insurance,536956991,0
Cash,3CEC88A0,3CEC8BC0,United States,USD,Person,182,Angela Lester,0,0,0,0,Cash,0,0
SunTrust Banks,132879BD0,134C172D0,United States,USD,Person,182,Angela Lester,1,1,0,0,Checking,4093726811,0
Citi,132878850,134AD6680,United States,USD,Person,182,Angela Lester,0,0,0,0,Savings,335630428,100
CNO Financial Group,1328D3730,1337CF5F0,United States,USD,Person,182,Angela Lester,0,0,0,0,Mutual Fund / ETF,3422638173,0
SunTrust Banks,132879BD0,134C172D0,United States,USD,Person,182,Angela Lester,0,0,0,0,Money Market,4093726814,50
Progressive - Life,1328729C0,134874730,United States,USD,Person,182,Angela Lester,0,0,0,0,Life Insurance,1879134303,0
Cash,3CEC88A0,3CEC8BC0,United States,USD,Person,183,Elsa Bridges,0,0,0,0,Cash,0,0
Braden's Federal Credit Union,699089E10,69908A1A0,United States,USD,Person,183,Elsa Bridges,1,0,0,0,Checking,2214678627,50
Braden's Federal Credit Union,699089E10,69908A1A0,United States,USD,Person,183,Elsa Bridges,0,0,0,0,Savings,2214678628,25
Jermaine's Brokerage,69B8BE4B0,69B8BE840,United States,USD,Person,183,Elsa Bridges,0,0,0,0,Money Market,738283621,25
Frankie's Brokerage House,69B90E9E0,69B90ED70,United States,USD,Person,183,Elsa Bridges,0,0,0,0,Stock,2013352038,0
Frankie's Brokerage House,69B90E9E0,69B90ED70,United States,USD,Person,183,Elsa Bridges,0,0,0,0,Stock,2013352039,0
Frankie's Brokerage House,69B90E9E0,69B90ED70,United States,USD,Person,183,Elsa Bridges,0,0,0,0,Stock,2013352040,0
Frankie's Brokerage House,69B90E9E0,69B90ED70,United States,USD,Person,183,Elsa Bridges,0,0,0,0,Stock,2013352041,0
Frankie's Brokerage House,69B90E9E0,69B90ED70,United States,USD,Person,183,Elsa Bridges,0,0,0,0,Stock,2013352042,0
Frankie's Brokerage House,69B90E9E0,69B90ED70,United States,USD,Person,183,Elsa Bridges,0,0,0,0,Stock,2013352043,0
Frankie's Brokerage House,69B90E9E0,69B90ED70,United States,USD,Person,183,Elsa Bridges,0,0,0,0,Stock,2013352044,0
Frankie's Brokerage House,69B90E9E0,69B90ED70,United States,USD,Person,183,Elsa Bridges,0,0,0,0,Stock,2013352045,0
Frankie's Brokerage House,69B90E9E0,69B90ED70,United States,USD,Person,183,Elsa Bridges,0,0,0,0,Stock,2013352046,0
Frankie's Brokerage House,69B90E9E0,69B90ED70,United States,USD,Person,183,Elsa Bridges,0,0,0,0,Mutual Fund / ETF,2013352047,0
Frankie's Brokerage House,69B90E9E0,69B90ED70,United States,USD,Person,183,Elsa Bridges,0,0,0,0,Mutual Fund / ETF,2013352048,0
Frankie's Brokerage House,69B90E9E0,69B90ED70,United States,USD,Person,183,Elsa Bridges,0,0,0,0,Money Market,2013352049,25
Hurley Investments,9A9262650,9A92629E0,France,USD,Person,183,Elsa Bridges,0,0,0,0,Mutual Fund / ETF,2483114098,0
Frankie's Brokerage House,69B90E9E0,69B90ED70,United States,USD,Person,183,Elsa Bridges,0,0,0,0,Mutual Fund / ETF,2013352051,0
Frankie's Brokerage House,69B90E9E0,69B90ED70,United States,USD,Person,183,Elsa Bridges,0,0,0,0,Mutual Fund / ETF,2013352052,0
Frankie's Brokerage House,69B90E9E0,69B90ED70,United States,USD,Person,183,Elsa Bridges,0,0,0,0,Mutual Fund / ETF,2013352053,0
Hurley Investments,9A9262650,9A92629E0,France,USD,Person,183,Elsa Bridges,0,0,0,0,Money Market,2483114102,100
TIAA,1328736C0,134928540,United States,USD,Person,183,Elsa Bridges,0,0,0,0,Life Insurance,2952876151,0
Cash,3CEC88A0,3CEC8BC0,United States,USD,Person,184,Brooke Christian,0,0,0,0,Cash,0,0
Duke's Savings Bank,698F1EA90,698F1EE20,United States,USD,Person,184,Brooke Christian,1,0,0,0,Checking,2751549562,0
Donaldson Bank,697C7D490,697C7D820,United States,USD,Person,184,Brooke Christian,0,0,0,0,Savings,604065915,50
Marshall Stocks and Investing,69B7E3800,69B7E3B90,United States,USD,Person,184,Brooke Christian,0,0,0,0,Stock,86140,0
Marshall Stocks and Investing,69B7E3800,69B7E3B90,United States,USD,Person,184,Brooke Christian,0,0,0,0,Stock,86141,0
Marshall Stocks and Investing,69B7E3800,69B7E3B90,United States,USD,Person,184,Brooke Christian,0,0,0,0,Stock,86142,0
Cash,3CEC88A0,3CEC8BC0,United States,USD,Person,185,Keira Moody,0,0,0,0,Cash,0,0
BB&T Corp.,132879890,134BDA2A0,United States,USD,Person,185,Keira Moody,1,0,0,0,Checking,604065949,10
Capital One Financial,132878B90,134B1C2B0,United States,USD,Person,185,Keira Moody,0,0,0,0,Savings,3825291422,0
BB&T Corp.,132879890,134BDA2A0,United States,USD,Person,185,Keira Moody,0,0,0,0,Savings,604065951,0
BB&T Corp.,132879890,134BDA2A0,United States,USD,Person,185,Keira Moody,0,0,0,0,Money Market,604065952,50
Black Rock,1328D3A70,1337CF670,United States,USD,Person,185,Keira Moody,0,0,0,0,Mutual Fund / ETF,2617331873,0
Black Rock,1328D3A70,1337CF670,United States,USD,Person,185,Keira Moody,0,0,0,0,Mutual Fund / ETF,2617331874,0
Black Rock,1328D3A70,1337CF670,United States,USD,Person,185,Keira Moody,0,0,0,0,Mutual Fund / ETF,2617331875,0
Wellington Management,1328D4DF0,136E633A0,United States,USD,Person,185,Keira Moody,0,0,0,0,Mutual Fund / ETF,2080460964,0
Black Rock,1328D3A70,1337CF670,United States,USD,Person,185,Keira Moody,0,0,0,0,Mutual Fund / ETF,2617331877,0
Wellington Management,1328D4DF0,136E633A0,United States,USD,Person,185,Keira Moody,0,0,0,0,Mutual Fund / ETF,2080460966,0
Raymond James Financial,1328D33F0,136E5F370,United States,USD,Person,185,Keira Moody,0,0,0,0,Mutual Fund / ETF,4227944615,0
PIMCO,1328D4770,136E632A0,United States,USD,Person,185,Keira Moody,0,0,0,0,Mutual Fund / ETF,3691073704,0
Wellington Management,1328D4DF0,136E633A0,United States,USD,Person,185,Keira Moody,0,0,0,0,Money Market,2080460969,25
Black Rock,1328D3A70,1337CF670,United States,USD,Person,185,Keira Moody,0,0,0,0,Mutual Fund / ETF,2617331882,0
T. Rowe Price,1328D5470,136E634C0,United States,USD,Person,185,Keira Moody,0,0,0,0,Mutual Fund / ETF,469848235,0
Raymond James Financial,1328D33F0,136E5F370,United States,USD,Person,185,Keira Moody,0,0,0,0,Money Market,4227944620,0
Black Rock,1328D3A70,1337CF670,United States,USD,Person,185,Keira Moody,0,0,0,0,Money Market,2617331885,10
Capital One Financial,132878B90,134B1C2B0,United States,USD,Person,185,Keira Moody,0,0,0,0,Money Market,3825291438,50
Cash,3CEC88A0,3CEC8BC0,United States,USD,Person,186,Aisha Thomas,0,0,0,0,Cash,0,0
Nicolas's Tenaha Savings Bank,6971C49E0,6971C4D70,United States,USD,Person,186,Aisha Thomas,1,0,0,0,Checking,2013352134,0
Nicolas's Tenaha Savings Bank,6971C49E0,6971C4D70,United States,USD,Person,186,Aisha Thomas,0,0,0,0,Savings,2013352135,50
Charles Schwab,1328D16B0,136E50180,United States,USD,Person,186,Aisha Thomas,0,0,0,0,Mutual Fund / ETF,2885767368,0
Nicolas's Tenaha Savings Bank,6971C49E0,6971C4D70,United States,USD,Person,186,Aisha Thomas,0,0,0,0,Money Market,2013352137,0
Charles Schwab,1328D16B0,136E50180,United States,USD,Person,186,Aisha Thomas,0,0,0,0,Mutual Fund / ETF,2885767370,0
Charles Schwab,1328D16B0,136E50180,United States,USD,Person,186,Aisha Thomas,0,0,0,0,Money Market,2885767371,10
Cash,3CEC88A0,3CEC8BC0,United States,USD,Person,187,Axton Barnes Jr,0,0,0,0,Cash,0,0
Juliana's Thrift,69B258460,69B2587F0,United States,USD,Person,187,Axton Barnes Jr,0,0,0,0,Checking,402739407,25
Perry Bank,6984F5BE0,6984F5F70,United States,USD,Person,187,Axton Barnes Jr,0,0,0,0,Savings,4160835792,0
Juliana's Thrift,69B258460,69B2587F0,United States,USD,Person,187,Axton Barnes Jr,0,0,0,0,Money Market,402739409,25
Legg Mason,1328D57B0,136E63560,United States,USD,Person,187,Axton Barnes Jr,0,0,0,0,Mutual Fund / ETF,3959509202,0
Perry Bank,6984F5BE0,6984F5F70,United States,USD,Person,187,Axton Barnes Jr,0,0,0,0,Money Market,4160835795,0
Legg Mason,1328D57B0,136E63560,United States,USD,Person,187,Axton Barnes Jr,0,0,0,0,Mutual Fund / ETF,3959509204,0
Legg Mason,1328D57B0,136E63560,United States,USD,Person,187,Axton Barnes Jr,0,0,0,0,Money Market,3959509205,25
Ibarra Darlington Life Insurance Affiliates,69BAB7090,69BAB7420,United States,USD,Person,187,Axton Barnes Jr,0,0,0,0,Life Insurance,604066006,0
Cash,3CEC88A0,3CEC8BC0,United States,USD,Person,188,Tobias F. Adams,0,0,0,0,Cash,0,0
Terrence's Federal Credit Union,69B50D2A0,69B50D630,United States,USD,Person,188,Tobias F. Adams,0,0,0,0,Checking,2818658529,50
Terrence's Federal Credit Union,69B50D2A0,69B50D630,United States,USD,Person,188,Tobias F. Adams,0,0,0,0,Savings,2818658530,50
Morgan Stanley,1328D2070,136E57910,United States,USD,Person,188,Tobias F. Adams,0,0,0,0,Mutual Fund / ETF,469848291,0
Terrence's Federal Credit Union,69B50D2A0,69B50D630,United States,USD,Person,188,Tobias F. Adams,0,0,0,0,Money Market,2818658532,10
Morgan Stanley,1328D2070,136E57910,United States,USD,Person,188,Tobias F. Adams,0,0,0,0,Mutual Fund / ETF,469848293,0
Morgan Stanley,1328D2070,136E57910,United States,USD,Person,188,Tobias F. Adams,0,0,0,0,Money Market,469848294,50
Cash,3CEC88A0,3CEC8BC0,United States,USD,Person,189,Lindsey Webb,0,0,0,0,Cash,0,0
Paisley's Savings Bank,69A609DC0,69A60A150,United States,USD,Person,189,Lindsey Webb,1,154,0,0,Checking,1879134462,50
Ally Financial,13287AF50,133B57270,United States,USD,Person,189,Lindsey Webb,0,0,0,0,Savings,3556856063,0
Paisley's Savings Bank,69A609DC0,69A60A150,United States,USD,Person,189,Lindsey Webb,0,0,0,0,Money Market,1879134464,25
McIntyre Brooklyn Securities Company,69B950310,69B9506A0,United States,USD,Person,189,Lindsey Webb,0,0,0,0,Mutual Fund / ETF,3288420609,0
McIntyre Brooklyn Securities Company,69B950310,69B9506A0,United States,USD,Person,189,Lindsey Webb,0,0,0,0,Money Market,3288420610,25
McIntyre Brooklyn Securities Company,69B950310,69B9506A0,United States,USD,Person,189,Lindsey Webb,0,0,0,0,Mutual Fund / ETF,3288420611,0
Ally Financial,13287AF50,133B57270,United States,USD,Person,189,Lindsey Webb,0,0,0,0,Money Market,3556856068,10
Allstate - Life,132870FC0,1346F2560,United States,USD,Person,189,Lindsey Webb,0,0,0,0,Life Insurance,4026618117,0
Cash,3CEC88A0,3CEC8BC0,United States,USD,Person,190,Kylen Macias,0,0,0,0,Cash,0,0
SunTrust Banks,132879BD0,134C1EB90,United States,USD,Person,190,Kylen Macias,1,1,0,0,Checking,4093727014,0
Olson Bank,698E9AB50,698E9AEE0,United States,USD,Person,190,Kylen Macias,0,0,0,0,Savings,3556856103,50
SunTrust Banks,132879BD0,134C1EB90,United States,USD,Person,190,Kylen Macias,0,0,0,0,Money Market,4093727016,0
Olson Bank,698E9AB50,698E9AEE0,United States,USD,Person,190,Kylen Macias,0,0,0,0,Money Market,3556856105,50
Londyn's Investments,69B7F5EE0,69B7F6270,United States,USD,Person,190,Kylen Macias,0,0,0,0,Money Market,3087094058,50
Kelly Thrift,69AE57270,69AE57600,United States,USD,Person,190,Kylen Macias,0,0,0,0,Money Market,2617332011,25
Londyn's Investments,69B7F5EE0,69B7F6270,United States,USD,Person,190,Kylen Macias,0,0,0,0,Mutual Fund / ETF,3087094060,0
Londyn's Investments,69B7F5EE0,69B7F6270,United States,USD,Person,190,Kylen Macias,0,0,0,0,Mutual Fund / ETF,3087094061,0
Londyn's Investments,69B7F5EE0,69B7F6270,United States,USD,Person,190,Kylen Macias,0,0,0,0,Mutual Fund / ETF,3087094062,0
Londyn's Investments,69B7F5EE0,69B7F6270,United States,USD,Person,190,Kylen Macias,0,0,0,0,Mutual Fund / ETF,3087094063,0
Londyn's Investments,69B7F5EE0,69B7F6270,United States,USD,Person,190,Kylen Macias,0,0,0,0,Mutual Fund / ETF,3087094064,0
Wayne's Investing,69B8FA040,69B8FA3D0,United States,USD,Person,190,Kylen Macias,0,0,0,0,Mutual Fund / ETF,268521777,0
Londyn's Investments,69B7F5EE0,69B7F6270,United States,USD,Person,190,Kylen Macias,0,0,0,0,Mutual Fund / ETF,3087094066,0
Londyn's Investments,69B7F5EE0,69B7F6270,United States,USD,Person,190,Kylen Macias,0,0,0,0,Mutual Fund / ETF,3087094067,0
Londyn's Investments,69B7F5EE0,69B7F6270,United States,USD,Person,190,Kylen Macias,0,0,0,0,Mutual Fund / ETF,3087094068,0
Londyn's Investments,69B7F5EE0,69B7F6270,United States,USD,Person,190,Kylen Macias,0,0,0,0,Mutual Fund / ETF,3087094069,0
Londyn's Investments,69B7F5EE0,69B7F6270,United States,USD,Person,190,Kylen Macias,0,0,0,0,Mutual Fund / ETF,3087094070,0
Londyn's Investments,69B7F5EE0,69B7F6270,United States,USD,Person,190,Kylen Macias,0,0,0,0,Mutual Fund / ETF,3087094071,0
Londyn's Investments,69B7F5EE0,69B7F6270,United States,USD,Person,190,Kylen Macias,0,0,0,0,Mutual Fund / ETF,3087094072,0
Schultz Securities Company,9AA17BFF0,9AA17C380,Germany,USD,Person,190,Kylen Macias,0,0,0,0,Mutual Fund / ETF,4227944761,0
Interactive Brokers,1328D2D70,136E5F270,United States,USD,Person,190,Kylen Macias,0,0,0,0,Mutual Fund / ETF,1543590202,0
Londyn's Investments,69B7F5EE0,69B7F6270,United States,USD,Person,190,Kylen Macias,0,0,0,0,Mutual Fund / ETF,3087094075,0
Londyn's Investments,69B7F5EE0,69B7F6270,United States,USD,Person,190,Kylen Macias,0,0,0,0,Mutual Fund / ETF,3087094076,0
Londyn's Investments,69B7F5EE0,69B7F6270,United States,USD,Person,190,Kylen Macias,0,0,0,0,Mutual Fund / ETF,3087094077,0
Londyn's Investments,69B7F5EE0,69B7F6270,United States,USD,Person,190,Kylen Macias,0,0,0,0,Mutual Fund / ETF,3087094078,0
Londyn's Investments,69B7F5EE0,69B7F6270,United States,USD,Person,190,Kylen Macias,0,0,0,0,Mutual Fund / ETF,3087094079,0
Londyn's Investments,69B7F5EE0,69B7F6270,United States,USD,Person,190,Kylen Macias,0,0,0,0,Mutual Fund / ETF,3087094080,0
Londyn's Investments,69B7F5EE0,69B7F6270,United States,USD,Person,190,Kylen Macias,0,0,0,0,Mutual Fund / ETF,3087094081,0
Camilo's Savings Bank,6976DA980,6976DAD10,United States,USD,Person,190,Kylen Macias,0,0,0,0,Money Market,1610699074,10
Schultz Securities Company,9AA17BFF0,9AA17C380,Germany,USD,Person,190,Kylen Macias,0,0,0,0,Money Market,4227944771,0
Londyn's Investments,69B7F5EE0,69B7F6270,United States,USD,Person,190,Kylen Macias,0,0,0,0,Mutual Fund / ETF,3087094084,0
Wayne's Investing,69B8FA040,69B8FA3D0,United States,USD,Person,190,Kylen Macias,0,0,0,0,Mutual Fund / ETF,268521797,0
Schultz Securities Company,9AA17BFF0,9AA17C380,Germany,USD,Person,190,Kylen Macias,0,0,0,0,Money Market,4227944774,25
Interactive Brokers,1328D2D70,136E5F270,United States,USD,Person,190,Kylen Macias,0,0,0,0,Money Market,1543590215,10
Cash,3CEC88A0,3CEC8BC0,United States,USD,Person,191,Deangelo Hobbs,0,0,0,0,Cash,0,0
Greta's Savings Bank,697018CC0,697019050,United States,USD,Person,191,Deangelo Hobbs,1,0,0,0,Checking,805392713,50
Owens Federal Credit Union,3D91F7C50,3D91F7FE0,United States,USD,Person,191,Deangelo Hobbs,0,0,0,0,Savings,335630666,100
Cash,3CEC88A0,3CEC8BC0,United States,USD,Person,192,Blair Morrow,0,0,0,0,Cash,0,0
Reynolds Bank,6978F3E00,6978F4190,United States,USD,Person,192,Blair Morrow,1,0,0,0,Checking,2147569999,25
Wells Fargo,132878510,134A81830,United States,USD,Person,192,Blair Morrow,0,0,0,0,Savings,1140937040,0
Reynolds Bank,6978F3E00,6978F4190,United States,USD,Person,192,Blair Morrow,0,0,0,0,Money Market,2147570001,0
Binance,1328D5AF0,136E63600,United States,USD,Person,192,Blair Morrow,0,0,0,0,Crypto Currency,3154202962,0
Wells Fargo,132878510,134A81830,United States,USD,Person,192,Blair Morrow,0,0,0,0,CD,1140937043,0
Drew's Brokerage,69B8B5590,69B8B5920,United States,USD,Person,192,Blair Morrow,0,0,0,0,Mutual Fund / ETF,1677807956,0
Drew's Brokerage,69B8B5590,69B8B5920,United States,USD,Person,192,Blair Morrow,0,0,0,0,Mutual Fund / ETF,1677807957,0
Drew's Brokerage,69B8B5590,69B8B5920,United States,USD,Person,192,Blair Morrow,0,0,0,0,Mutual Fund / ETF,1677807958,0
Drew's Brokerage,69B8B5590,69B8B5920,United States,USD,Person,192,Blair Morrow,0,0,0,0,Mutual Fund / ETF,1677807959,0
T. Rowe Price,1328D5470,136E634C0,United States,USD,Person,192,Blair Morrow,0,0,0,0,Mutual Fund / ETF,469848408,0
Wells Fargo,132878510,134A81830,United States,USD,Person,192,Blair Morrow,0,0,0,0,Money Market,1140937049,100
T. Rowe Price,1328D5470,136E634C0,United States,USD,Person,192,Blair Morrow,0,0,0,0,Mutual Fund / ETF,469848410,0
Dillon Stocks and Investing,69B8D0BB0,69B8D0F40,United States,USD,Person,192,Blair Morrow,0,0,0,0,Mutual Fund / ETF,3959509339,0
Drew's Brokerage,69B8B5590,69B8B5920,United States,USD,Person,192,Blair Morrow,0,0,0,0,Mutual Fund / ETF,1677807964,0
PIMCO,1328D4770,136E632A0,United States,USD,Person,192,Blair Morrow,0,0,0,0,Mutual Fund / ETF,3691073885,0
Legg Mason,1328D57B0,136E63560,United States,USD,Person,192,Blair Morrow,0,0,0,0,Mutual Fund / ETF,3959509342,0
Drew's Brokerage,69B8B5590,69B8B5920,United States,USD,Person,192,Blair Morrow,0,0,0,0,Mutual Fund / ETF,1677807967,0
Drew's Brokerage,69B8B5590,69B8B5920,United States,USD,Person,192,Blair Morrow,0,0,0,0,Mutual Fund / ETF,1677807968,0
Legg Mason,1328D57B0,136E63560,United States,USD,Person,192,Blair Morrow,0,0,0,0,Mutual Fund / ETF,3959509345,0
Khaleesi's Brokerage,9A3031CD0,9A3032060,China,USD,Person,192,Blair Morrow,0,0,0,0,Mutual Fund / ETF,872501602,0
Dillon Stocks and Investing,69B8D0BB0,69B8D0F40,United States,USD,Person,192,Blair Morrow,0,0,0,0,Mutual Fund / ETF,3959509347,0
Raymond James Financial,1328D33F0,136E61C20,United States,USD,Person,192,Blair Morrow,0,0,0,0,Mutual Fund / ETF,4227944804,0
Drew's Brokerage,69B8B5590,69B8B5920,United States,USD,Person,192,Blair Morrow,0,0,0,0,Mutual Fund / ETF,1677807973,0
Drew's Brokerage,69B8B5590,69B8B5920,United States,USD,Person,192,Blair Morrow,0,0,0,0,Money Market,1677807974,10
Cash,3CEC88A0,3CEC8BC0,United States,USD,Person,193,Perla Carlson,0,0,0,0,Cash,0,0
United Federal Credit Union,697740860,697740BF0,United States,USD,Person,193,Perla Carlson,1,1,0,0,Checking,402739600,100
JPMorgan Chase,132877E90,1349FCF60,United States,USD,Person,193,Perla Carlson,0,0,0,0,Savings,2751549841,10
United Federal Credit Union,697740860,697740BF0,United States,USD,Person,193,Perla Carlson,0,0,0,0,Money Market,402739602,50
Walter Partners,69B946B50,69B946EE0,United States,USD,Person,193,Perla Carlson,0,0,0,0,Mutual Fund / ETF,3556856211,0
Walter Partners,69B946B50,69B946EE0,United States,USD,Person,193,Perla Carlson,0,0,0,0,Mutual Fund / ETF,3556856212,0
Walter Partners,69B946B50,69B946EE0,United States,USD,Person,193,Perla Carlson,0,0,0,0,Mutual Fund / ETF,3556856213,0
Walter Partners,69B946B50,69B946EE0,United States,USD,Person,193,Perla Carlson,0,0,0,0,Mutual Fund / ETF,3556856214,0
Amalia's Partners,69B868570,69B868900,United States,USD,Person,193,Perla Carlson,0,0,0,0,Money Market,1543590295,10
Walter Partners,69B946B50,69B946EE0,United States,USD,Person,193,Perla Carlson,0,0,0,0,Money Market,3556856216,100
Cash,3CEC88A0,3CEC8BC0,United States,USD,Person,194,Cayson Hardy,0,0,0,0,Cash,0,0
JPMorgan Chase,132877E90,1349EFDD0,United States,USD,Person,194,Cayson Hardy,1,0,0,0,Checking,2751549866,100
Citizens Bank,13287A8D0,134C7ECA0,United States,USD,Person,194,Cayson Hardy,0,0,0,0,Savings,872501675,25
JPMorgan Chase,132877E90,1349EFDD0,United States,USD,Person,194,Cayson Hardy,0,0,0,0,Money Market,2751549868,100
State Farm - Life,132870C80,13468D460,United States,USD,Person,194,Cayson Hardy,0,0,0,0,Life Insurance,536957357,0
Cash,3CEC88A0,3CEC8BC0,United States,USD,Person,195,Jun-Soo Dean,0,0,0,0,Cash,0,0
Shepard Savings Bank,698EFB1B0,698EFB540,United States,USD,Person,195,Jun-Soo Dean,1,0,0,0,Checking,1812025781,0
Cash,3CEC88A0,3CEC8BC0,United States,USD,Person,196,Solomon Dunn,0,0,0,0,Cash,0,0
Landyn's Federal Credit Union,6987DD5F0,6987DD980,United States,USD,Person,196,Solomon Dunn,1,0,0,0,Checking,2080461276,50
Lang Federal Credit Union,6996FF1C0,6996FF550,United States,USD,Person,196,Solomon Dunn,0,0,0,0,Savings,1879134685,25
Landyn's Federal Credit Union,6987DD5F0,6987DD980,United States,USD,Person,196,Solomon Dunn,0,0,0,0,Money Market,2080461278,50
Charles Schwab,1328D16B0,136E514C0,United States,USD,Person,196,Solomon Dunn,0,0,0,0,Mutual Fund / ETF,2885767647,0
Charles Schwab,1328D16B0,136E514C0,United States,USD,Person,196,Solomon Dunn,0,0,0,0,Mutual Fund / ETF,2885767648,0
Merrill Lynch,1328D23B0,136E5CB10,United States,USD,Person,196,Solomon Dunn,0,0,0,0,Mutual Fund / ETF,3959509473,0
Charles Schwab,1328D16B0,136E514C0,United States,USD,Person,196,Solomon Dunn,0,0,0,0,Money Market,2885767650,25
Morgan Stanley,1328D2070,136E57910,United States,USD,Person,196,Solomon Dunn,0,0,0,0,Mutual Fund / ETF,469848547,0
Lang Federal Credit Union,6996FF1C0,6996FF550,United States,USD,Person,196,Solomon Dunn,0,0,0,0,Money Market,1879134692,50
Seamus's Fort Thomas Insurance,69BADFF80,69BAE0310,United States,USD,Person,196,Solomon Dunn,0,0,0,0,Life Insurance,3758182885,0
Cash,3CEC88A0,3CEC8BC0,United States,USD,Person,197,Bill McMahon,0,0,0,0,Cash,0,0
U.S. Bancorp,132878ED0,134B7E210,United States,USD,Person,197,Bill McMahon,1,208,0,0,Checking,3019985405,50
Ally Financial,13287AF50,133B57270,United States,USD,Person,197,Bill McMahon,0,0,0,0,Savings,3556856318,0
Voya Financial,1328D2A30,136E5F1F0,United States,USD,Person,197,Bill McMahon,0,0,0,0,Mutual Fund / ETF,2348896767,0
U.S. Bancorp,132878ED0,134B7E210,United States,USD,Person,197,Bill McMahon,0,0,0,0,Money Market,3019985408,0
Voya Financial,1328D2A30,136E5F1F0,United States,USD,Person,197,Bill McMahon,0,0,0,0,Mutual Fund / ETF,2348896769,0
Voya Financial,1328D2A30,136E5F1F0,United States,USD,Person,197,Bill McMahon,0,0,0,0,Money Market,2348896770,0
Cash,3CEC88A0,3CEC8BC0,United States,USD,Person,198,Chaim Dalton,0,0,0,0,Cash,0,0
M&T Bank Corp.,13287A590,134C72280,United States,USD,Person,198,Chaim Dalton,1,1,0,0,Checking,1677808150,0
Alayah's Bank,6989D6000,6989D6390,United States,USD,Person,198,Chaim Dalton,0,0,0,0,Savings,86551,100
M&T Bank Corp.,13287A590,134C72280,United States,USD,Person,198,Chaim Dalton,0,0,0,0,Savings,1677808152,0
M&T Bank Corp.,13287A590,134C72280,United States,USD,Person,198,Chaim Dalton,0,0,0,0,Money Market,1677808153,10
Annalee's Securities Company,69B8662C0,69B866650,United States,USD,Person,198,Chaim Dalton,0,0,0,0,Mutual Fund / ETF,2952876570,0
Annalee's Securities Company,69B8662C0,69B866650,United States,USD,Person,198,Chaim Dalton,0,0,0,0,Mutual Fund / ETF,2952876571,0
Annalee's Securities Company,69B8662C0,69B866650,United States,USD,Person,198,Chaim Dalton,0,0,0,0,Money Market,2952876572,100
Cash,3CEC88A0,3CEC8BC0,United States,USD,Person,199,Esme G. Reynolds,0,0,0,0,Cash,0,0
Saoirse's Bank,697703750,697703AE0,United States,USD,Person,199,Esme G. Reynolds,1,0,0,0,Checking,3556856359,50
Wells Fargo,132878510,134A98580,United States,USD,Person,199,Esme G. Reynolds,0,0,0,0,Savings,1140937256,10
Saoirse's Bank,697703750,697703AE0,United States,USD,Person,199,Esme G. Reynolds,0,0,0,0,Money Market,3556856361,10
Merrill Lynch,1328D23B0,136E5B610,United States,USD,Person,199,Esme G. Reynolds,0,0,0,0,Mutual Fund / ETF,3959509546,0
Merrill Lynch,1328D23B0,136E5B610,United States,USD,Person,199,Esme G. Reynolds,0,0,0,0,Money Market,3959509547,25
Cash,3CEC88A0,3CEC8BC0,United States,USD,Person,200,Emiliano Gomez,0,0,0,0,Cash,0,0
Drew's San Antonio Bank,69B6A93A0,69B6A9730,United States,USD,Person,200,Emiliano Gomez,1,0,0,0,Checking,3892400687,25
JPMorgan Chase,132877E90,134A0F330,United States,USD,Person,200,Emiliano Gomez,0,0,0,0,Savings,2751550000,0
Drew's San Antonio Bank,69B6A93A0,69B6A9730,United States,USD,Person,200,Emiliano Gomez,0,0,0,0,Money Market,3892400689,25
Morgan Stanley,1328D2070,136E599E0,United States,USD,Person,200,Emiliano Gomez,0,0,0,0,Mutual Fund / ETF,469848626,0
Morgan Stanley,1328D2070,136E599E0,United States,USD,Person,200,Emiliano Gomez,0,0,0,0,Mutual Fund / ETF,469848627,0
Citi,132878850,134AF3E90,United States,USD,Person,200,Emiliano Gomez,0,0,0,0,Money Market,335630900,25
Morgan Stanley,1328D2070,136E599E0,United States,USD,Person,200,Emiliano Gomez,0,0,0,0,Mutual Fund / ETF,469848629,0
Frankie's Savings Bank,697AC0300,697AC0690,United States,USD,Person,200,Emiliano Gomez,0,0,0,0,Money Market,3221312054,0
Cash,3CEC88A0,3CEC8BC0,United States,USD,Person,201,Lucian English,0,0,0,0,Cash,0,0
Bank of America Corp.,1328781D0,134A35A10,United States,USD,Person,201,Lucian English,1,0,0,0,Checking,1946243639,50
Ally Financial,13287AF50,133B57270,United States,USD,Person,201,Lucian English,0,0,0,0,Savings,3556856376,100
Bank of America Corp.,1328781D0,134A35A10,United States,USD,Person,201,Lucian English,0,0,0,0,Money Market,1946243641,50
Cash,3CEC88A0,3CEC8BC0,United States,USD,Person,202,Everett L. Mata,0,0,0,0,Cash,0,0
M&T Bank Corp.,13287A590,134C6D3C0,United States,USD,Person,202,Everett L. Mata,1,208,0,0,Checking,1677808194,0
Hartman Savings Bank,696E42450,696E427E0,United States,USD,Person,202,Everett L. Mata,0,0,0,0,Savings,335630915,10
M&T Bank Corp.,13287A590,134C6D3C0,United States,USD,Person,202,Everett L. Mata,0,0,0,0,CD,1677808196,0
M&T Bank Corp.,13287A590,134C6D3C0,United States,USD,Person,202,Everett L. Mata,0,0,0,0,CD,1677808197,0
Cash,3CEC88A0,3CEC8BC0,United States,USD,Person,203,Valentina David,0,0,0,0,Cash,0,0
Fifth Third Bancorp,13287B290,134C9DBB0,United States,USD,Person,203,Valentina David,1,0,0,0,Checking,2751550027,10
Ally Financial,13287AF50,133B57270,United States,USD,Person,203,Valentina David,0,0,0,0,Savings,3556856396,0
Fifth Third Bancorp,13287B290,134C9DBB0,United States,USD,Person,203,Valentina David,0,0,0,0,Savings,2751550029,25
Bank of America Corp.,1328781D0,134A510E0,United States,USD,Person,203,Valentina David,0,0,0,0,Money Market,1946243662,25
Bell Brokerage House,69B8F9330,69B8F96C0,United States,USD,Person,203,Valentina David,0,0,0,0,Mutual Fund / ETF,3422638671,0
Merrill Lynch,1328D23B0,136E5CC60,United States,USD,Person,203,Valentina David,0,0,0,0,Money Market,3959509584,100
Bell Brokerage House,69B8F9330,69B8F96C0,United States,USD,Person,203,Valentina David,0,0,0,0,Mutual Fund / ETF,3422638673,0
Bell Brokerage House,69B8F9330,69B8F96C0,United States,USD,Person,203,Valentina David,0,0,0,0,Money Market,3422638674,50
Cash,3CEC88A0,3CEC8BC0,United States,USD,Person,204,Edison Avalos,0,0,0,0,Cash,0,0
Wells Fargo,132878510,134AB4DD0,United States,USD,Person,204,Edison Avalos,1,120,0,0,Checking,1140937299,50
Franklin Resources,1328D5130,136E63420,United States,USD,Person,204,Edison Avalos,0,0,0,0,Mutual Fund / ETF,1275155028,0
Franklin Resources,1328D5130,136E63420,United States,USD,Person,204,Edison Avalos,0,0,0,0,Mutual Fund / ETF,1275155029,0
Franklin Resources,1328D5130,136E63420,United States,USD,Person,204,Edison Avalos,0,0,0,0,Mutual Fund / ETF,1275155030,0
Franklin Resources,1328D5130,136E63420,United States,USD,Person,204,Edison Avalos,0,0,0,0,Mutual Fund / ETF,1275155031,0
Franklin Resources,1328D5130,136E63420,United States,USD,Person,204,Edison Avalos,0,0,0,0,Mutual Fund / ETF,1275155032,0
Wells Fargo,132878510,134AB4DD0,United States,USD,Person,204,Edison Avalos,0,0,0,0,Money Market,1140937305,100
Franklin Resources,1328D5130,136E63420,United States,USD,Person,204,Edison Avalos,0,0,0,0,Mutual Fund / ETF,1275155034,0
Franklin Resources,1328D5130,136E63420,United States,USD,Person,204,Edison Avalos,0,0,0,0,Mutual Fund / ETF,1275155035,0
Franklin Resources,1328D5130,136E63420,United States,USD,Person,204,Edison Avalos,0,0,0,0,Mutual Fund / ETF,1275155036,0
Franklin Resources,1328D5130,136E63420,United States,USD,Person,204,Edison Avalos,0,0,0,0,Money Market,1275155037,0
Allstate - Life,132870FC0,1346F2560,United States,USD,Person,204,Edison Avalos,0,0,0,0,Life Insurance,4026618462,0
Cash,3CEC88A0,3CEC8BC0,United States,USD,Person,205,Danica Contreras,0,0,0,0,Cash,0,0
U.S. Bancorp,132878ED0,134B75B50,United States,USD,Person,205,Danica Contreras,1,0,0,0,Checking,3019985529,50
Owens Traverse City Savings Bank,6988058A0,698805C30,United States,USD,Person,205,Danica Contreras,0,0,0,0,Savings,671175290,25
Bank of America Corp.,1328781D0,134A35A10,United States,USD,Person,205,Danica Contreras,0,0,0,0,Money Market,1946243707,25
Green Stocks and Investing,69B85E900,69B85EC90,United States,USD,Person,205,Danica Contreras,0,0,0,0,Mutual Fund / ETF,1073828476,0
Green Stocks and Investing,69B85E900,69B85EC90,United States,USD,Person,205,Danica Contreras,0,0,0,0,Mutual Fund / ETF,1073828477,0
Green Stocks and Investing,69B85E900,69B85EC90,United States,USD,Person,205,Danica Contreras,0,0,0,0,Mutual Fund / ETF,1073828478,0
Fidelity Investments,1328D40F0,136E631A0,United States,USD,Person,205,Danica Contreras,0,0,0,0,Money Market,1006719615,0
Green Stocks and Investing,69B85E900,69B85EC90,United States,USD,Person,205,Danica Contreras,0,0,0,0,Mutual Fund / ETF,1073828480,0
Owens Traverse City Savings Bank,6988058A0,698805C30,United States,USD,Person,205,Danica Contreras,0,0,0,0,Money Market,671175297,10
Cash,3CEC88A0,3CEC8BC0,United States,USD,Person,206,Kate Frye,0,0,0,0,Cash,0,0
Bank of New York Mellon,132879550,134BC82D0,United States,USD,Person,206,Kate Frye,0,0,0,0,Checking,1409372803,0
Maeve's Gainesville Bank,69A6BCDC0,69A6BD150,United States,USD,Person,206,Kate Frye,0,0,0,0,Savings,1879134852,100
Bank of New York Mellon,132879550,134BC82D0,United States,USD,Person,206,Kate Frye,0,0,0,0,Savings,1409372805,0
Cash,3CEC88A0,3CEC8BC0,United States,USD,Person,207,Xzavier Houston,0,0,0,0,Cash,0,0
Schaefer Federal Credit Union,6976FF1F0,6976FF580,United States,USD,Person,207,Xzavier Houston,1,0,0,0,Checking,2080461502,50
JPMorgan Chase,132877E90,134A110F0,United States,USD,Person,207,Xzavier Houston,0,0,0,0,Savings,2751550143,25
Schaefer Federal Credit Union,6976FF1F0,6976FF580,United States,USD,Person,207,Xzavier Houston,0,0,0,0,Money Market,2080461504,50
Merrill Lynch,1328D23B0,136E5D7C0,United States,USD,Person,207,Xzavier Houston,0,0,0,0,Mutual Fund / ETF,3959509697,0
Merrill Lynch,1328D23B0,136E5D7C0,United States,USD,Person,207,Xzavier Houston,0,0,0,0,Mutual Fund / ETF,3959509698,0
Merrill Lynch,1328D23B0,136E5D7C0,United States,USD,Person,207,Xzavier Houston,0,0,0,0,Mutual Fund / ETF,3959509699,0
Merrill Lynch,1328D23B0,136E5D7C0,United States,USD,Person,207,Xzavier Houston,0,0,0,0,Mutual Fund / ETF,3959509700,0
Merrill Lynch,1328D23B0,136E5D7C0,United States,USD,Person,207,Xzavier Houston,0,0,0,0,Mutual Fund / ETF,3959509701,0
Merrill Lynch,1328D23B0,136E5D7C0,United States,USD,Person,207,Xzavier Houston,0,0,0,0,Mutual Fund / ETF,3959509702,0
Merrill Lynch,1328D23B0,136E5D7C0,United States,USD,Person,207,Xzavier Houston,0,0,0,0,Mutual Fund / ETF,3959509703,0
Merrill Lynch,1328D23B0,136E5D7C0,United States,USD,Person,207,Xzavier Houston,0,0,0,0,Stock,3959509704,0
Snow Brokerage,69B7A7940,69B7A7CD0,United States,USD,Person,207,Xzavier Houston,0,0,0,0,Stock,1342264009,0
Merrill Lynch,1328D23B0,136E5D7C0,United States,USD,Person,207,Xzavier Houston,0,0,0,0,Stock,3959509706,0
Merrill Lynch,1328D23B0,136E5D7C0,United States,USD,Person,207,Xzavier Houston,0,0,0,0,Stock,3959509707,0
Merrill Lynch,1328D23B0,136E5D7C0,United States,USD,Person,207,Xzavier Houston,0,0,0,0,Stock,3959509708,0
Chambers Securities Company,69B94D7A0,69B94DB30,United States,USD,Person,207,Xzavier Houston,0,0,0,0,Stock,3892400845,0
Merrill Lynch,1328D23B0,136E5D7C0,United States,USD,Person,207,Xzavier Houston,0,0,0,0,Mutual Fund / ETF,3959509710,0
Merrill Lynch,1328D23B0,136E5D7C0,United States,USD,Person,207,Xzavier Houston,0,0,0,0,Mutual Fund / ETF,3959509711,0
Merrill Lynch,1328D23B0,136E5D7C0,United States,USD,Person,207,Xzavier Houston,0,0,0,0,Mutual Fund / ETF,3959509712,0
Merrill Lynch,1328D23B0,136E5D7C0,United States,USD,Person,207,Xzavier Houston,0,0,0,0,Money Market,3959509713,25
Cash,3CEC88A0,3CEC8BC0,United States,USD,Person,208,Omar Hensley,0,0,0,0,Cash,0,0
BB&T Corp.,132879890,134BFF060,United States,USD,Person,208,Omar Hensley,1,0,0,0,Checking,604066582,100
Shepherd Bank,698149760,698149AF0,United States,USD,Person,208,Omar Hensley,0,0,0,0,Savings,3623965463,50
BB&T Corp.,132879890,134BFF060,United States,USD,Person,208,Omar Hensley,0,0,0,0,Money Market,604066584,25
Sloane's Brokerage House,69B8D1010,69B8D13A0,United States,USD,Person,208,Omar Hensley,0,0,0,0,Mutual Fund / ETF,67195673,0
Sloane's Brokerage House,69B8D1010,69B8D13A0,United States,USD,Person,208,Omar Hensley,0,0,0,0,Money Market,67195674,0
Sloane's Brokerage House,69B8D1010,69B8D13A0,United States,USD,Person,208,Omar Hensley,0,0,0,0,Mutual Fund / ETF,67195675,0
Shepherd Bank,698149760,698149AF0,United States,USD,Person,208,Omar Hensley,0,0,0,0,Money Market,3623965468,25
Cash,3CEC88A0,3CEC8BC0,United States,USD,Person,209,Kennedy Morgan,0,0,0,0,Cash,0,0
SunTrust Banks,132879BD0,134C12020,United States,USD,Person,209,Kennedy Morgan,1,0,0,0,Checking,4093727517,25
State Street Bank,13287AC10,134C9D7B0,United States,USD,Person,209,Kennedy Morgan,0,0,0,0,Checking,67195678,0
SunTrust Banks,132879BD0,134C12020,United States,USD,Person,209,Kennedy Morgan,0,0,0,0,Savings,4093727519,25
SunTrust Banks,132879BD0,134C12020,United States,USD,Person,209,Kennedy Morgan,0,0,0,0,Money Market,4093727520,50
Karson's Rochester Securities Company,69B82A480,69B82A810,United States,USD,Person,209,Kennedy Morgan,0,0,0,0,Mutual Fund / ETF,536957729,0
State Street Bank,13287AC10,134C9D7B0,United States,USD,Person,209,Kennedy Morgan,0,0,0,0,Money Market,67195682,0
Cash,3CEC88A0,3CEC8BC0,United States,USD,Person,210,Tazu Maeda,0,0,0,0,Cash,0,0
Rogers Savings Bank,697C669F0,697C66D80,United States,USD,Person,210,Tazu Maeda,1,0,0,0,Checking,2080461621,25
Leia's Federal Credit Union,6989A5AE0,6989A5E70,United States,USD,Person,210,Tazu Maeda,0,0,0,0,Savings,3087094582,0
Rogers Savings Bank,697C669F0,697C66D80,United States,USD,Person,210,Tazu Maeda,0,0,0,0,Money Market,2080461623,25
American Funds,1328D4430,136E63220,United States,USD,Person,210,Tazu Maeda,0,0,0,0,Mutual Fund / ETF,201413432,0
Leia's Federal Credit Union,6989A5AE0,6989A5E70,United States,USD,Person,210,Tazu Maeda,0,0,0,0,Money Market,3087094585,50
Cash,3CEC88A0,3CEC8BC0,United States,USD,Person,211,Adilynn Roberson,0,0,0,0,Cash,0,0
Bank of America Corp.,1328781D0,134A5CC20,United States,USD,Person,211,Adilynn Roberson,1,0,0,0,Checking,1946243931,50
Dodson Bank,69ACA3490,69ACA3820,United States,USD,Person,211,Adilynn Roberson,0,0,0,0,Savings,604066652,10
Morgan Stanley,1328D2070,136E59970,United States,USD,Person,211,Adilynn Roberson,0,0,0,0,Stock,469848925,0
Morgan Stanley,1328D2070,136E59970,United States,USD,Person,211,Adilynn Roberson,0,0,0,0,Mutual Fund / ETF,469848926,0
Morgan Stanley,1328D2070,136E59970,United States,USD,Person,211,Adilynn Roberson,0,0,0,0,Mutual Fund / ETF,469848927,0
Morgan Stanley,1328D2070,136E59970,United States,USD,Person,211,Adilynn Roberson,0,0,0,0,Mutual Fund / ETF,469848928,0
Bank of America Corp.,1328781D0,134A5CC20,United States,USD,Person,211,Adilynn Roberson,0,0,0,0,Money Market,1946243937,50
Cash,3CEC88A0,3CEC8BC0,United States,USD,Person,212,Amaia Hale,0,0,0,0,Cash,0,0
Bank of America Corp.,1328781D0,134A69170,United States,USD,Person,212,Amaia Hale,1,1,0,0,Checking,1946243962,0
M&T Bank Corp.,13287A590,134C6D3C0,United States,USD,Person,212,Amaia Hale,0,0,0,0,Savings,1677808507,50
Bank of America Corp.,1328781D0,134A69170,United States,USD,Person,212,Amaia Hale,0,0,0,0,Money Market,1946243964,50
McKay Seattle Investments,69B8491C0,69B849550,United States,USD,Person,212,Amaia Hale,0,0,0,0,Mutual Fund / ETF,1879135101,0
M&T Bank Corp.,13287A590,134C6D3C0,United States,USD,Person,212,Amaia Hale,0,0,0,0,Money Market,1677808510,10
Sawyer Stocks and Investing,69B971090,69B971420,United States,USD,Person,212,Amaia Hale,0,0,0,0,Mutual Fund / ETF,604066687,0
McKay Seattle Investments,69B8491C0,69B849550,United States,USD,Person,212,Amaia Hale,0,0,0,0,Money Market,1879135104,50
Cash,3CEC88A0,3CEC8BC0,United States,USD,Person,213,Brenda Webster,0,0,0,0,Cash,0,0
Citi,132878850,134ACCE40,United States,USD,Person,213,Brenda Webster,1,0,0,0,Checking,335631256,50
Landry's Savings Bank,69AC39920,69AC39CB0,United States,USD,Person,213,Brenda Webster,0,0,0,0,Savings,1208046489,0
Charles Schwab,1328D16B0,136E50180,United States,USD,Person,213,Brenda Webster,0,0,0,0,Stock,2885768090,0
Charles Schwab,1328D16B0,136E50180,United States,USD,Person,213,Brenda Webster,0,0,0,0,Stock,2885768091,0
Charles Schwab,1328D16B0,136E50180,United States,USD,Person,213,Brenda Webster,0,0,0,0,Stock,2885768092,0
Merrill Lynch,1328D23B0,136E5C330,United States,USD,Person,213,Brenda Webster,0,0,0,0,Stock,3959509917,0
Merrill Lynch,1328D23B0,136E5C330,United States,USD,Person,213,Brenda Webster,0,0,0,0,Stock,3959509918,0
Charles Schwab,1328D16B0,136E50180,United States,USD,Person,213,Brenda Webster,0,0,0,0,Stock,2885768095,0
Merrill Lynch,1328D23B0,136E5C330,United States,USD,Person,213,Brenda Webster,0,0,0,0,Stock,3959509920,0
Charles Schwab,1328D16B0,136E50180,United States,USD,Person,213,Brenda Webster,0,0,0,0,Stock,2885768097,0
Merrill Lynch,1328D23B0,136E5C330,United States,USD,Person,213,Brenda Webster,0,0,0,0,Mutual Fund / ETF,3959509922,0
Citi,132878850,134ACCE40,United States,USD,Person,213,Brenda Webster,0,0,0,0,Money Market,335631267,10
Charles Schwab,1328D16B0,136E50180,United States,USD,Person,213,Brenda Webster,0,0,0,0,Mutual Fund / ETF,2885768100,0
Charles Schwab,1328D16B0,136E50180,United States,USD,Person,213,Brenda Webster,0,0,0,0,Money Market,2885768101,0
Cash,3CEC88A0,3CEC8BC0,United States,USD,Person,214,Isaac Yates Sr,0,0,0,0,Cash,0,0
Marco's Federal Credit Union,69971D370,69971D700,United States,USD,Person,214,Isaac Yates Sr,1,0,0,0,Checking,3691074486,250
Rhodes Bank,699E3EE80,699E3F210,United States,USD,Person,214,Isaac Yates Sr,0,0,0,0,Savings,2684441527,10
PIMCO,1328D4770,136E632A0,United States,USD,Person,214,Isaac Yates Sr,0,0,0,0,Stock,3691074488,0
William's Partners,69B8755D0,69B875960,United States,USD,Person,214,Isaac Yates Sr,0,0,0,0,Mutual Fund / ETF,1946244025,0
Marco's Federal Credit Union,69971D370,69971D700,United States,USD,Person,214,Isaac Yates Sr,0,0,0,0,Money Market,3691074490,10
Cash,3CEC88A0,3CEC8BC0,United States,USD,Person,215,Elisha Stewart,0,0,0,0,Cash,0,0
Citi,132878850,134AE4140,United States,USD,Person,215,Elisha Stewart,1,208,0,0,Checking,335631292,0
Caldwell Medina Bank,697AA9EE0,697AAA270,United States,USD,Person,215,Elisha Stewart,1,208,0,0,Checking,3087094717,10
Citi,132878850,134AE4140,United States,USD,Person,215,Elisha Stewart,0,0,0,0,Savings,335631294,0
Caldwell Medina Bank,697AA9EE0,697AAA270,United States,USD,Person,215,Elisha Stewart,0,0,0,0,Money Market,3087094719,10
Armani's Brokers,69B81A450,69B81A7E0,United States,USD,Person,215,Elisha Stewart,0,0,0,0,Mutual Fund / ETF,335631296,0
Citi,132878850,134AE4140,United States,USD,Person,215,Elisha Stewart,0,0,0,0,Money Market,335631297,50
Cash,3CEC88A0,3CEC8BC0,United States,USD,Person,216,Paityn Narvaez,0,0,0,0,Cash,0,0
JPMorgan Chase,132877E90,1349E8190,United States,USD,Person,216,Paityn Narvaez,1,208,0,0,Checking,2751550430,25
Cash,3CEC88A0,3CEC8BC0,United States,USD,Person,217,Raegan Good,0,0,0,0,Cash,0,0
Capital One Financial,132878B90,134B2E220,United States,USD,Person,217,Raegan Good,1,0,0,0,Checking,3825292321,25
Capital One Financial,132878B90,134B2E220,United States,USD,Person,217,Raegan Good,0,0,0,0,Savings,3825292322,100
PIMCO,1328D4770,136E632A0,United States,USD,Person,217,Raegan Good,0,0,0,0,Mutual Fund / ETF,3691074595,0
Capital One Financial,132878B90,134B2E220,United States,USD,Person,217,Raegan Good,0,0,0,0,Money Market,3825292324,50
PIMCO,1328D4770,136E632A0,United States,USD,Person,217,Raegan Good,0,0,0,0,Mutual Fund / ETF,3691074597,0
PIMCO,1328D4770,136E632A0,United States,USD,Person,217,Raegan Good,0,0,0,0,Money Market,3691074598,0
Cash,3CEC88A0,3CEC8BC0,United States,USD,Person,218,Brian Morse,0,0,0,0,Cash,0,0
Heidi's Savings Bank,69B317A60,69B317DF0,United States,USD,Person,218,Brian Morse,1,224,0,0,Checking,2550223913,0
Kaliyah's Prineville Savings Bank,696DBCEA0,696DBD230,United States,USD,Person,218,Brian Morse,0,0,0,0,Savings,2818659370,50
Heidi's Savings Bank,69B317A60,69B317DF0,United States,USD,Person,218,Brian Morse,0,0,0,0,Money Market,2550223915,0
Zoey's Investments,69B87CAE0,69B87CE70,United States,USD,Person,218,Brian Morse,0,0,0,0,Mutual Fund / ETF,3087094828,0
Zoey's Investments,69B87CAE0,69B87CE70,United States,USD,Person,218,Brian Morse,0,0,0,0,Money Market,3087094829,50
Cash,3CEC88A0,3CEC8BC0,United States,USD,Person,219,Mavis Banks,0,0,0,0,Cash,0,0
Buchanan Bank,699F06130,699F064C0,United States,USD,Person,219,Mavis Banks,1,0,0,0,Checking,1275155505,0
Huxley's Savings Bank,697907B20,697907EB0,United States,USD,Person,219,Mavis Banks,0,0,0,0,Savings,3355530290,0
Sullivan's Investments,69B883770,69B883B00,United States,USD,Person,219,Mavis Banks,0,0,0,0,Mutual Fund / ETF,3691074611,0
Buchanan Bank,699F06130,699F064C0,United States,USD,Person,219,Mavis Banks,0,0,0,0,Money Market,1275155508,10
Cash,3CEC88A0,3CEC8BC0,United States,USD,Person,220,Walter Zhu,0,0,0,0,Cash,0,0
York Federal Credit Union,69AED6620,69AED69B0,United States,USD,Person,220,Walter Zhu,1,0,0,0,Checking,2281788503,25
Morgan Stanley,1328D2070,136E57910,United States,USD,Person,220,Walter Zhu,0,0,0,0,Stock,469849176,0
Morgan Stanley,1328D2070,136E57910,United States,USD,Person,220,Walter Zhu,0,0,0,0,Stock,469849177,0
PIMCO,1328D4770,136E632A0,United States,USD,Person,220,Walter Zhu,0,0,0,0,Stock,3691074650,0
Morgan Stanley,1328D2070,136E57910,United States,USD,Person,220,Walter Zhu,0,0,0,0,Stock,469849179,0
Morgan Stanley,1328D2070,136E57910,United States,USD,Person,220,Walter Zhu,0,0,0,0,Stock,469849180,0
PIMCO,1328D4770,136E632A0,United States,USD,Person,220,Walter Zhu,0,0,0,0,Stock,3691074653,0
Morgan Stanley,1328D2070,136E57910,United States,USD,Person,220,Walter Zhu,0,0,0,0,Mutual Fund / ETF,469849182,0
Wellington Management,1328D4DF0,136E633A0,United States,USD,Person,220,Walter Zhu,0,0,0,0,Mutual Fund / ETF,2080461919,0
PIMCO,1328D4770,136E632A0,United States,USD,Person,220,Walter Zhu,0,0,0,0,Mutual Fund / ETF,3691074656,0
Otis's Bank,69B736310,69B7366A0,United States,USD,Person,220,Walter Zhu,0,0,0,0,Money Market,3288421473,25
Merrill Lynch,1328D23B0,136E5B610,United States,USD,Person,220,Walter Zhu,0,0,0,0,Mutual Fund / ETF,3959510114,0
Wellington Management,1328D4DF0,136E633A0,United States,USD,Person,220,Walter Zhu,0,0,0,0,Money Market,2080461923,0
Cash,3CEC88A0,3CEC8BC0,United States,USD,Person,221,Jamal Chapman,0,0,0,0,Cash,0,0
Royal's Brooklyn Federal Credit Union,69705A300,69705A690,United States,USD,Person,221,Jamal Chapman,0,0,0,0,Checking,3221312648,25
Raymond James Financial,1328D33F0,136E5F840,United States,USD,Person,221,Jamal Chapman,0,0,0,0,Money Market,4227945609,0
Crypto.com,1328D6B30,136E63920,United States,USD,Person,221,Jamal Chapman,0,0,0,0,Crypto Currency,3422639242,0
Cash,3CEC88A0,3CEC8BC0,United States,USD,Person,222,Harlan Armstrong,0,0,0,0,Cash,0,0
Paul Duluth Bank,698CF7C00,698CF7F90,United States,USD,Person,222,Harlan Armstrong,1,0,0,0,Checking,87187,100
Paul Duluth Bank,698CF7C00,698CF7F90,United States,USD,Person,222,Harlan Armstrong,0,0,0,0,Money Market,87188,100
Ajami Lawrenceville Securities Company,3DC41EF60,3DC41F2F0,United States,USD,Person,222,Harlan Armstrong,0,0,0,0,Mutual Fund / ETF,3623965845,0
Ajami Lawrenceville Securities Company,3DC41EF60,3DC41F2F0,United States,USD,Person,222,Harlan Armstrong,0,0,0,0,Mutual Fund / ETF,3623965846,0
Ajami Lawrenceville Securities Company,3DC41EF60,3DC41F2F0,United States,USD,Person,222,Harlan Armstrong,0,0,0,0,Money Market,3623965847,0
Ajami Lawrenceville Securities Company,3DC41EF60,3DC41F2F0,United States,USD,Person,222,Harlan Armstrong,0,0,0,0,Mutual Fund / ETF,3623965848,0
Ajami Lawrenceville Securities Company,3DC41EF60,3DC41F2F0,United States,USD,Person,222,Harlan Armstrong,0,0,0,0,Mutual Fund / ETF,3623965849,0
Ajami Lawrenceville Securities Company,3DC41EF60,3DC41F2F0,United States,USD,Person,222,Harlan Armstrong,0,0,0,0,Mutual Fund / ETF,3623965850,0
Ajami Lawrenceville Securities Company,3DC41EF60,3DC41F2F0,United States,USD,Person,222,Harlan Armstrong,0,0,0,0,Mutual Fund / ETF,3623965851,0
Ajami Lawrenceville Securities Company,3DC41EF60,3DC41F2F0,United States,USD,Person,222,Harlan Armstrong,0,0,0,0,Mutual Fund / ETF,3623965852,0
Ajami Lawrenceville Securities Company,3DC41EF60,3DC41F2F0,United States,USD,Person,222,Harlan Armstrong,0,0,0,0,Mutual Fund / ETF,3623965853,0
Ajami Lawrenceville Securities Company,3DC41EF60,3DC41F2F0,United States,USD,Person,222,Harlan Armstrong,0,0,0,0,Mutual Fund / ETF,3623965854,0
Ajami Lawrenceville Securities Company,3DC41EF60,3DC41F2F0,United States,USD,Person,222,Harlan Armstrong,0,0,0,0,Mutual Fund / ETF,3623965855,0
Ajami Lawrenceville Securities Company,3DC41EF60,3DC41F2F0,United States,USD,Person,222,Harlan Armstrong,0,0,0,0,Mutual Fund / ETF,3623965856,0
Ajami Lawrenceville Securities Company,3DC41EF60,3DC41F2F0,United States,USD,Person,222,Harlan Armstrong,0,0,0,0,Mutual Fund / ETF,3623965857,0
Ajami Lawrenceville Securities Company,3DC41EF60,3DC41F2F0,United States,USD,Person,222,Harlan Armstrong,0,0,0,0,Money Market,3623965858,50
Cash,3CEC88A0,3CEC8BC0,United States,USD,Person,223,Alexander Kerr,0,0,0,0,Cash,0,0
Angelique's Thrift,69B00AA30,69B00ADC0,United States,USD,Person,223,Alexander Kerr,1,0,0,0,Checking,2348897458,0
Citi,132878850,134ACCE40,United States,USD,Person,223,Alexander Kerr,0,0,0,0,Savings,335631539,25
Angelique's Thrift,69B00AA30,69B00ADC0,United States,USD,Person,223,Alexander Kerr,0,0,0,0,Savings,2348897460,10
Young Thrift,3DD55B010,3DD55B3A0,United States,USD,Person,223,Alexander Kerr,0,0,0,0,Savings,67196085,25
Angelique's Thrift,69B00AA30,69B00ADC0,United States,USD,Person,223,Alexander Kerr,0,0,0,0,Money Market,2348897462,0
OKEx.com,1328D64B0,136E637E0,United States,USD,Person,223,Alexander Kerr,0,0,0,0,Crypto Currency,738284727,0
OKEx.com,1328D64B0,136E637E0,United States,USD,Person,223,Alexander Kerr,0,0,0,0,Crypto Currency,738284728,0
Victoria's Investing,69B757D10,69B7580A0,United States,USD,Person,223,Alexander Kerr,0,0,0,0,Mutual Fund / ETF,1140937913,0
Victoria's Investing,69B757D10,69B7580A0,United States,USD,Person,223,Alexander Kerr,0,0,0,0,Mutual Fund / ETF,1140937914,0
Victoria's Investing,69B757D10,69B7580A0,United States,USD,Person,223,Alexander Kerr,0,0,0,0,Mutual Fund / ETF,1140937915,0
Victoria's Investing,69B757D10,69B7580A0,United States,USD,Person,223,Alexander Kerr,0,0,0,0,Mutual Fund / ETF,1140937916,0
Black Rock,1328D3A70,1337CF670,United States,USD,Person,223,Alexander Kerr,0,0,0,0,Mutual Fund / ETF,2617332925,0
Haynes Brokers,69B8CBDB0,69B8CC140,United States,USD,Person,223,Alexander Kerr,0,0,0,0,Mutual Fund / ETF,1812026558,0
Voya Financial,1328D2A30,136E5F1F0,United States,USD,Person,223,Alexander Kerr,0,0,0,0,Mutual Fund / ETF,2348897471,0
Victoria's Investing,69B757D10,69B7580A0,United States,USD,Person,223,Alexander Kerr,0,0,0,0,Mutual Fund / ETF,1140937920,0
Victoria's Investing,69B757D10,69B7580A0,United States,USD,Person,223,Alexander Kerr,0,0,0,0,Mutual Fund / ETF,1140937921,0
Raymond James Financial,1328D33F0,136E5F370,United States,USD,Person,223,Alexander Kerr,0,0,0,0,Mutual Fund / ETF,4227945666,0
Voya Financial,1328D2A30,136E5F1F0,United States,USD,Person,223,Alexander Kerr,0,0,0,0,Money Market,2348897475,0
Haynes Brokers,69B8CBDB0,69B8CC140,United States,USD,Person,223,Alexander Kerr,0,0,0,0,Money Market,1812026564,100
Haynes Brokers,69B8CBDB0,69B8CC140,United States,USD,Person,223,Alexander Kerr,0,0,0,0,Mutual Fund / ETF,1812026565,0
Victoria's Investing,69B757D10,69B7580A0,United States,USD,Person,223,Alexander Kerr,0,0,0,0,Mutual Fund / ETF,1140937926,0
Victoria's Investing,69B757D10,69B7580A0,United States,USD,Person,223,Alexander Kerr,0,0,0,0,Mutual Fund / ETF,1140937927,0
Haynes Brokers,69B8CBDB0,69B8CC140,United States,USD,Person,223,Alexander Kerr,0,0,0,0,Mutual Fund / ETF,1812026568,0
Victoria's Investing,69B757D10,69B7580A0,United States,USD,Person,223,Alexander Kerr,0,0,0,0,Mutual Fund / ETF,1140937929,0
Victoria's Investing,69B757D10,69B7580A0,United States,USD,Person,223,Alexander Kerr,0,0,0,0,Mutual Fund / ETF,1140937930,0
Ameriprise Financial,1328D26F0,136E5F170,United States,USD,Person,223,Alexander Kerr,0,0,0,0,Mutual Fund / ETF,3154203851,0
Ameriprise Financial,1328D26F0,136E5F170,United States,USD,Person,223,Alexander Kerr,0,0,0,0,Mutual Fund / ETF,3154203852,0
Victoria's Investing,69B757D10,69B7580A0,United States,USD,Person,223,Alexander Kerr,0,0,0,0,Mutual Fund / ETF,1140937933,0
Victoria's Investing,69B757D10,69B7580A0,United States,USD,Person,223,Alexander Kerr,0,0,0,0,Mutual Fund / ETF,1140937934,0
Raymond James Financial,1328D33F0,136E5F370,United States,USD,Person,223,Alexander Kerr,0,0,0,0,Money Market,4227945679,50
Cash,3CEC88A0,3CEC8BC0,United States,USD,Person,224,Canaan Sparks,0,0,0,0,Cash,0,0
Capital One Financial,132878B90,134B27A00,United States,USD,Person,224,Canaan Sparks,1,1,0,0,Checking,3825292535,100
SunTrust Banks,132879BD0,134C12020,United States,USD,Person,224,Canaan Sparks,0,0,0,0,Savings,4093727992,0
Capital One Financial,132878B90,134B27A00,United States,USD,Person,224,Canaan Sparks,0,0,0,0,Money Market,3825292537,50
T. Rowe Price,1328D5470,136E634C0,United States,USD,Person,224,Canaan Sparks,0,0,0,0,Mutual Fund / ETF,469849338,0
Merrill Lynch,1328D23B0,136E5BED0,United States,USD,Person,224,Canaan Sparks,0,0,0,0,Mutual Fund / ETF,3959510267,0
T. Rowe Price,1328D5470,136E634C0,United States,USD,Person,224,Canaan Sparks,0,0,0,0,Mutual Fund / ETF,469849340,0
T. Rowe Price,1328D5470,136E634C0,United States,USD,Person,224,Canaan Sparks,0,0,0,0,Mutual Fund / ETF,469849341,0
Reynolds Investments,9A7BB8FF0,9A7BB9380,Equatorial Guinea,USD,Person,224,Canaan Sparks,0,0,0,0,Mutual Fund / ETF,4227945726,0
T. Rowe Price,1328D5470,136E634C0,United States,USD,Person,224,Canaan Sparks,0,0,0,0,Mutual Fund / ETF,469849343,0
T. Rowe Price,1328D5470,136E634C0,United States,USD,Person,224,Canaan Sparks,0,0,0,0,Mutual Fund / ETF,469849344,0
Merrill Lynch,1328D23B0,136E5BED0,United States,USD,Person,224,Canaan Sparks,0,0,0,0,Mutual Fund / ETF,3959510273,0
Merrill Lynch,1328D23B0,136E5BED0,United States,USD,Person,224,Canaan Sparks,0,0,0,0,Mutual Fund / ETF,3959510274,0
T. Rowe Price,1328D5470,136E634C0,United States,USD,Person,224,Canaan Sparks,0,0,0,0,Money Market,469849347,25
State Farm - Life,132870C80,134691910,United States,USD,Person,224,Canaan Sparks,0,0,0,0,Life Insurance,536958212,0
Cash,3CEC88A0,3CEC8BC0,United States,USD,Person,225,Zainab Wade,0,0,0,0,Cash,0,0
Citi,132878850,134ACFFB0,United States,USD,Person,225,Zainab Wade,1,209,0,0,Checking,335631662,25
United Federal Credit Union,6981C5400,6981C5790,United States,USD,Person,225,Zainab Wade,0,0,0,0,Savings,87343,25
Cash,3CEC88A0,3CEC8BC0,United States,USD,Person,226,Harleigh Medina,0,0,0,0,Cash,0,0
Capital One Financial,132878B90,134B1C2B0,United States,USD,Person,226,Harleigh Medina,0,0,0,0,Checking,3825292629,50
Hughes Los Indios Federal Credit Union,696DA61A0,696DA6530,United States,USD,Person,226,Harleigh Medina,0,0,0,0,Checking,1744917846,50
Capital One Financial,132878B90,134B1C2B0,United States,USD,Person,226,Harleigh Medina,0,0,0,0,Savings,3825292631,50
Interactive Brokers,1328D2D70,136E5F270,United States,USD,Person,226,Harleigh Medina,0,0,0,0,Mutual Fund / ETF,1543591256,0
Voya Financial,1328D2A30,136E5F1F0,United States,USD,Person,226,Harleigh Medina,0,0,0,0,Mutual Fund / ETF,2348897625,0
Capital One Financial,132878B90,134B1C2B0,United States,USD,Person,226,Harleigh Medina,0,0,0,0,Money Market,3825292634,25
Nationwide - Life,132872340,134825C30,United States,USD,Person,226,Harleigh Medina,0,0,0,0,Life Insurance,3489748315,0
Cash,3CEC88A0,3CEC8BC0,United States,USD,Person,227,Edward French,0,0,0,0,Cash,0,0
Kirk Bank,69A172790,69A172B20,United States,USD,Person,227,Edward French,0,0,0,0,Checking,3825292655,25
Kirk Bank,69A172790,69A172B20,United States,USD,Person,227,Edward French,0,0,0,0,Savings,3825292656,0
Kirk Bank,69A172790,69A172B20,United States,USD,Person,227,Edward French,0,0,0,0,Money Market,3825292657,0
Charles Schwab,1328D16B0,136E50180,United States,USD,Person,227,Edward French,0,0,0,0,Stock,2885768562,0
Charles Schwab,1328D16B0,136E50180,United States,USD,Person,227,Edward French,0,0,0,0,Mutual Fund / ETF,2885768563,0
Charles Schwab,1328D16B0,136E50180,United States,USD,Person,227,Edward French,0,0,0,0,Money Market,2885768564,0
Charles Schwab,1328D16B0,136E50180,United States,USD,Person,227,Edward French,0,0,0,0,Mutual Fund / ETF,2885768565,0
Synchrony Financial,1328D30B0,136E5F2F0,United States,USD,Person,227,Edward French,0,0,0,0,Money Market,738284918,10
Cash,3CEC88A0,3CEC8BC0,United States,USD,Person,228,Juliana Kane,0,0,0,0,Cash,0,0
Sophie's Cincinnati Bank,697FCED00,697FCF090,United States,USD,Person,228,Juliana Kane,1,224,0,0,Checking,1073829258,0
Franco Federal Credit Union,69B6302C0,69B630650,United States,USD,Person,228,Juliana Kane,0,0,0,0,Money Market,2952877451,10
State Farm - Life,132870C80,1346A5A30,United States,USD,Person,228,Juliana Kane,0,0,0,0,Life Insurance,536958348,0
Cash,3CEC88A0,3CEC8BC0,United States,USD,Person,229,Nasir Q. Hicks,0,0,0,0,Cash,0,0
Wells Fargo,132878510,134AB1C60,United States,USD,Person,229,Nasir Q. Hicks,1,66,0,0,Checking,1140938162,10
Ariadne's Savings Bank,69A1C27A0,69A1C2B30,United States,USD,Person,229,Nasir Q. Hicks,0,0,0,0,Savings,3892401587,10
Cash,3CEC88A0,3CEC8BC0,United States,USD,Person,230,Gracie Sadr,0,0,0,0,Cash,0,0
Cade's Atlanta Investments,69B8F9BE0,69B8F9F70,United States,USD,Person,230,Gracie Sadr,0,0,0,0,Money Market,4160837049,100
Duke Savings Bank,697191170,697191500,United States,USD,Person,230,Gracie Sadr,0,0,0,0,Checking,1543607564,10
Cash,3CEC88A0,3CEC8BC0,United States,USD,Person,231,Celine Butler,0,0,0,0,Cash,0,0
Capital One Financial,132878B90,134B44F70,United States,USD,Person,231,Celine Butler,1,1,0,0,Checking,3825292750,10
PNC Financial Services,132879210,134B8D5F0,United States,USD,Person,231,Celine Butler,0,0,0,0,Savings,2214680015,10
Capital One Financial,132878B90,134B44F70,United States,USD,Person,231,Celine Butler,0,0,0,0,Money Market,3825292752,50
August's Brokers,69B853B60,69B853EF0,United States,USD,Person,231,Celine Butler,0,0,0,0,Mutual Fund / ETF,3623966161,0
Charles Schwab,1328D16B0,136E52170,United States,USD,Person,231,Celine Butler,0,0,0,0,Mutual Fund / ETF,2885768658,0
August's Brokers,69B853B60,69B853EF0,United States,USD,Person,231,Celine Butler,0,0,0,0,Mutual Fund / ETF,3623966163,0
August's Brokers,69B853B60,69B853EF0,United States,USD,Person,231,Celine Butler,0,0,0,0,Mutual Fund / ETF,3623966164,0
August's Brokers,69B853B60,69B853EF0,United States,USD,Person,231,Celine Butler,0,0,0,0,Mutual Fund / ETF,3623966165,0
August's Brokers,69B853B60,69B853EF0,United States,USD,Person,231,Celine Butler,0,0,0,0,Mutual Fund / ETF,3623966166,0
August's Brokers,69B853B60,69B853EF0,United States,USD,Person,231,Celine Butler,0,0,0,0,Mutual Fund / ETF,3623966167,0
Voya Financial,1328D2A30,136E5F1F0,United States,USD,Person,231,Celine Butler,0,0,0,0,Mutual Fund / ETF,2348897752,0
Charles Schwab,1328D16B0,136E52170,United States,USD,Person,231,Celine Butler,0,0,0,0,Money Market,2885768665,100
August's Brokers,69B853B60,69B853EF0,United States,USD,Person,231,Celine Butler,0,0,0,0,Mutual Fund / ETF,3623966170,0
Charles Schwab,1328D16B0,136E52170,United States,USD,Person,231,Celine Butler,0,0,0,0,Mutual Fund / ETF,2885768667,0
August's Brokers,69B853B60,69B853EF0,United States,USD,Person,231,Celine Butler,0,0,0,0,Mutual Fund / ETF,3623966172,0
August's Brokers,69B853B60,69B853EF0,United States,USD,Person,231,Celine Butler,0,0,0,0,Money Market,3623966173,50
Travelers - Life,132871CC0,1347D79C0,United States,USD,Person,231,Celine Butler,0,0,0,0,Life Insurance,805393886,0
Cash,3CEC88A0,3CEC8BC0,United States,USD,Person,232,Kai Durham,0,0,0,0,Cash,0,0
Zimmerman Federal Credit Union,69B6BA890,69B6BAC20,United States,USD,Person,232,Kai Durham,1,0,0,0,Checking,604067321,10
Bronson von Savings Bank,9AA178330,9AA1786C0,Germany,EUR,Person,232,Kai Durham,1,1,0,0,Checking,3422639610,0
Citizens Bank,13287A8D0,134C85370,United States,USD,Person,232,Kai Durham,0,0,0,0,Savings,872502779,100
Goldman Sachs,1328D19F0,133657BB0,United States,USD,Person,232,Kai Durham,0,0,0,0,Money Market,2080462332,100
Deribit,1328D71B0,136E63A60,United States,USD,Person,232,Kai Durham,0,0,0,0,Crypto Currency,1812026877,0
Legg Mason,1328D57B0,136E63560,United States,USD,Person,232,Kai Durham,0,0,0,0,Mutual Fund / ETF,3959510526,0
Legg Mason,1328D57B0,136E63560,United States,USD,Person,232,Kai Durham,0,0,0,0,Mutual Fund / ETF,3959510527,0
Legg Mason,1328D57B0,136E63560,United States,USD,Person,232,Kai Durham,0,0,0,0,Mutual Fund / ETF,3959510528,0
Legg Mason,1328D57B0,136E63560,United States,USD,Person,232,Kai Durham,0,0,0,0,Stock,3959510529,0
Legg Mason,1328D57B0,136E63560,United States,USD,Person,232,Kai Durham,0,0,0,0,Stock,3959510530,0
Legg Mason,1328D57B0,136E63560,United States,USD,Person,232,Kai Durham,0,0,0,0,Stock,3959510531,0
Cash,3CEC88A0,3CEC8BC0,United States,USD,Person,233,Rory Wright,0,0,0,0,Cash,0,0
Farrell Thrift,69A5CAF70,69A5CB300,United States,USD,Person,233,Rory Wright,1,0,0,0,Checking,3691075104,0
Jocelyn's Savings Bank,69A7500D0,69A750460,United States,USD,Person,233,Rory Wright,0,0,0,0,Savings,872502817,50
CNO Financial Group,1328D3730,1337CF5F0,United States,USD,Person,233,Rory Wright,0,0,0,0,Stock,3422639650,0
Wolf Brokerage,69B941D30,69B9420C0,United States,USD,Person,233,Rory Wright,0,0,0,0,Stock,1275156003,0
CNO Financial Group,1328D3730,1337CF5F0,United States,USD,Person,233,Rory Wright,0,0,0,0,Stock,3422639652,0
CNO Financial Group,1328D3730,1337CF5F0,United States,USD,Person,233,Rory Wright,0,0,0,0,Stock,3422639653,0
CNO Financial Group,1328D3730,1337CF5F0,United States,USD,Person,233,Rory Wright,0,0,0,0,Stock,3422639654,0
Cash,3CEC88A0,3CEC8BC0,United States,USD,Person,234,Patricia Grimes,0,0,0,0,Cash,0,0
Callie's Bank,69877A6D0,69877AA60,United States,USD,Person,234,Patricia Grimes,1,0,0,0,Checking,3019986548,250
Wells Fargo,132878510,134A84D90,United States,USD,Person,234,Patricia Grimes,0,0,0,0,Savings,1140938357,10
Morgan Stanley,1328D2070,136E57A60,United States,USD,Person,234,Patricia Grimes,0,0,0,0,Mutual Fund / ETF,469849718,0
Morgan Stanley,1328D2070,136E57A60,United States,USD,Person,234,Patricia Grimes,0,0,0,0,Mutual Fund / ETF,469849719,0
Callie's Bank,69877A6D0,69877AA60,United States,USD,Person,234,Patricia Grimes,0,0,0,0,Money Market,3019986552,10
Morgan Stanley,1328D2070,136E57A60,United States,USD,Person,234,Patricia Grimes,0,0,0,0,Mutual Fund / ETF,469849721,0
Wells Fargo,132878510,134A84D90,United States,USD,Person,234,Patricia Grimes,0,0,0,0,Money Market,1140938362,0
Cash,3CEC88A0,3CEC8BC0,United States,USD,Person,235,Kendra Knapp,0,0,0,0,Cash,0,0
State Street Bank,13287AC10,134C9D7B0,United States,USD,Person,235,Kendra Knapp,1,0,0,0,Checking,67196577,25
Nyla's Dayton Bank,6977CB7B0,6977CBB40,United States,USD,Person,235,Kendra Knapp,0,0,0,0,Savings,3959510690,0
BB&T Corp.,132879890,134BDA2A0,United States,USD,Person,235,Kendra Knapp,0,0,0,0,Money Market,604067491,0
State Street Bank,13287AC10,134C9D7B0,United States,USD,Person,235,Kendra Knapp,0,0,0,0,Money Market,67196580,50
KUCoin,1328D67F0,136E63880,United States,USD,Person,235,Kendra Knapp,0,0,0,0,Crypto Currency,4227946149,0
Londyn's Investments,69B7F5EE0,69B7F6270,United States,USD,Person,235,Kendra Knapp,0,0,0,0,Mutual Fund / ETF,3087095462,0
Londyn's Investments,69B7F5EE0,69B7F6270,United States,USD,Person,235,Kendra Knapp,0,0,0,0,Mutual Fund / ETF,3087095463,0
Londyn's Investments,69B7F5EE0,69B7F6270,United States,USD,Person,235,Kendra Knapp,0,0,0,0,Mutual Fund / ETF,3087095464,0
Londyn's Investments,69B7F5EE0,69B7F6270,United States,USD,Person,235,Kendra Knapp,0,0,0,0,Mutual Fund / ETF,3087095465,0
Londyn's Investments,69B7F5EE0,69B7F6270,United States,USD,Person,235,Kendra Knapp,0,0,0,0,Mutual Fund / ETF,3087095466,0
Londyn's Investments,69B7F5EE0,69B7F6270,United States,USD,Person,235,Kendra Knapp,0,0,0,0,Mutual Fund / ETF,3087095467,0
Londyn's Investments,69B7F5EE0,69B7F6270,United States,USD,Person,235,Kendra Knapp,0,0,0,0,Mutual Fund / ETF,3087095468,0
Londyn's Investments,69B7F5EE0,69B7F6270,United States,USD,Person,235,Kendra Knapp,0,0,0,0,Mutual Fund / ETF,3087095469,0
Londyn's Investments,69B7F5EE0,69B7F6270,United States,USD,Person,235,Kendra Knapp,0,0,0,0,Mutual Fund / ETF,3087095470,0
Londyn's Investments,69B7F5EE0,69B7F6270,United States,USD,Person,235,Kendra Knapp,0,0,0,0,Money Market,3087095471,0
Londyn's Investments,69B7F5EE0,69B7F6270,United States,USD,Person,235,Kendra Knapp,0,0,0,0,Mutual Fund / ETF,3087095472,0
Londyn's Investments,69B7F5EE0,69B7F6270,United States,USD,Person,235,Kendra Knapp,0,0,0,0,Mutual Fund / ETF,3087095473,0
Wayne's Investing,69B8FA040,69B8FA3D0,United States,USD,Person,235,Kendra Knapp,0,0,0,0,Mutual Fund / ETF,268523186,0
Nyla's Dayton Bank,6977CB7B0,6977CBB40,United States,USD,Person,235,Kendra Knapp,0,0,0,0,Money Market,3959510707,10
Cash,3CEC88A0,3CEC8BC0,United States,USD,Person,236,Enzo Bender,0,0,0,0,Cash,0,0
Barber Thrift,69B2E0990,69B2E0D20,United States,USD,Person,236,Enzo Bender,1,0,0,0,Checking,1677809340,100
Citizens Bank,13287A8D0,134C7ECA0,United States,USD,Person,236,Enzo Bender,0,0,0,0,Savings,872502973,0
Cash,3CEC88A0,3CEC8BC0,United States,USD,Person,237,Leon Briggs,0,0,0,0,Cash,0,0
Lucas's Savings Bank,697467AA0,697467E30,United States,USD,Person,237,Leon Briggs,1,208,0,0,Checking,2818660073,10
Sullivan Thrift,69A03A510,69A03A8A0,United States,USD,Person,237,Leon Briggs,0,0,0,0,Savings,1140938474,100
Lucas's Savings Bank,697467AA0,697467E30,United States,USD,Person,237,Leon Briggs,0,0,0,0,Money Market,2818660075,25
John's Securities Company,69B7E6360,69B7E66F0,United States,USD,Person,237,Leon Briggs,0,0,0,0,Mutual Fund / ETF,3623966444,0
Navarro Savings Bank,699619F70,69961A300,United States,USD,Person,237,Leon Briggs,0,0,0,0,Money Market,3691075309,10
Cash,3CEC88A0,3CEC8BC0,United States,USD,Person,238,Lincoln Gould,0,0,0,0,Cash,0,0
O'Connor Federal Credit Union,6975719D0,697571D60,United States,USD,Person,238,Lincoln Gould,1,0,0,0,Checking,1946244882,0
O'Connor Federal Credit Union,6975719D0,697571D60,United States,USD,Person,238,Lincoln Gould,0,0,0,0,Savings,1946244883,0
PIMCO,1328D4770,136E632A0,United States,USD,Person,238,Lincoln Gould,0,0,0,0,Mutual Fund / ETF,3691075348,0
PIMCO,1328D4770,136E632A0,United States,USD,Person,238,Lincoln Gould,0,0,0,0,Mutual Fund / ETF,3691075349,0
PIMCO,1328D4770,136E632A0,United States,USD,Person,238,Lincoln Gould,0,0,0,0,Stock,3691075350,0
PIMCO,1328D4770,136E632A0,United States,USD,Person,238,Lincoln Gould,0,0,0,0,Mutual Fund / ETF,3691075351,0
PIMCO,1328D4770,136E632A0,United States,USD,Person,238,Lincoln Gould,0,0,0,0,Mutual Fund / ETF,3691075352,0
PIMCO,1328D4770,136E632A0,United States,USD,Person,238,Lincoln Gould,0,0,0,0,Mutual Fund / ETF,3691075353,0
PIMCO,1328D4770,136E632A0,United States,USD,Person,238,Lincoln Gould,0,0,0,0,Mutual Fund / ETF,3691075354,0
O'Connor Federal Credit Union,6975719D0,697571D60,United States,USD,Person,238,Lincoln Gould,0,0,0,0,Money Market,1946244891,0
PIMCO,1328D4770,136E632A0,United States,USD,Person,238,Lincoln Gould,0,0,0,0,Mutual Fund / ETF,3691075356,0
PIMCO,1328D4770,136E632A0,United States,USD,Person,238,Lincoln Gould,0,0,0,0,Money Market,3691075357,10
Cash,3CEC88A0,3CEC8BC0,United States,USD,Person,239,Alexander Reyes,0,0,0,0,Cash,0,0
Walters Savings Bank,697E3F230,697E3F5C0,United States,USD,Person,239,Alexander Reyes,0,0,0,0,Checking,2348898091,0
Ally Financial,13287AF50,133B57270,United States,USD,Person,239,Alexander Reyes,0,0,0,0,Savings,3556857644,25
Walters Savings Bank,697E3F230,697E3F5C0,United States,USD,Person,239,Alexander Reyes,0,0,0,0,Money Market,2348898093,10
PIMCO,1328D4770,136E632A0,United States,USD,Person,239,Alexander Reyes,0,0,0,0,Mutual Fund / ETF,3691075374,0
PIMCO,1328D4770,136E632A0,United States,USD,Person,239,Alexander Reyes,0,0,0,0,Money Market,3691075375,25
Cash,3CEC88A0,3CEC8BC0,United States,USD,Person,240,Braydon Magana,0,0,0,0,Cash,0,0
Ibarra Clarksville Federal Credit Union,69A909730,69A909AC0,United States,USD,Person,240,Braydon Magana,1,208,0,0,Checking,3422639967,100
Key Bank,132879F10,134C391A0,United States,USD,Person,240,Braydon Magana,0,0,0,0,Savings,3288422240,100
Ibarra Clarksville Federal Credit Union,69A909730,69A909AC0,United States,USD,Person,240,Braydon Magana,0,0,0,0,Money Market,3422639969,50
Edward Jones,1328D1D30,136E54A50,United States,USD,Person,240,Braydon Magana,0,0,0,0,Stock,1275156322,0
Edward Jones,1328D1D30,136E54A50,United States,USD,Person,240,Braydon Magana,0,0,0,0,Stock,1275156323,0
Edward Jones,1328D1D30,136E54A50,United States,USD,Person,240,Braydon Magana,0,0,0,0,Stock,1275156324,0
Edward Jones,1328D1D30,136E54A50,United States,USD,Person,240,Braydon Magana,0,0,0,0,Stock,1275156325,0
Edward Jones,1328D1D30,136E54A50,United States,USD,Person,240,Braydon Magana,0,0,0,0,Mutual Fund / ETF,1275156326,0
Edward Jones,1328D1D30,136E54A50,United States,USD,Person,240,Braydon Magana,0,0,0,0,Money Market,1275156327,100
Cash,3CEC88A0,3CEC8BC0,United States,USD,Person,241,Laylah K. Lugo,0,0,0,0,Cash,0,0
Regions Financial,13287A250,134C56B70,United States,USD,Person,241,Laylah K. Lugo,1,0,0,0,Checking,2483115888,50
Eden's Savings Bank,699A3EC20,699A3EFB0,United States,USD,Person,241,Laylah K. Lugo,0,0,0,0,Savings,134305649,50
T. Rowe Price,1328D5470,136E634C0,United States,USD,Person,241,Laylah K. Lugo,0,0,0,0,Mutual Fund / ETF,469849970,0
Merrill Lynch,1328D23B0,136E5B610,United States,USD,Person,241,Laylah K. Lugo,0,0,0,0,Mutual Fund / ETF,3959510899,0
T. Rowe Price,1328D5470,136E634C0,United States,USD,Person,241,Laylah K. Lugo,0,0,0,0,Mutual Fund / ETF,469849972,0
Morgan Stanley,1328D2070,136E57910,United States,USD,Person,241,Laylah K. Lugo,0,0,0,0,Mutual Fund / ETF,469849973,0
Morgan Stanley,1328D2070,136E57910,United States,USD,Person,241,Laylah K. Lugo,0,0,0,0,Mutual Fund / ETF,469849974,0
Morgan Stanley,1328D2070,136E57910,United States,USD,Person,241,Laylah K. Lugo,0,0,0,0,Mutual Fund / ETF,469849975,0
Morgan Stanley,1328D2070,136E57910,United States,USD,Person,241,Laylah K. Lugo,0,0,0,0,Mutual Fund / ETF,469849976,0
Morgan Stanley,1328D2070,136E57910,United States,USD,Person,241,Laylah K. Lugo,0,0,0,0,Mutual Fund / ETF,469849977,0
Regions Financial,13287A250,134C56B70,United States,USD,Person,241,Laylah K. Lugo,0,0,0,0,Money Market,2483115898,250
T. Rowe Price,1328D5470,136E634C0,United States,USD,Person,241,Laylah K. Lugo,0,0,0,0,Mutual Fund / ETF,469849979,0
Morgan Stanley,1328D2070,136E57910,United States,USD,Person,241,Laylah K. Lugo,0,0,0,0,Mutual Fund / ETF,469849980,0
Wellington Management,1328D4DF0,136E633A0,United States,USD,Person,241,Laylah K. Lugo,0,0,0,0,Mutual Fund / ETF,2080462717,0
Black Rock,1328D3A70,1337CF670,United States,USD,Person,241,Laylah K. Lugo,0,0,0,0,Mutual Fund / ETF,2617333630,0
Morgan Stanley,1328D2070,136E57910,United States,USD,Person,241,Laylah K. Lugo,0,0,0,0,Money Market,469849983,50
Cash,3CEC88A0,3CEC8BC0,United States,USD,Person,242,Heavenly Vazquez,0,0,0,0,Cash,0,0
Ariyah's Burnsville Thrift,6994E1CB0,6994E2040,United States,USD,Person,242,Heavenly Vazquez,1,208,0,0,Checking,738285458,25
Kelly Savings Bank,6985365A0,698536930,United States,USD,Person,242,Heavenly Vazquez,0,0,0,0,Savings,1744918419,0
Ariyah's Burnsville Thrift,6994E1CB0,6994E2040,United States,USD,Person,242,Heavenly Vazquez,0,0,0,0,Money Market,738285460,0
Douglas Corinth Investments,69B8D5130,69B8D54C0,United States,USD,Person,242,Heavenly Vazquez,0,0,0,0,Mutual Fund / ETF,1275156373,0
Douglas Corinth Investments,69B8D5130,69B8D54C0,United States,USD,Person,242,Heavenly Vazquez,0,0,0,0,Mutual Fund / ETF,1275156374,0
T. Rowe Price,1328D5470,136E634C0,United States,USD,Person,242,Heavenly Vazquez,0,0,0,0,Mutual Fund / ETF,469850007,0
Kelly Savings Bank,6985365A0,698536930,United States,USD,Person,242,Heavenly Vazquez,0,0,0,0,Money Market,1744918424,0
Douglas Corinth Investments,69B8D5130,69B8D54C0,United States,USD,Person,242,Heavenly Vazquez,0,0,0,0,Mutual Fund / ETF,1275156377,0
Douglas Corinth Investments,69B8D5130,69B8D54C0,United States,USD,Person,242,Heavenly Vazquez,0,0,0,0,Money Market,1275156378,0
Cash,3CEC88A0,3CEC8BC0,United States,USD,Person,243,Mitchell Newman,0,0,0,0,Cash,0,0
PNC Financial Services,132879210,134BA7520,United States,USD,Person,243,Mitchell Newman,1,0,0,0,Checking,2214680489,10
Regions Financial,13287A250,134C5F380,United States,USD,Person,243,Mitchell Newman,0,0,0,0,Checking,2483115946,50
PNC Financial Services,132879210,134BA7520,United States,USD,Person,243,Mitchell Newman,0,0,0,0,Savings,2214680491,10
Regions Financial,13287A250,134C5F380,United States,USD,Person,243,Mitchell Newman,0,0,0,0,Savings,2483115948,0
Legg Mason,1328D57B0,136E63560,United States,USD,Person,243,Mitchell Newman,0,0,0,0,Mutual Fund / ETF,3959510957,0
Merrill Lynch,1328D23B0,136E5D130,United States,USD,Person,243,Mitchell Newman,0,0,0,0,Mutual Fund / ETF,3959510958,0
Legg Mason,1328D57B0,136E63560,United States,USD,Person,243,Mitchell Newman,0,0,0,0,Stock,3959510959,0
Legg Mason,1328D57B0,136E63560,United States,USD,Person,243,Mitchell Newman,0,0,0,0,Stock,3959510960,0
Merrill Lynch,1328D23B0,136E5D130,United States,USD,Person,243,Mitchell Newman,0,0,0,0,Stock,3959510961,0
Legg Mason,1328D57B0,136E63560,United States,USD,Person,243,Mitchell Newman,0,0,0,0,Stock,3959510962,0
Merrill Lynch,1328D23B0,136E5D130,United States,USD,Person,243,Mitchell Newman,0,0,0,0,Mutual Fund / ETF,3959510963,0
Merrill Lynch,1328D23B0,136E5D130,United States,USD,Person,243,Mitchell Newman,0,0,0,0,Mutual Fund / ETF,3959510964,0
Merrill Lynch,1328D23B0,136E5D130,United States,USD,Person,243,Mitchell Newman,0,0,0,0,Mutual Fund / ETF,3959510965,0
Merrill Lynch,1328D23B0,136E5D130,United States,USD,Person,243,Mitchell Newman,0,0,0,0,Mutual Fund / ETF,3959510966,0
Merrill Lynch,1328D23B0,136E5D130,United States,USD,Person,243,Mitchell Newman,0,0,0,0,Mutual Fund / ETF,3959510967,0
Merrill Lynch,1328D23B0,136E5D130,United States,USD,Person,243,Mitchell Newman,0,0,0,0,Money Market,3959510968,25
Voya Financial,1328D2A30,136E5F1F0,United States,USD,Person,243,Mitchell Newman,0,0,0,0,Mutual Fund / ETF,2348898233,0
Regions Financial,13287A250,134C5F380,United States,USD,Person,243,Mitchell Newman,0,0,0,0,Money Market,2483115962,0
Trevino Life Insurance Products,69BE39310,69BE396A0,United States,USD,Person,243,Mitchell Newman,0,0,0,0,Life Insurance,3288422331,0
Cash,3CEC88A0,3CEC8BC0,United States,USD,Person,244,Renata Browning,0,0,0,0,Cash,0,0
Savannah's Bank,6978F7210,6978F75A0,United States,USD,Person,244,Renata Browning,1,120,0,0,Checking,2214680540,50
Savannah's Bank,6978F7210,6978F75A0,United States,USD,Person,244,Renata Browning,0,0,0,0,Savings,2214680541,50
American Funds,1328D4430,136E63220,United States,USD,Person,244,Renata Browning,0,0,0,0,Stock,201414622,0
American Funds,1328D4430,136E63220,United States,USD,Person,244,Renata Browning,0,0,0,0,Stock,201414623,0
Cash,3CEC88A0,3CEC8BC0,United States,USD,Person,245,Rayan Richardson,0,0,0,0,Cash,0,0
Brock Federal Credit Union,699A47B50,699A47EE0,United States,USD,Person,245,Rayan Richardson,1,0,0,0,Checking,3556857861,25
Colette's Savings Bank,6999E40B0,6999E4440,United States,USD,Person,245,Rayan Richardson,0,0,0,0,Savings,738285574,10
Morgan Stanley,1328D2070,136E57910,United States,USD,Person,245,Rayan Richardson,0,0,0,0,Mutual Fund / ETF,469850119,0
Brock Federal Credit Union,699A47B50,699A47EE0,United States,USD,Person,245,Rayan Richardson,0,0,0,0,Money Market,3556857864,50
Morgan Stanley,1328D2070,136E57910,United States,USD,Person,245,Rayan Richardson,0,0,0,0,Mutual Fund / ETF,469850121,0
Colette's Savings Bank,6999E40B0,6999E4440,United States,USD,Person,245,Rayan Richardson,0,0,0,0,Money Market,738285578,10
Cash,3CEC88A0,3CEC8BC0,United States,USD,Person,246,Carlos Lynn Jr,0,0,0,0,Cash,0,0
JPMorgan Chase,132877E90,134A15A00,United States,USD,Person,246,Carlos Lynn Jr,1,0,0,0,Checking,2751551530,0
Bank of New York Mellon,132879550,134BC82D0,United States,USD,Person,246,Carlos Lynn Jr,0,0,0,0,Savings,1409374251,0
JPMorgan Chase,132877E90,134A15A00,United States,USD,Person,246,Carlos Lynn Jr,0,0,0,0,Money Market,2751551532,0
Macron Stocks and Investing,69B7551A0,69B755530,United States,USD,Person,246,Carlos Lynn Jr,0,0,0,0,Mutual Fund / ETF,1744918573,0
Macron Stocks and Investing,69B7551A0,69B755530,United States,USD,Person,246,Carlos Lynn Jr,0,0,0,0,Mutual Fund / ETF,1744918574,0
Macron Stocks and Investing,69B7551A0,69B755530,United States,USD,Person,246,Carlos Lynn Jr,0,0,0,0,Mutual Fund / ETF,1744918575,0
Bank of New York Mellon,132879550,134BC82D0,United States,USD,Person,246,Carlos Lynn Jr,0,0,0,0,Money Market,1409374256,10
Macron Stocks and Investing,69B7551A0,69B755530,United States,USD,Person,246,Carlos Lynn Jr,0,0,0,0,Money Market,1744918577,250
Voya Financial,1328D2A30,136E5F1F0,United States,USD,Person,246,Carlos Lynn Jr,0,0,0,0,Mutual Fund / ETF,2348898354,0
Voya Financial,1328D2A30,136E5F1F0,United States,USD,Person,246,Carlos Lynn Jr,0,0,0,0,Money Market,2348898355,0
Guardian Life Insurance,132874D90,133B7B3F0,United States,USD,Person,246,Carlos Lynn Jr,0,0,0,0,Life Insurance,1677809716,0
Cash,3CEC88A0,3CEC8BC0,United States,USD,Person,247,Elizabeth Wang,0,0,0,0,Cash,0,0
Julissa's Arlington Savings Bank,6987CD140,6987CD4D0,United States,USD,Person,247,Elizabeth Wang,1,2,0,0,Checking,1342265420,25
Julissa's Arlington Savings Bank,6987CD140,6987CD4D0,United States,USD,Person,247,Elizabeth Wang,0,0,0,0,Savings,1342265421,0
American Funds,1328D4430,136E63220,United States,USD,Person,247,Elizabeth Wang,0,0,0,0,Mutual Fund / ETF,201414734,0
American Funds,1328D4430,136E63220,United States,USD,Person,247,Elizabeth Wang,0,0,0,0,Mutual Fund / ETF,201414735,0
Julissa's Arlington Savings Bank,6987CD140,6987CD4D0,United States,USD,Person,247,Elizabeth Wang,0,0,0,0,Money Market,1342265424,25
Cash,3CEC88A0,3CEC8BC0,United States,USD,Person,248,Clare Dunn,0,0,0,0,Cash,0,0
Patricia's Savings Bank,69789D580,69789D910,United States,USD,Person,248,Clare Dunn,1,0,0,0,Checking,1610700897,25
Bank of New York Mellon,132879550,134BC82D0,United States,USD,Person,248,Clare Dunn,0,0,0,0,Savings,1409374306,10
Aleah's Funds,69B8C59D0,69B8C5D60,United States,USD,Person,248,Clare Dunn,0,0,0,0,Mutual Fund / ETF,1946245219,0
Aleah's Funds,69B8C59D0,69B8C5D60,United States,USD,Person,248,Clare Dunn,0,0,0,0,Mutual Fund / ETF,1946245220,0
Voya Financial,1328D2A30,136E5F1F0,United States,USD,Person,248,Clare Dunn,0,0,0,0,Mutual Fund / ETF,2348898405,0
Voya Financial,1328D2A30,136E5F1F0,United States,USD,Person,248,Clare Dunn,0,0,0,0,Mutual Fund / ETF,2348898406,0
Aleah's Funds,69B8C59D0,69B8C5D60,United States,USD,Person,248,Clare Dunn,0,0,0,0,Mutual Fund / ETF,1946245223,0
Aleah's Funds,69B8C59D0,69B8C5D60,United States,USD,Person,248,Clare Dunn,0,0,0,0,Stock,1946245224,0
Raymond James Financial,1328D33F0,136E614B0,United States,USD,Person,248,Clare Dunn,0,0,0,0,Stock,4227946601,0
Voya Financial,1328D2A30,136E5F1F0,United States,USD,Person,248,Clare Dunn,0,0,0,0,Stock,2348898410,0
Merrill Lynch,1328D23B0,136E5B610,United States,USD,Person,248,Clare Dunn,0,0,0,0,Stock,3959511147,0
Aleah's Funds,69B8C59D0,69B8C5D60,United States,USD,Person,248,Clare Dunn,0,0,0,0,Stock,1946245228,0
Voya Financial,1328D2A30,136E5F1F0,United States,USD,Person,248,Clare Dunn,0,0,0,0,Mutual Fund / ETF,2348898413,0
Patricia's Savings Bank,69789D580,69789D910,United States,USD,Person,248,Clare Dunn,0,0,0,0,Money Market,1610700910,25
Cash,3CEC88A0,3CEC8BC0,United States,USD,Person,249,David Hendricks,0,0,0,0,Cash,0,0
Berger Federal Credit Union,697ADD410,697ADD7A0,United States,USD,Person,249,David Hendricks,1,0,0,0,Checking,67197041,0
Daleyza's Savings Bank,6975BA090,6975BA420,United States,USD,Person,249,David Hendricks,0,0,0,0,Savings,604067954,25
Berger Federal Credit Union,697ADD410,697ADD7A0,United States,USD,Person,249,David Hendricks,0,0,0,0,Money Market,67197043,25
CNO Financial Group,1328D3730,1337CF5F0,United States,USD,Person,249,David Hendricks,0,0,0,0,Mutual Fund / ETF,3422640244,0
CNO Financial Group,1328D3730,1337CF5F0,United States,USD,Person,249,David Hendricks,0,0,0,0,Money Market,3422640245,50
CNO Financial Group,1328D3730,1337CF5F0,United States,USD,Person,249,David Hendricks,0,0,0,0,Mutual Fund / ETF,3422640246,0
Daleyza's Savings Bank,6975BA090,6975BA420,United States,USD,Person,249,David Hendricks,0,0,0,0,Money Market,604067959,0
Cash,3CEC88A0,3CEC8BC0,United States,USD,Person,250,Tanveer Banik,0,0,0,0,Cash,0,0
Cash,3CEC88A0,3CEC8BC0,United States,USD,Person,251,Margery Campbell,0,0,0,0,Cash,0,0
Howell San Ysidro Savings Bank,698FFB120,698FFB4B0,United States,USD,Person,251,Margery Campbell,1,0,0,0,Checking,1208047832,100
Martin Bank,698557370,698557700,United States,USD,Person,251,Margery Campbell,0,0,0,0,Savings,3691075801,0
Macron Stocks and Investing,69B7551A0,69B755530,United States,USD,Person,251,Margery Campbell,0,0,0,0,Money Market,1744918746,0
Merrill Lynch,1328D23B0,136E5B610,United States,USD,Person,251,Margery Campbell,0,0,0,0,Mutual Fund / ETF,3959511259,0
Howell San Ysidro Savings Bank,698FFB120,698FFB4B0,United States,USD,Person,251,Margery Campbell,0,0,0,0,Money Market,1208047836,100
Merrill Lynch,1328D23B0,136E5B610,United States,USD,Person,251,Margery Campbell,0,0,0,0,Mutual Fund / ETF,3959511261,0
Merrill Lynch,1328D23B0,136E5B610,United States,USD,Person,251,Margery Campbell,0,0,0,0,Money Market,3959511262,0
Chubb - Life,132872680,134860EA0,United States,USD,Person,251,Margery Campbell,0,0,0,0,Life Insurance,2684442847,0
Cash,3CEC88A0,3CEC8BC0,United States,USD,Person,252,Forrest Howard,0,0,0,0,Cash,0,0
Barber Dyer Bank,69758E170,69758E500,United States,USD,Person,252,Forrest Howard,1,0,0,0,Checking,1543592177,0
Andrade Thrift,69A41C410,69A41C7A0,United States,USD,Person,252,Forrest Howard,0,0,0,0,Savings,67197170,25
Barber Dyer Bank,69758E170,69758E500,United States,USD,Person,252,Forrest Howard,0,0,0,0,Savings,1543592179,50
Andrade Thrift,69A41C410,69A41C7A0,United States,USD,Person,252,Forrest Howard,0,0,0,0,Money Market,67197172,50
Crypto.com,1328D6B30,136E63920,United States,USD,Person,252,Forrest Howard,0,0,0,0,Crypto Currency,3422640373,0
Cash,3CEC88A0,3CEC8BC0,United States,USD,Person,253,Rene Moss,0,0,0,0,Cash,0,0
Buchanan Savings Bank,698270440,6982707D0,United States,USD,Person,253,Rene Moss,1,0,0,0,Checking,268523803,0
Duke Thrift,699C7FF40,699C802D0,United States,USD,Person,253,Rene Moss,0,0,0,0,Savings,3489749276,10
Buchanan Savings Bank,698270440,6982707D0,United States,USD,Person,253,Rene Moss,0,0,0,0,Money Market,268523805,25
OKEx.com,1328D64B0,136E637E0,United States,USD,Person,253,Rene Moss,0,0,0,0,Crypto Currency,738285854,0
Annabelle's Investing,69B83B470,69B83B800,United States,USD,Person,253,Rene Moss,0,0,0,0,Mutual Fund / ETF,469850399,0
OKEx.com,1328D64B0,136E637E0,United States,USD,Person,253,Rene Moss,0,0,0,0,Money Market,738285856,0
Legg Mason,1328D57B0,136E63560,United States,USD,Person,253,Rene Moss,0,0,0,0,Mutual Fund / ETF,3959511329,0
Legg Mason,1328D57B0,136E63560,United States,USD,Person,253,Rene Moss,0,0,0,0,Money Market,3959511330,10
Lincoln National,132874710,134009B40,United States,USD,Person,253,Rene Moss,0,0,0,0,Life Insurance,3288422691,0
Cash,3CEC88A0,3CEC8BC0,United States,USD,Person,254,Hana Sosa,0,0,0,0,Cash,0,0
Ainsley's Bank,698840700,698840A90,United States,USD,Person,254,Hana Sosa,1,0,0,0,Checking,3221313843,0
Bank of New York Mellon,132879550,134BCFA40,United States,USD,Person,254,Hana Sosa,0,0,0,0,Savings,1409374516,10
Ainsley's Bank,698840700,698840A90,United States,USD,Person,254,Hana Sosa,0,0,0,0,Money Market,3221313845,50
PIMCO,1328D4770,136E632A0,United States,USD,Person,254,Hana Sosa,0,0,0,0,Mutual Fund / ETF,3691075894,0
Duke Brokerage,69B85BDB0,69B85C140,United States,USD,Person,254,Hana Sosa,0,0,0,0,Mutual Fund / ETF,1812027703,0
PIMCO,1328D4770,136E632A0,United States,USD,Person,254,Hana Sosa,0,0,0,0,Mutual Fund / ETF,3691075896,0
Charles Schwab,1328D16B0,136E50180,United States,USD,Person,254,Hana Sosa,0,0,0,0,Mutual Fund / ETF,2885769529,0
PIMCO,1328D4770,136E632A0,United States,USD,Person,254,Hana Sosa,0,0,0,0,Money Market,3691075898,50
Charles Schwab,1328D16B0,136E50180,United States,USD,Person,254,Hana Sosa,0,0,0,0,Mutual Fund / ETF,2885769531,0
Charles Schwab,1328D16B0,136E50180,United States,USD,Person,254,Hana Sosa,0,0,0,0,Mutual Fund / ETF,2885769532,0
Bank of New York Mellon,132879550,134BCFA40,United States,USD,Person,254,Hana Sosa,0,0,0,0,Money Market,1409374525,50
National General Holdings,132876130,133B2B3F0,United States,USD,Person,254,Hana Sosa,0,0,0,0,Life Insurance,1275156798,0
Cash,3CEC88A0,3CEC8BC0,United States,USD,Person,255,Terry Pitts,0,0,0,0,Cash,0,0
Morgan's Bank,696E58490,696E58820,United States,USD,Person,255,Terry Pitts,1,1,0,0,Checking,604068167,25
Deribit,1328D71B0,136E63A60,United States,USD,Person,255,Terry Pitts,0,0,0,0,Crypto Currency,1812027720,0
Alistair's Funds,69B959F80,69B95A310,United States,USD,Person,255,Terry Pitts,0,0,0,0,Mutual Fund / ETF,3758184777,0
PIMCO,1328D4770,136E632A0,United States,USD,Person,255,Terry Pitts,0,0,0,0,Mutual Fund / ETF,3691075914,0
Emerson's Buffalo Brokers,69B78B150,69B78B4E0,United States,USD,Person,255,Terry Pitts,0,0,0,0,Money Market,1409374539,10
Alistair's Funds,69B959F80,69B95A310,United States,USD,Person,255,Terry Pitts,0,0,0,0,Mutual Fund / ETF,3758184780,0
PIMCO,1328D4770,136E632A0,United States,USD,Person,255,Terry Pitts,0,0,0,0,Mutual Fund / ETF,3691075917,0
Jennings Stocks and Investing,69B864890,69B864C20,United States,USD,Person,255,Terry Pitts,0,0,0,0,Mutual Fund / ETF,604068174,0
Morgan's Bank,696E58490,696E58820,United States,USD,Person,255,Terry Pitts,0,0,0,0,Money Market,604068175,0
Finn's Life Insurance,69BBC8B40,69BBC8ED0,United States,USD,Person,255,Terry Pitts,0,0,0,0,Life Insurance,3489749328,0
Cash,3CEC88A0,3CEC8BC0,United States,USD,Person,256,Romeo Tapia,0,0,0,0,Cash,0,0
Shields Federal Credit Union,698221340,6982216D0,United States,USD,Person,256,Romeo Tapia,1,0,0,0,Checking,3489749366,50
Wells Fargo,132878510,134AAF500,United States,USD,Person,256,Romeo Tapia,0,0,0,0,Savings,1140939127,25
Crypto.com,1328D6B30,136E63920,United States,USD,Person,256,Romeo Tapia,0,0,0,0,Crypto Currency,3422640504,0
Edward Jones,1328D1D30,136E55E00,United States,USD,Person,256,Romeo Tapia,0,0,0,0,Mutual Fund / ETF,1275156857,0
Shields Federal Credit Union,698221340,6982216D0,United States,USD,Person,256,Romeo Tapia,0,0,0,0,Money Market,3489749370,0
Wells Fargo,132878510,134AAF500,United States,USD,Person,256,Romeo Tapia,0,0,0,0,Money Market,1140939131,10
Edward Jones,1328D1D30,136E55E00,United States,USD,Person,256,Romeo Tapia,0,0,0,0,Mutual Fund / ETF,1275156860,0
Edward Jones,1328D1D30,136E55E00,United States,USD,Person,256,Romeo Tapia,0,0,0,0,Mutual Fund / ETF,1275156861,0
Edward Jones,1328D1D30,136E55E00,United States,USD,Person,256,Romeo Tapia,0,0,0,0,Mutual Fund / ETF,1275156862,0
Edward Jones,1328D1D30,136E55E00,United States,USD,Person,256,Romeo Tapia,0,0,0,0,Mutual Fund / ETF,1275156863,0
Braelyn's Brokers,69B8FB1A0,69B8FB530,United States,USD,Person,256,Romeo Tapia,0,0,0,0,Mutual Fund / ETF,1744918912,0
Edward Jones,1328D1D30,136E55E00,United States,USD,Person,256,Romeo Tapia,0,0,0,0,Money Market,1275156865,25
Cash,3CEC88A0,3CEC8BC0,United States,USD,Person,257,Romina Medrano,0,0,0,0,Cash,0,0
Maximo's Savings Bank,6993BE4B0,6993BE840,United States,USD,Person,257,Romina Medrano,1,0,0,0,Checking,738285957,25
Goodman Bank,69A1768B0,69A176C40,United States,USD,Person,257,Romina Medrano,0,0,0,0,Savings,738285958,50
Maximo's Savings Bank,6993BE4B0,6993BE840,United States,USD,Person,257,Romina Medrano,0,0,0,0,Money Market,738285959,250
Legg Mason,1328D57B0,136E63560,United States,USD,Person,257,Romina Medrano,0,0,0,0,Mutual Fund / ETF,3959511432,0
Legg Mason,1328D57B0,136E63560,United States,USD,Person,257,Romina Medrano,0,0,0,0,Money Market,3959511433,100
PIMCO,1328D4770,136E632A0,United States,USD,Person,257,Romina Medrano,0,0,0,0,Mutual Fund / ETF,3691075978,0
Goodman Bank,69A1768B0,69A176C40,United States,USD,Person,257,Romina Medrano,0,0,0,0,Money Market,738285963,0
Cash,3CEC88A0,3CEC8BC0,United States,USD,Person,258,Amani Long,0,0,0,0,Cash,0,0
Galvan Federal Credit Union,697FB7420,697FB77B0,United States,USD,Person,258,Amani Long,0,0,0,0,Checking,134306215,10
Deborah's Federal Credit Union,6989DBAD0,6989DBE60,United States,USD,Person,258,Amani Long,0,0,0,0,Savings,3019987368,50
Cash,3CEC88A0,3CEC8BC0,United States,USD,Person,259,Maeve Soto,0,0,0,0,Cash,0,0
Ally Financial,13287AF50,133B57270,United States,USD,Person,259,Maeve Soto,0,0,0,0,Checking,3556858303,0
Sheila's Jacksonville Thrift,699770AB0,699770E40,United States,USD,Person,259,Maeve Soto,0,0,0,0,Savings,2885769664,50
Ally Financial,13287AF50,133B57270,United States,USD,Person,259,Maeve Soto,0,0,0,0,Money Market,3556858305,50
Wellington Management,1328D4DF0,136E633A0,United States,USD,Person,259,Maeve Soto,0,0,0,0,Mutual Fund / ETF,2080463298,0
Sheila's Jacksonville Thrift,699770AB0,699770E40,United States,USD,Person,259,Maeve Soto,0,0,0,0,Money Market,2885769667,0
Wellington Management,1328D4DF0,136E633A0,United States,USD,Person,259,Maeve Soto,0,0,0,0,Mutual Fund / ETF,2080463300,0
T. Rowe Price,1328D5470,136E634C0,United States,USD,Person,259,Maeve Soto,0,0,0,0,Money Market,469850565,10
Cash,3CEC88A0,3CEC8BC0,United States,USD,Person,260,Blair Waters,0,0,0,0,Cash,0,0
JPMorgan Chase,132877E90,1349F95A0,United States,USD,Person,260,Blair Waters,1,0,0,0,Checking,2751551987,100
JPMorgan Chase,132877E90,1349F95A0,United States,USD,Person,260,Blair Waters,0,0,0,0,Savings,2751551988,0
Crypto.com,1328D6B30,136E63920,United States,USD,Person,260,Blair Waters,0,0,0,0,Crypto Currency,3422640629,0
American Funds,1328D4430,136E63220,United States,USD,Person,260,Blair Waters,0,0,0,0,Stock,201415158,0
Vihaan's Funds,69B915650,69B9159E0,United States,USD,Person,260,Blair Waters,0,0,0,0,Stock,2483116535,0
American Funds,1328D4430,136E63220,United States,USD,Person,260,Blair Waters,0,0,0,0,Mutual Fund / ETF,201415160,0
American Funds,1328D4430,136E63220,United States,USD,Person,260,Blair Waters,0,0,0,0,Mutual Fund / ETF,201415161,0
American Funds,1328D4430,136E63220,United States,USD,Person,260,Blair Waters,0,0,0,0,Mutual Fund / ETF,201415162,0
Vihaan's Funds,69B915650,69B9159E0,United States,USD,Person,260,Blair Waters,0,0,0,0,Mutual Fund / ETF,2483116539,0
American Funds,1328D4430,136E63220,United States,USD,Person,260,Blair Waters,0,0,0,0,Mutual Fund / ETF,201415164,0
American Funds,1328D4430,136E63220,United States,USD,Person,260,Blair Waters,0,0,0,0,Mutual Fund / ETF,201415165,0
Vihaan's Funds,69B915650,69B9159E0,United States,USD,Person,260,Blair Waters,0,0,0,0,Mutual Fund / ETF,2483116542,0
Vihaan's Funds,69B915650,69B9159E0,United States,USD,Person,260,Blair Waters,0,0,0,0,Mutual Fund / ETF,2483116543,0
JPMorgan Chase,132877E90,1349F95A0,United States,USD,Person,260,Blair Waters,0,0,0,0,Money Market,2751552000,100
Vihaan's Funds,69B915650,69B9159E0,United States,USD,Person,260,Blair Waters,0,0,0,0,Mutual Fund / ETF,2483116545,0
American Funds,1328D4430,136E63220,United States,USD,Person,260,Blair Waters,0,0,0,0,Money Market,201415170,0
MetLife,132873040,1348C8AA0,United States,USD,Person,260,Blair Waters,0,0,0,0,Life Insurance,268524035,0
Cash,3CEC88A0,3CEC8BC0,United States,USD,Person,261,Tenley Qian,0,0,0,0,Cash,0,0
Isaias's Bank,6985920F0,698592480,United States,USD,Person,261,Tenley Qian,1,0,0,0,Checking,1006721544,0
Anson's Savings Bank,6980D96C0,6980D9A50,United States,USD,Person,261,Tenley Qian,0,0,0,0,Savings,2952878601,10
Isaias's Bank,6985920F0,698592480,United States,USD,Person,261,Tenley Qian,0,0,0,0,Money Market,1006721546,50
Anson's Savings Bank,6980D96C0,6980D9A50,United States,USD,Person,261,Tenley Qian,0,0,0,0,Money Market,2952878603,10
Anson's Savings Bank,6980D96C0,6980D9A50,United States,USD,Person,261,Tenley Qian,0,0,0,0,CD,2952878604,0
Anson's Savings Bank,6980D96C0,6980D9A50,United States,USD,Person,261,Tenley Qian,0,0,0,0,CD,2952878605,0
Hurst Marysville Brokers,69B80E9C0,69B80ED50,United States,USD,Person,261,Tenley Qian,0,0,0,0,Stock,1879136782,0
Charles Schwab,1328D16B0,136E50180,United States,USD,Person,261,Tenley Qian,0,0,0,0,Stock,2885769743,0
Charles Schwab,1328D16B0,136E50180,United States,USD,Person,261,Tenley Qian,0,0,0,0,Stock,2885769744,0
Charles Schwab,1328D16B0,136E50180,United States,USD,Person,261,Tenley Qian,0,0,0,0,Stock,2885769745,0
Charles Schwab,1328D16B0,136E50180,United States,USD,Person,261,Tenley Qian,0,0,0,0,Stock,2885769746,0
Hurst Marysville Brokers,69B80E9C0,69B80ED50,United States,USD,Person,261,Tenley Qian,0,0,0,0,Stock,1879136787,0
Charles Schwab,1328D16B0,136E50180,United States,USD,Person,261,Tenley Qian,0,0,0,0,Stock,2885769748,0
Charles Schwab,1328D16B0,136E50180,United States,USD,Person,261,Tenley Qian,0,0,0,0,Stock,2885769749,0
Charles Schwab,1328D16B0,136E50180,United States,USD,Person,261,Tenley Qian,0,0,0,0,Stock,2885769750,0
Charles Schwab,1328D16B0,136E50180,United States,USD,Person,261,Tenley Qian,0,0,0,0,Stock,2885769751,0
Hurst Marysville Brokers,69B80E9C0,69B80ED50,United States,USD,Person,261,Tenley Qian,0,0,0,0,Stock,1879136792,0
Ace's Lisbon Brokers,9BF1A1EA0,9BF1A2230,Portugal,EUR,Person,261,Tenley Qian,0,0,0,0,Stock,2818660889,0
Charles Schwab,1328D16B0,136E50180,United States,USD,Person,261,Tenley Qian,0,0,0,0,Mutual Fund / ETF,2885769754,0
Charles Schwab,1328D16B0,136E50180,United States,USD,Person,261,Tenley Qian,0,0,0,0,Money Market,2885769755,50
Hurst Marysville Brokers,69B80E9C0,69B80ED50,United States,USD,Person,261,Tenley Qian,0,0,0,0,Mutual Fund / ETF,1879136796,0
Hurst Marysville Brokers,69B80E9C0,69B80ED50,United States,USD,Person,261,Tenley Qian,0,0,0,0,Money Market,1879136797,50
Cash,3CEC88A0,3CEC8BC0,United States,USD,Person,262,Aydin Scott,0,0,0,0,Cash,0,0
Bank of America Corp.,1328781D0,134A61DF0,United States,USD,Person,262,Aydin Scott,1,0,0,0,Checking,1946245666,25
Charles Schwab,1328D16B0,136E52480,United States,USD,Person,262,Aydin Scott,0,0,0,0,Money Market,2885769763,100
Cash,3CEC88A0,3CEC8BC0,United States,USD,Person,263,Carter Conway,0,0,0,0,Cash,0,0
Jaelynn's Indianapolis Bank,6976789F0,697678D80,United States,USD,Person,263,Carter Conway,1,0,0,0,Checking,2080463420,0
U.S. Bancorp,132878ED0,134B74420,United States,USD,Person,263,Carter Conway,0,0,0,0,Money Market,3019987517,0
Harrison Investments,69B7544B0,69B754840,United States,USD,Person,263,Carter Conway,0,0,0,0,Mutual Fund / ETF,738286142,0
Jaelynn's Indianapolis Bank,6976789F0,697678D80,United States,USD,Person,263,Carter Conway,0,0,0,0,Money Market,2080463423,100
Cash,3CEC88A0,3CEC8BC0,United States,USD,Person,264,Marina Payne,0,0,0,0,Cash,0,0
Rocha Federal Credit Union,69AF46620,69AF469B0,United States,USD,Person,264,Marina Payne,1,1,0,0,Checking,2281790054,10
Brooks's Savings Bank,69A66EF90,69A66F320,United States,USD,Person,264,Marina Payne,0,0,0,0,Savings,3825293927,10
Cash,3CEC88A0,3CEC8BC0,United States,USD,Person,265,Holland Donovan,0,0,0,0,Cash,0,0
Bank of America Corp.,1328781D0,134A58540,United States,USD,Person,265,Holland Donovan,1,0,0,0,Checking,1946245767,50
Greer Investing,69B83E420,69B83E7B0,United States,USD,Person,265,Holland Donovan,0,0,0,0,Mutual Fund / ETF,134306440,0
Bradley Savings Bank,69A23AB20,69A23AEB0,United States,USD,Person,265,Holland Donovan,0,0,0,0,Money Market,3355531913,100
Cash,3CEC88A0,3CEC8BC0,United States,USD,Person,266,Marquis Rangel,0,0,0,0,Cash,0,0
U.S. Bancorp,132878ED0,134B7A000,United States,USD,Person,266,Marquis Rangel,1,0,0,0,Checking,3019987630,10
Dorian's Thrift,3D8CC0200,3D8CC0590,United States,USD,Person,266,Marquis Rangel,0,0,0,0,Savings,2147572399,0
U.S. Bancorp,132878ED0,134B7A000,United States,USD,Person,266,Marquis Rangel,0,0,0,0,Savings,3019987632,0
U.S. Bancorp,132878ED0,134B7A000,United States,USD,Person,266,Marquis Rangel,0,0,0,0,Money Market,3019987633,50
Coinbase,1328D5E30,136E636A0,United States,USD,Person,266,Marquis Rangel,0,0,0,0,Crypto Currency,2348898994,0
Wellington Management,1328D4DF0,136E633A0,United States,USD,Person,266,Marquis Rangel,0,0,0,0,Stock,2080463539,0
Jayden's Brokerage,69B867CD0,69B868060,United States,USD,Person,266,Marquis Rangel,0,0,0,0,Mutual Fund / ETF,872503988,0
Wellington Management,1328D4DF0,136E633A0,United States,USD,Person,266,Marquis Rangel,0,0,0,0,Mutual Fund / ETF,2080463541,0
Jayden's Brokerage,69B867CD0,69B868060,United States,USD,Person,266,Marquis Rangel,0,0,0,0,Mutual Fund / ETF,872503990,0
Carter's Securities Company,69B989F20,69B98A2B0,United States,USD,Person,266,Marquis Rangel,0,0,0,0,Mutual Fund / ETF,3355531959,0
Jayden's Brokerage,69B867CD0,69B868060,United States,USD,Person,266,Marquis Rangel,0,0,0,0,Mutual Fund / ETF,872503992,0
Jayden's Brokerage,69B867CD0,69B868060,United States,USD,Person,266,Marquis Rangel,0,0,0,0,Mutual Fund / ETF,872503993,0
Jayden's Brokerage,69B867CD0,69B868060,United States,USD,Person,266,Marquis Rangel,0,0,0,0,Mutual Fund / ETF,872503994,0
Jayden's Brokerage,69B867CD0,69B868060,United States,USD,Person,266,Marquis Rangel,0,0,0,0,Mutual Fund / ETF,872503995,0
Jayden's Brokerage,69B867CD0,69B868060,United States,USD,Person,266,Marquis Rangel,0,0,0,0,Mutual Fund / ETF,872503996,0
Jayden's Brokerage,69B867CD0,69B868060,United States,USD,Person,266,Marquis Rangel,0,0,0,0,Mutual Fund / ETF,872503997,0
Jayden's Brokerage,69B867CD0,69B868060,United States,USD,Person,266,Marquis Rangel,0,0,0,0,Mutual Fund / ETF,872503998,0
Jayden's Brokerage,69B867CD0,69B868060,United States,USD,Person,266,Marquis Rangel,0,0,0,0,Money Market,872503999,0
Carter's Securities Company,69B989F20,69B98A2B0,United States,USD,Person,266,Marquis Rangel,0,0,0,0,Mutual Fund / ETF,3355531968,0
Jayden's Brokerage,69B867CD0,69B868060,United States,USD,Person,266,Marquis Rangel,0,0,0,0,Mutual Fund / ETF,872504001,0
Jayden's Brokerage,69B867CD0,69B868060,United States,USD,Person,266,Marquis Rangel,0,0,0,0,Mutual Fund / ETF,872504002,0
Carter's Securities Company,69B989F20,69B98A2B0,United States,USD,Person,266,Marquis Rangel,0,0,0,0,Mutual Fund / ETF,3355531971,0
Jayden's Brokerage,69B867CD0,69B868060,United States,USD,Person,266,Marquis Rangel,0,0,0,0,Mutual Fund / ETF,872504004,0
Jayden's Brokerage,69B867CD0,69B868060,United States,USD,Person,266,Marquis Rangel,0,0,0,0,Mutual Fund / ETF,872504005,0
Carter's Securities Company,69B989F20,69B98A2B0,United States,USD,Person,266,Marquis Rangel,0,0,0,0,Mutual Fund / ETF,3355531974,0
Jayden's Brokerage,69B867CD0,69B868060,United States,USD,Person,266,Marquis Rangel,0,0,0,0,Mutual Fund / ETF,872504007,0
Wellington Management,1328D4DF0,136E633A0,United States,USD,Person,266,Marquis Rangel,0,0,0,0,Mutual Fund / ETF,2080463560,0
Coinbase,1328D5E30,136E636A0,United States,USD,Person,266,Marquis Rangel,0,0,0,0,Money Market,2348899017,50
Cash,3CEC88A0,3CEC8BC0,United States,USD,Person,267,Raquel Sherman,0,0,0,0,Cash,0,0
Higgins Savings Bank,698679940,698679CD0,United States,USD,Person,267,Raquel Sherman,1,0,0,0,Checking,1342266070,50
Higgins Savings Bank,698679940,698679CD0,United States,USD,Person,267,Raquel Sherman,0,0,0,0,Savings,1342266071,10
United Partners,69B794DD0,69B795160,United States,USD,Person,267,Raquel Sherman,0,0,0,0,Mutual Fund / ETF,1946245848,0
United Partners,69B794DD0,69B795160,United States,USD,Person,267,Raquel Sherman,0,0,0,0,Mutual Fund / ETF,1946245849,0
United Partners,69B794DD0,69B795160,United States,USD,Person,267,Raquel Sherman,0,0,0,0,Mutual Fund / ETF,1946245850,0
Higgins Savings Bank,698679940,698679CD0,United States,USD,Person,267,Raquel Sherman,0,0,0,0,Money Market,1342266075,10
Cash,3CEC88A0,3CEC8BC0,United States,USD,Person,268,Kaliyah Fu,0,0,0,0,Cash,0,0
Cross Boynton Beach Bank,697A73E80,697A74210,United States,USD,Person,268,Kaliyah Fu,1,0,0,0,Checking,2684443388,0
Page Thrift,699717CB0,699718040,United States,USD,Person,268,Kaliyah Fu,0,0,0,0,Savings,738286333,10
Cross Boynton Beach Bank,697A73E80,697A74210,United States,USD,Person,268,Kaliyah Fu,0,0,0,0,Money Market,2684443390,25
Cross Boynton Beach Bank,697A73E80,697A74210,United States,USD,Person,268,Kaliyah Fu,0,0,0,0,CD,2684443391,0
Page Thrift,699717CB0,699718040,United States,USD,Person,268,Kaliyah Fu,0,0,0,0,CD,738286336,0
Page Thrift,699717CB0,699718040,United States,USD,Person,268,Kaliyah Fu,0,0,0,0,CD,738286337,0
Raymond James Financial,1328D33F0,136E5F370,United States,USD,Person,268,Kaliyah Fu,0,0,0,0,Mutual Fund / ETF,4227947266,0
Raymond James Financial,1328D33F0,136E5F370,United States,USD,Person,268,Kaliyah Fu,0,0,0,0,Mutual Fund / ETF,4227947267,0
United Securities Company,69B936710,69B936AA0,United States,USD,Person,268,Kaliyah Fu,0,0,0,0,Mutual Fund / ETF,3288423172,0
Raymond James Financial,1328D33F0,136E5F370,United States,USD,Person,268,Kaliyah Fu,0,0,0,0,Mutual Fund / ETF,4227947269,0
United Securities Company,69B936710,69B936AA0,United States,USD,Person,268,Kaliyah Fu,0,0,0,0,Mutual Fund / ETF,3288423174,0
United Securities Company,69B936710,69B936AA0,United States,USD,Person,268,Kaliyah Fu,0,0,0,0,Mutual Fund / ETF,3288423175,0
Raymond James Financial,1328D33F0,136E5F370,United States,USD,Person,268,Kaliyah Fu,0,0,0,0,Mutual Fund / ETF,4227947272,0
Raymond James Financial,1328D33F0,136E5F370,United States,USD,Person,268,Kaliyah Fu,0,0,0,0,Mutual Fund / ETF,4227947273,0
United Securities Company,69B936710,69B936AA0,United States,USD,Person,268,Kaliyah Fu,0,0,0,0,Mutual Fund / ETF,3288423178,0
Raymond James Financial,1328D33F0,136E5F370,United States,USD,Person,268,Kaliyah Fu,0,0,0,0,Mutual Fund / ETF,4227947275,0
United Securities Company,69B936710,69B936AA0,United States,USD,Person,268,Kaliyah Fu,0,0,0,0,Mutual Fund / ETF,3288423180,0
Raymond James Financial,1328D33F0,136E5F370,United States,USD,Person,268,Kaliyah Fu,0,0,0,0,Money Market,4227947277,10
United Securities Company,69B936710,69B936AA0,United States,USD,Person,268,Kaliyah Fu,0,0,0,0,Mutual Fund / ETF,3288423182,0
United Securities Company,69B936710,69B936AA0,United States,USD,Person,268,Kaliyah Fu,0,0,0,0,Money Market,3288423183,25
Cash,3CEC88A0,3CEC8BC0,United States,USD,Person,269,Sebastian Bridges,0,0,0,0,Cash,0,0
Capital One Financial,132878B90,134B39040,United States,USD,Person,269,Sebastian Bridges,1,26,0,0,Checking,3825294126,50
Frank Bank,6998CB420,6998CB7B0,United States,USD,Person,269,Sebastian Bridges,0,0,0,0,Savings,134306607,0
Cantrell Thrift,69B48F3B0,69B48F740,United States,USD,Person,269,Sebastian Bridges,0,0,0,0,CD,3959511856,0
Cash,3CEC88A0,3CEC8BC0,United States,USD,Person,270,Kimberly Pearce,0,0,0,0,Cash,0,0
Hill Bank,69704F590,69704F920,United States,USD,Person,270,Kimberly Pearce,1,0,0,0,Checking,1677810509,10
SunTrust Banks,132879BD0,134C12020,United States,USD,Person,270,Kimberly Pearce,0,0,0,0,Savings,4093729614,10
Hill Bank,69704F590,69704F920,United States,USD,Person,270,Kimberly Pearce,0,0,0,0,Money Market,1677810511,0
CNO Financial Group,1328D3730,1337CF5F0,United States,USD,Person,270,Kimberly Pearce,0,0,0,0,Stock,3422640976,0
CNO Financial Group,1328D3730,1337CF5F0,United States,USD,Person,270,Kimberly Pearce,0,0,0,0,Stock,3422640977,0
CNO Financial Group,1328D3730,1337CF5F0,United States,USD,Person,270,Kimberly Pearce,0,0,0,0,Stock,3422640978,0
Goldman Sachs,1328D19F0,133657BB0,United States,USD,Person,270,Kimberly Pearce,0,0,0,0,Stock,2080463699,0
CNO Financial Group,1328D3730,1337CF5F0,United States,USD,Person,270,Kimberly Pearce,0,0,0,0,Stock,3422640980,0
CNO Financial Group,1328D3730,1337CF5F0,United States,USD,Person,270,Kimberly Pearce,0,0,0,0,Stock,3422640981,0
Morgan Stanley,1328D2070,136E57910,United States,USD,Person,270,Kimberly Pearce,0,0,0,0,Stock,469850966,0
CNO Financial Group,1328D3730,1337CF5F0,United States,USD,Person,270,Kimberly Pearce,0,0,0,0,Mutual Fund / ETF,3422640983,0
CNO Financial Group,1328D3730,1337CF5F0,United States,USD,Person,270,Kimberly Pearce,0,0,0,0,Money Market,3422640984,10
CNO Financial Group,1328D3730,1337CF5F0,United States,USD,Person,270,Kimberly Pearce,0,0,0,0,Mutual Fund / ETF,3422640985,0
Morgan Stanley,1328D2070,136E57910,United States,USD,Person,270,Kimberly Pearce,0,0,0,0,Money Market,469850970,25
Cash,3CEC88A0,3CEC8BC0,United States,USD,Person,271,Florence Hess,0,0,0,0,Cash,0,0
Mann Bank,69B5AE6B0,69B5AEA40,United States,USD,Person,271,Florence Hess,1,0,0,0,Checking,2885770128,50
Bank of New York Mellon,132879550,134BC82D0,United States,USD,Person,271,Florence Hess,0,0,0,0,Savings,1409375121,50
Mann Bank,69B5AE6B0,69B5AEA40,United States,USD,Person,271,Florence Hess,0,0,0,0,Money Market,2885770130,25
Bank of New York Mellon,132879550,134BC82D0,United States,USD,Person,271,Florence Hess,0,0,0,0,Money Market,1409375123,50
Dorian's Brokers,69B964910,69B964CA0,United States,USD,Person,271,Florence Hess,0,0,0,0,Mutual Fund / ETF,1140939668,0
Dorian's Brokers,69B964910,69B964CA0,United States,USD,Person,271,Florence Hess,0,0,0,0,Mutual Fund / ETF,1140939669,0
Dorian's Brokers,69B964910,69B964CA0,United States,USD,Person,271,Florence Hess,0,0,0,0,Mutual Fund / ETF,1140939670,0
Dorian's Brokers,69B964910,69B964CA0,United States,USD,Person,271,Florence Hess,0,0,0,0,Mutual Fund / ETF,1140939671,0
Dorian's Brokers,69B964910,69B964CA0,United States,USD,Person,271,Florence Hess,0,0,0,0,Mutual Fund / ETF,1140939672,0
Dorian's Brokers,69B964910,69B964CA0,United States,USD,Person,271,Florence Hess,0,0,0,0,Mutual Fund / ETF,1140939673,0
Dorian's Brokers,69B964910,69B964CA0,United States,USD,Person,271,Florence Hess,0,0,0,0,Mutual Fund / ETF,1140939674,0
Dorian's Brokers,69B964910,69B964CA0,United States,USD,Person,271,Florence Hess,0,0,0,0,Mutual Fund / ETF,1140939675,0
Dorian's Brokers,69B964910,69B964CA0,United States,USD,Person,271,Florence Hess,0,0,0,0,Mutual Fund / ETF,1140939676,0
Edward Jones,1328D1D30,136E53C50,United States,USD,Person,271,Florence Hess,0,0,0,0,Mutual Fund / ETF,1275157405,0
Dorian's Brokers,69B964910,69B964CA0,United States,USD,Person,271,Florence Hess,0,0,0,0,Money Market,1140939678,0
Dorian's Brokers,69B964910,69B964CA0,United States,USD,Person,271,Florence Hess,0,0,0,0,Mutual Fund / ETF,1140939679,0
Dorian's Brokers,69B964910,69B964CA0,United States,USD,Person,271,Florence Hess,0,0,0,0,Mutual Fund / ETF,1140939680,0
Dorian's Brokers,69B964910,69B964CA0,United States,USD,Person,271,Florence Hess,0,0,0,0,Mutual Fund / ETF,1140939681,0
Dorian's Brokers,69B964910,69B964CA0,United States,USD,Person,271,Florence Hess,0,0,0,0,Mutual Fund / ETF,1140939682,0
Dorian's Brokers,69B964910,69B964CA0,United States,USD,Person,271,Florence Hess,0,0,0,0,Mutual Fund / ETF,1140939683,0
United Federal Credit Union,697531C40,697531FD0,United States,USD,Person,271,Florence Hess,0,0,0,0,Money Market,268524452,50
Cash,3CEC88A0,3CEC8BC0,United States,USD,Person,272,Ariah Abe,0,0,0,0,Cash,0,0
Melania's Federal Credit Union,697C5F8E0,697C5FC70,United States,USD,Person,272,Ariah Abe,1,0,0,0,Checking,939613099,10
Black Rock,1328D3A70,1337CF670,United States,USD,Person,272,Ariah Abe,0,0,0,0,Mutual Fund / ETF,2617334700,0
Morgan Stanley,1328D2070,136E57910,United States,USD,Person,272,Ariah Abe,0,0,0,0,Money Market,469851053,50
Black Rock,1328D3A70,1337CF670,United States,USD,Person,272,Ariah Abe,0,0,0,0,Mutual Fund / ETF,2617334702,0
Black Rock,1328D3A70,1337CF670,United States,USD,Person,272,Ariah Abe,0,0,0,0,Money Market,2617334703,0
Cash,3CEC88A0,3CEC8BC0,United States,USD,Person,273,Rosemary Hancock,0,0,0,0,Cash,0,0
Fifth Third Bancorp,13287B290,134CA42F0,United States,USD,Person,273,Rosemary Hancock,1,0,0,0,Checking,2751552479,0
Fifth Third Bancorp,13287B290,134CA42F0,United States,USD,Person,273,Rosemary Hancock,0,0,0,0,Savings,2751552480,0
Fifth Third Bancorp,13287B290,134CA42F0,United States,USD,Person,273,Rosemary Hancock,0,0,0,0,Money Market,2751552481,0
Vanguard Investments,1328D3DB0,1337CF6F0,United States,USD,Person,273,Rosemary Hancock,0,0,0,0,Mutual Fund / ETF,1812028386,0
Vanguard Investments,1328D3DB0,1337CF6F0,United States,USD,Person,273,Rosemary Hancock,0,0,0,0,Mutual Fund / ETF,1812028387,0
Vanguard Investments,1328D3DB0,1337CF6F0,United States,USD,Person,273,Rosemary Hancock,0,0,0,0,Mutual Fund / ETF,1812028388,0
Vanguard Investments,1328D3DB0,1337CF6F0,United States,USD,Person,273,Rosemary Hancock,0,0,0,0,Money Market,1812028389,0
Raymond James Financial,1328D33F0,136E5F370,United States,USD,Person,273,Rosemary Hancock,0,0,0,0,Money Market,4227947494,25
Allstate - Life,132870FC0,1347020F0,United States,USD,Person,273,Rosemary Hancock,0,0,0,0,Life Insurance,4026620903,0
Cash,3CEC88A0,3CEC8BC0,United States,USD,Person,274,David Gil III,0,0,0,0,Cash,0,0
Kylie's Bank,69B2D57C0,69B2D5B50,United States,USD,Person,274,David Gil III,1,224,0,0,Checking,4026620915,0
JPMorgan Chase,132877E90,134A052A0,United States,USD,Person,274,David Gil III,0,0,0,0,Savings,2751552500,0
Kylie's Bank,69B2D57C0,69B2D5B50,United States,USD,Person,274,David Gil III,0,0,0,0,Money Market,4026620917,10
Deribit,1328D71B0,136E63A60,United States,USD,Person,274,David Gil III,0,0,0,0,Crypto Currency,1812028406,0
Voya Financial,1328D2A30,136E5F1F0,United States,USD,Person,274,David Gil III,0,0,0,0,Mutual Fund / ETF,2348899319,0
Edward Jones,1328D1D30,136E552A0,United States,USD,Person,274,David Gil III,0,0,0,0,Mutual Fund / ETF,1275157496,0
McKenna's Partners,69B8E5640,69B8E59D0,United States,USD,Person,274,David Gil III,0,0,0,0,Mutual Fund / ETF,2416008185,0
McKenna's Partners,69B8E5640,69B8E59D0,United States,USD,Person,274,David Gil III,0,0,0,0,Mutual Fund / ETF,2416008186,0
Edward Jones,1328D1D30,136E552A0,United States,USD,Person,274,David Gil III,0,0,0,0,Mutual Fund / ETF,1275157499,0
Invesco,1328D4AB0,136E63320,United States,USD,Person,274,David Gil III,0,0,0,0,Mutual Fund / ETF,2885770236,0
Legg Mason,1328D57B0,136E63560,United States,USD,Person,274,David Gil III,0,0,0,0,Mutual Fund / ETF,3959512061,0
JPMorgan Chase,132877E90,1349E8190,United States,USD,Person,274,David Gil III,0,0,0,0,Money Market,2751552510,100
Legg Mason,1328D57B0,136E63560,United States,USD,Person,274,David Gil III,0,0,0,0,Mutual Fund / ETF,3959512063,0
Edward Jones,1328D1D30,136E552A0,United States,USD,Person,274,David Gil III,0,0,0,0,Money Market,1275157504,0
Cash,3CEC88A0,3CEC8BC0,United States,USD,Person,275,Natalia Jaramillo,0,0,0,0,Cash,0,0
Ally Financial,13287AF50,133B57270,United States,USD,Person,275,Natalia Jaramillo,1,0,0,0,Checking,3556858924,25
Brooks Savings Bank,69A370930,69A370CC0,United States,USD,Person,275,Natalia Jaramillo,0,0,0,0,Savings,1275157549,100
Raymond James Financial,1328D33F0,136E60330,United States,USD,Person,275,Natalia Jaramillo,0,0,0,0,Mutual Fund / ETF,4227947566,0
Ally Financial,13287AF50,133B57270,United States,USD,Person,275,Natalia Jaramillo,0,0,0,0,Money Market,3556858927,25
Raymond James Financial,1328D33F0,136E60330,United States,USD,Person,275,Natalia Jaramillo,0,0,0,0,Mutual Fund / ETF,4227947568,0
Raymond James Financial,1328D33F0,136E60330,United States,USD,Person,275,Natalia Jaramillo,0,0,0,0,Money Market,4227947569,25
Cash,3CEC88A0,3CEC8BC0,United States,USD,Person,276,Angelica Mills,0,0,0,0,Cash,0,0
Piper's Savings Bank,6972007C0,697200B50,United States,USD,Person,276,Angelica Mills,1,1,0,0,Checking,4026621008,50
Belle's Fairview Savings Bank,6987E1730,6987E1AC0,United States,USD,Person,276,Angelica Mills,0,0,0,0,Savings,3422641233,50
Piper's Savings Bank,6972007C0,697200B50,United States,USD,Person,276,Angelica Mills,0,0,0,0,Savings,4026621010,25
Piper's Savings Bank,6972007C0,697200B50,United States,USD,Person,276,Angelica Mills,0,0,0,0,Money Market,4026621011,10
T. Rowe Price,1328D5470,136E634C0,United States,USD,Person,276,Angelica Mills,0,0,0,0,Stock,469851220,0
T. Rowe Price,1328D5470,136E634C0,United States,USD,Person,276,Angelica Mills,0,0,0,0,Mutual Fund / ETF,469851221,0
Ameriprise Financial,1328D26F0,136E5F170,United States,USD,Person,276,Angelica Mills,0,0,0,0,Mutual Fund / ETF,3154205782,0
Grant Securities Company,9C00BBE10,9C00BC1A0,Russia,USD,Person,276,Angelica Mills,0,0,0,0,Mutual Fund / ETF,2214681687,0
Ameriprise Financial,1328D26F0,136E5F170,United States,USD,Person,276,Angelica Mills,0,0,0,0,Mutual Fund / ETF,3154205784,0
T. Rowe Price,1328D5470,136E634C0,United States,USD,Person,276,Angelica Mills,0,0,0,0,Money Market,469851225,50
Ameriprise Financial,1328D26F0,136E5F170,United States,USD,Person,276,Angelica Mills,0,0,0,0,Money Market,3154205786,0
Cash,3CEC88A0,3CEC8BC0,United States,USD,Person,277,Celine Woodward,0,0,0,0,Cash,0,0
Moore Pine City Bank,69840B130,69840B4C0,United States,USD,Person,277,Celine Woodward,1,208,0,0,Checking,1275157627,10
Wells Fargo,132878510,134AA0D20,United States,USD,Person,277,Celine Woodward,0,0,0,0,Savings,1140939900,0
Goldman Sachs,1328D19F0,133657BB0,United States,USD,Person,277,Celine Woodward,0,0,0,0,Mutual Fund / ETF,2080463997,0
Goldman Sachs,1328D19F0,133657BB0,United States,USD,Person,277,Celine Woodward,0,0,0,0,Mutual Fund / ETF,2080463998,0
Synchrony Financial,1328D30B0,136E5F2F0,United States,USD,Person,277,Celine Woodward,0,0,0,0,Mutual Fund / ETF,738286719,0
Goldman Sachs,1328D19F0,133657BB0,United States,USD,Person,277,Celine Woodward,0,0,0,0,Mutual Fund / ETF,2080464000,0
Goldman Sachs,1328D19F0,133657BB0,United States,USD,Person,277,Celine Woodward,0,0,0,0,Mutual Fund / ETF,2080464001,0
Goldman Sachs,1328D19F0,133657BB0,United States,USD,Person,277,Celine Woodward,0,0,0,0,Mutual Fund / ETF,2080464002,0
Moore Pine City Bank,69840B130,69840B4C0,United States,USD,Person,277,Celine Woodward,0,0,0,0,Money Market,1275157635,25
Cash,3CEC88A0,3CEC8BC0,United States,USD,Person,278,Saul Avila,0,0,0,0,Cash,0,0
Wells Fargo,132878510,134A97240,United States,USD,Person,278,Saul Avila,1,208,0,0,Checking,1140939948,10
Pruitt Thrift,699C9BDE0,699C9C170,United States,USD,Person,278,Saul Avila,0,0,0,0,Savings,2013355181,50
Gallegos Brokerage,69B8F67C0,69B8F6B50,United States,USD,Person,278,Saul Avila,0,0,0,0,Mutual Fund / ETF,4026621102,0
Wells Fargo,132878510,134A97240,United States,USD,Person,278,Saul Avila,0,0,0,0,Money Market,1140939951,0
State Farm - Life,132870C80,13469F8A0,United States,USD,Person,278,Saul Avila,0,0,0,0,Life Insurance,536960176,0
Cash,3CEC88A0,3CEC8BC0,United States,USD,Person,279,Avalyn Miller,0,0,0,0,Cash,0,0
Baylee's Savings Bank,6975D0940,6975D0CD0,United States,USD,Person,279,Avalyn Miller,1,1,0,0,Checking,1342266550,0
Baylee's Savings Bank,6975D0940,6975D0CD0,United States,USD,Person,279,Avalyn Miller,0,0,0,0,Savings,1342266551,10
Raymond James Financial,1328D33F0,136E5F370,United States,USD,Person,279,Avalyn Miller,0,0,0,0,Mutual Fund / ETF,4227947704,0
Goldman Sachs,1328D19F0,133657BB0,United States,USD,Person,279,Avalyn Miller,0,0,0,0,Mutual Fund / ETF,2080464057,0
Baylee's Savings Bank,6975D0940,6975D0CD0,United States,USD,Person,279,Avalyn Miller,0,0,0,0,Money Market,1342266554,10
Raymond James Financial,1328D33F0,136E5F370,United States,USD,Person,279,Avalyn Miller,0,0,0,0,Mutual Fund / ETF,4227947707,0
Goldman Sachs,1328D19F0,133657BB0,United States,USD,Person,279,Avalyn Miller,0,0,0,0,Money Market,2080464060,25
Cash,3CEC88A0,3CEC8BC0,United States,USD,Person,280,Robert Turner,0,0,0,0,Cash,0,0
Ally Financial,13287AF50,133B57270,United States,USD,Person,280,Robert Turner,1,65,0,0,Checking,3556859088,10
Fifth Third Bancorp,13287B290,134C9DBB0,United States,USD,Person,280,Robert Turner,0,0,0,0,Savings,2751552721,100
Ally Financial,13287AF50,133B57270,United States,USD,Person,280,Robert Turner,0,0,0,0,Savings,3556859090,50
Fifth Third Bancorp,13287B290,134C9DBB0,United States,USD,Person,280,Robert Turner,0,0,0,0,Money Market,2751552723,50
Merrill Lynch,1328D23B0,136E5D9F0,United States,USD,Person,280,Robert Turner,0,0,0,0,Mutual Fund / ETF,3959512276,0
Merrill Lynch,1328D23B0,136E5D9F0,United States,USD,Person,280,Robert Turner,0,0,0,0,Mutual Fund / ETF,3959512277,0
Merrill Lynch,1328D23B0,136E5D9F0,United States,USD,Person,280,Robert Turner,0,0,0,0,Mutual Fund / ETF,3959512278,0
Merrill Lynch,1328D23B0,136E5D9F0,United States,USD,Person,280,Robert Turner,0,0,0,0,Mutual Fund / ETF,3959512279,0
Merrill Lynch,1328D23B0,136E5D9F0,United States,USD,Person,280,Robert Turner,0,0,0,0,Mutual Fund / ETF,3959512280,0
Merrill Lynch,1328D23B0,136E5D9F0,United States,USD,Person,280,Robert Turner,0,0,0,0,Mutual Fund / ETF,3959512281,0
Merrill Lynch,1328D23B0,136E5D9F0,United States,USD,Person,280,Robert Turner,0,0,0,0,Mutual Fund / ETF,3959512282,0
Braelyn's Brokers,69B8FB1A0,69B8FB530,United States,USD,Person,280,Robert Turner,0,0,0,0,Mutual Fund / ETF,1744919771,0
Merrill Lynch,1328D23B0,136E5D9F0,United States,USD,Person,280,Robert Turner,0,0,0,0,Mutual Fund / ETF,3959512284,0
Braelyn's Brokers,69B8FB1A0,69B8FB530,United States,USD,Person,280,Robert Turner,0,0,0,0,Mutual Fund / ETF,1744919773,0
Braelyn's Brokers,69B8FB1A0,69B8FB530,United States,USD,Person,280,Robert Turner,0,0,0,0,Mutual Fund / ETF,1744919774,0
Merrill Lynch,1328D23B0,136E5B610,United States,USD,Person,280,Robert Turner,0,0,0,0,Mutual Fund / ETF,3959512287,0
Merrill Lynch,1328D23B0,136E5D9F0,United States,USD,Person,280,Robert Turner,0,0,0,0,Money Market,3959512288,50
Merrill Lynch,1328D23B0,136E5D9F0,United States,USD,Person,280,Robert Turner,0,0,0,0,Mutual Fund / ETF,3959512289,0
Ally Financial,13287AF50,133B57270,United States,USD,Person,280,Robert Turner,0,0,0,0,Money Market,3556859106,0
Cash,3CEC88A0,3CEC8BC0,United States,USD,Person,281,Christine Cervantes,0,0,0,0,Cash,0,0
Bank of America Corp.,1328781D0,134A35A10,United States,USD,Person,281,Christine Cervantes,1,0,0,0,Checking,1946246376,25
Key Bank,132879F10,134C391A0,United States,USD,Person,281,Christine Cervantes,0,0,0,0,Savings,3288423657,50
Bank of America Corp.,1328781D0,134A35A10,United States,USD,Person,281,Christine Cervantes,0,0,0,0,Money Market,1946246378,25
Faraday Securities Company,69B94ED60,69B94F0F0,United States,USD,Person,281,Christine Cervantes,0,0,0,0,Mutual Fund / ETF,1476484331,0
Faraday Securities Company,69B94ED60,69B94F0F0,United States,USD,Person,281,Christine Cervantes,0,0,0,0,Mutual Fund / ETF,1476484332,0
Faraday Securities Company,69B94ED60,69B94F0F0,United States,USD,Person,281,Christine Cervantes,0,0,0,0,Mutual Fund / ETF,1476484333,0
Faraday Securities Company,69B94ED60,69B94F0F0,United States,USD,Person,281,Christine Cervantes,0,0,0,0,Mutual Fund / ETF,1476484334,0
Faraday Securities Company,69B94ED60,69B94F0F0,United States,USD,Person,281,Christine Cervantes,0,0,0,0,Mutual Fund / ETF,1476484335,0
Faraday Securities Company,69B94ED60,69B94F0F0,United States,USD,Person,281,Christine Cervantes,0,0,0,0,Money Market,1476484336,0
Faraday Securities Company,69B94ED60,69B94F0F0,United States,USD,Person,281,Christine Cervantes,0,0,0,0,Mutual Fund / ETF,1476484337,0
Faraday Securities Company,69B94ED60,69B94F0F0,United States,USD,Person,281,Christine Cervantes,0,0,0,0,Mutual Fund / ETF,1476484338,0
Raymond James Financial,1328D33F0,136E618A0,United States,USD,Person,281,Christine Cervantes,0,0,0,0,Mutual Fund / ETF,4227947763,0
Key Bank,132879F10,134C391A0,United States,USD,Person,281,Christine Cervantes,0,0,0,0,Money Market,3288423668,0
USAA - Life,132871300,1347679F0,United States,USD,Person,281,Christine Cervantes,0,0,0,0,Life Insurance,3221314805,0
Cash,3CEC88A0,3CEC8BC0,United States,USD,Person,282,Malia Avalos,0,0,0,0,Cash,0,0
Mikayla's Savings Bank,699CA3FE0,699CA4370,United States,USD,Person,282,Malia Avalos,1,155,0,0,Checking,4160838904,25
Sasha's Reseda Federal Credit Union,6984EC400,6984EC790,United States,USD,Person,282,Malia Avalos,0,0,0,0,Savings,89337,0
Sara's Partners,69B89FA90,69B89FE20,United States,USD,Person,282,Malia Avalos,0,0,0,0,Mutual Fund / ETF,2751552762,0
Raymond James Financial,1328D33F0,136E617C0,United States,USD,Person,282,Malia Avalos,0,0,0,0,Mutual Fund / ETF,4227947771,0
Raymond James Financial,1328D33F0,136E617C0,United States,USD,Person,282,Malia Avalos,0,0,0,0,Mutual Fund / ETF,4227947772,0
Mikayla's Savings Bank,699CA3FE0,699CA4370,United States,USD,Person,282,Malia Avalos,0,0,0,0,Money Market,4160838909,25
Sara's Partners,69B89FA90,69B89FE20,United States,USD,Person,282,Malia Avalos,0,0,0,0,Mutual Fund / ETF,2751552766,0
Sasha's Reseda Federal Credit Union,6984EC400,6984EC790,United States,USD,Person,282,Malia Avalos,0,0,0,0,Money Market,89343,50
Cash,3CEC88A0,3CEC8BC0,United States,USD,Person,283,Helwise Johnson,0,0,0,0,Cash,0,0
Leilani's Thrift,69B6FC270,69B6FC600,United States,USD,Person,283,Helwise Johnson,1,0,0,0,Checking,2617335041,50
Leilani's Thrift,69B6FC270,69B6FC600,United States,USD,Person,283,Helwise Johnson,0,0,0,0,Savings,2617335042,50
Leilani's Thrift,69B6FC270,69B6FC600,United States,USD,Person,283,Helwise Johnson,0,0,0,0,Money Market,2617335043,10
Wellington Management,1328D4DF0,136E633A0,United States,USD,Person,283,Helwise Johnson,0,0,0,0,Mutual Fund / ETF,2080464132,0
Wellington Management,1328D4DF0,136E633A0,United States,USD,Person,283,Helwise Johnson,0,0,0,0,Mutual Fund / ETF,2080464133,0
Wellington Management,1328D4DF0,136E633A0,United States,USD,Person,283,Helwise Johnson,0,0,0,0,Mutual Fund / ETF,2080464134,0
Black Rock,1328D3A70,1337CF670,United States,USD,Person,283,Helwise Johnson,0,0,0,0,Mutual Fund / ETF,2617335047,0
Charles Schwab,1328D16B0,136E50180,United States,USD,Person,283,Helwise Johnson,0,0,0,0,Mutual Fund / ETF,2885770504,0
Schultz Securities Company,9AA17BFF0,9AA17C380,Germany,USD,Person,283,Helwise Johnson,0,0,0,0,Mutual Fund / ETF,4227947785,0
Wellington Management,1328D4DF0,136E633A0,United States,USD,Person,283,Helwise Johnson,0,0,0,0,Mutual Fund / ETF,2080464138,0
Charles Schwab,1328D16B0,136E50180,United States,USD,Person,283,Helwise Johnson,0,0,0,0,Mutual Fund / ETF,2885770507,0
Legg Mason,1328D57B0,136E63560,United States,USD,Person,283,Helwise Johnson,0,0,0,0,Mutual Fund / ETF,3959512332,0
Charles Schwab,1328D16B0,136E50180,United States,USD,Person,283,Helwise Johnson,0,0,0,0,Mutual Fund / ETF,2885770509,0
Legg Mason,1328D57B0,136E63560,United States,USD,Person,283,Helwise Johnson,0,0,0,0,Mutual Fund / ETF,3959512334,0
Wellington Management,1328D4DF0,136E633A0,United States,USD,Person,283,Helwise Johnson,0,0,0,0,Mutual Fund / ETF,2080464143,0
Wellington Management,1328D4DF0,136E633A0,United States,USD,Person,283,Helwise Johnson,0,0,0,0,Mutual Fund / ETF,2080464144,0
Wellington Management,1328D4DF0,136E633A0,United States,USD,Person,283,Helwise Johnson,0,0,0,0,Money Market,2080464145,100
Wellington Management,1328D4DF0,136E633A0,United States,USD,Person,283,Helwise Johnson,0,0,0,0,Mutual Fund / ETF,2080464146,0
Wellington Management,1328D4DF0,136E633A0,United States,USD,Person,283,Helwise Johnson,0,0,0,0,Mutual Fund / ETF,2080464147,0
Merrill Lynch,1328D23B0,136E5B610,United States,USD,Person,283,Helwise Johnson,0,0,0,0,Mutual Fund / ETF,3959512340,0
Edward Jones,1328D1D30,136E53C50,United States,USD,Person,283,Helwise Johnson,0,0,0,0,Mutual Fund / ETF,1275157781,0
Wellington Management,1328D4DF0,136E633A0,United States,USD,Person,283,Helwise Johnson,0,0,0,0,Mutual Fund / ETF,2080464150,0
Raymond James Financial,1328D33F0,136E5F370,United States,USD,Person,283,Helwise Johnson,0,0,0,0,Money Market,4227947799,25
Cash,3CEC88A0,3CEC8BC0,United States,USD,Person,284,Yaretzi Osborne,0,0,0,0,Cash,0,0
U.S. Bancorp,132878ED0,134B731C0,United States,USD,Person,284,Yaretzi Osborne,1,0,0,0,Checking,3019988277,50
Baker Federal Credit Union,699A8D6D0,699A8DA60,United States,USD,Person,284,Yaretzi Osborne,0,0,0,0,Savings,3019988278,10
Edward Jones,1328D1D30,136E54C80,United States,USD,Person,284,Yaretzi Osborne,0,0,0,0,Mutual Fund / ETF,1275157815,0
U.S. Bancorp,132878ED0,134B731C0,United States,USD,Person,284,Yaretzi Osborne,0,0,0,0,Money Market,3019988280,0
Edward Jones,1328D1D30,136E54C80,United States,USD,Person,284,Yaretzi Osborne,0,0,0,0,Mutual Fund / ETF,1275157817,0
Edward Jones,1328D1D30,136E54C80,United States,USD,Person,284,Yaretzi Osborne,0,0,0,0,Money Market,1275157818,100
Cash,3CEC88A0,3CEC8BC0,United States,USD,Person,285,Santiago Moore,0,0,0,0,Cash,0,0
Citizens Bank,13287A8D0,134C8BAB0,United States,USD,Person,285,Santiago Moore,1,0,0,0,Checking,872504667,0
M&T Bank Corp.,13287A590,134C6D3C0,United States,USD,Person,285,Santiago Moore,0,0,0,0,Savings,1677811036,50
Cash,3CEC88A0,3CEC8BC0,United States,USD,Person,286,Kasen Foster Jr,0,0,0,0,Cash,0,0
David's Federal Credit Union,698F3DEA0,698F3E230,United States,USD,Person,286,Kasen Foster Jr,1,120,0,0,Checking,2818661743,100
Fifth Third Bancorp,13287B290,134CA19D0,United States,USD,Person,286,Kasen Foster Jr,1,0,0,0,Checking,2751552880,0
David's Federal Credit Union,698F3DEA0,698F3E230,United States,USD,Person,286,Kasen Foster Jr,0,0,0,0,Savings,2818661745,25
Fifth Third Bancorp,13287B290,134CA19D0,United States,USD,Person,286,Kasen Foster Jr,0,0,0,0,Money Market,2751552882,100
Dimitri's Penfield Brokers,69B83F9C0,69B83FD50,United States,USD,Person,286,Kasen Foster Jr,0,0,0,0,Mutual Fund / ETF,1879137651,0
Dimitri's Penfield Brokers,69B83F9C0,69B83FD50,United States,USD,Person,286,Kasen Foster Jr,0,0,0,0,Mutual Fund / ETF,1879137652,0
Dimitri's Penfield Brokers,69B83F9C0,69B83FD50,United States,USD,Person,286,Kasen Foster Jr,0,0,0,0,Money Market,1879137653,0
Dimitri's Penfield Brokers,69B83F9C0,69B83FD50,United States,USD,Person,286,Kasen Foster Jr,0,0,0,0,Mutual Fund / ETF,1879137654,0
Dimitri's Penfield Brokers,69B83F9C0,69B83FD50,United States,USD,Person,286,Kasen Foster Jr,0,0,0,0,Money Market,1879137655,25
Cash,3CEC88A0,3CEC8BC0,United States,USD,Person,287,Roman Garrett,0,0,0,0,Cash,0,0
U.S. Bancorp,132878ED0,134B673E0,United States,USD,Person,287,Roman Garrett,0,0,0,0,Checking,3019988346,25
JPMorgan Chase,132877E90,1349FB9F0,United States,USD,Person,287,Roman Garrett,0,0,0,0,Savings,2751552891,25
U.S. Bancorp,132878ED0,134B673E0,United States,USD,Person,287,Roman Garrett,0,0,0,0,Money Market,3019988348,0
United Investing,69B760820,69B760BB0,United States,USD,Person,287,Roman Garrett,0,0,0,0,Mutual Fund / ETF,134307197,0
JPMorgan Chase,132877E90,1349FB9F0,United States,USD,Person,287,Roman Garrett,0,0,0,0,Money Market,2751552894,0
Aflac,132874080,132D267A0,United States,USD,Person,287,Roman Garrett,0,0,0,0,Life Insurance,536960383,0
Cash,3CEC88A0,3CEC8BC0,United States,USD,Person,288,Bailee Abe,0,0,0,0,Cash,0,0
Brock's Federal Credit Union,69A30D580,69A30D910,United States,USD,Person,288,Bailee Abe,1,0,0,0,Checking,1610702221,0
JPMorgan Chase,132877E90,1349FB050,United States,USD,Person,288,Bailee Abe,0,0,0,0,Savings,2751552910,25
Bitfinex,1328D6170,136E63740,United States,USD,Person,288,Bailee Abe,0,0,0,0,Crypto Currency,1543593359,0
Cash,3CEC88A0,3CEC8BC0,United States,USD,Person,289,Leyla McLaughlin,0,0,0,0,Cash,0,0
Tucker Galloway Bank,698F13D00,698F14090,United States,USD,Person,289,Leyla McLaughlin,1,0,0,0,Checking,1073831327,25
JPMorgan Chase,132877E90,1349FF0A0,United States,USD,Person,289,Leyla McLaughlin,0,0,0,0,Savings,2751552928,0
Tucker Galloway Bank,698F13D00,698F14090,United States,USD,Person,289,Leyla McLaughlin,0,0,0,0,Money Market,1073831329,0
Caleb's Securities Company,69B88E510,69B88E8A0,United States,USD,Person,289,Leyla McLaughlin,0,0,0,0,Mutual Fund / ETF,1140940194,0
JPMorgan Chase,132877E90,1349FF0A0,United States,USD,Person,289,Leyla McLaughlin,0,0,0,0,Money Market,2751552931,0
Lambert Brokerage,69B8F8630,69B8F89C0,United States,USD,Person,289,Leyla McLaughlin,0,0,0,0,Mutual Fund / ETF,2348899748,0
Lambert Brokerage,69B8F8630,69B8F89C0,United States,USD,Person,289,Leyla McLaughlin,0,0,0,0,Money Market,2348899749,100
Cash,3CEC88A0,3CEC8BC0,United States,USD,Person,290,Ty McFarland,0,0,0,0,Cash,0,0
August's Orange Bank,698C77C00,698C77F90,United States,USD,Person,290,Ty McFarland,1,0,0,0,Checking,89534,10
August's Orange Bank,698C77C00,698C77F90,United States,USD,Person,290,Ty McFarland,0,0,0,0,Savings,89535,50
Deribit,1328D71B0,136E63A60,United States,USD,Person,290,Ty McFarland,0,0,0,0,Crypto Currency,1812028864,0
Goldman Sachs,1328D19F0,133657BB0,United States,USD,Person,290,Ty McFarland,0,0,0,0,Mutual Fund / ETF,2080464321,0
Morgan Stanley,1328D2070,136E579F0,United States,USD,Person,290,Ty McFarland,0,0,0,0,Mutual Fund / ETF,469851586,0
August's Orange Bank,698C77C00,698C77F90,United States,USD,Person,290,Ty McFarland,0,0,0,0,Money Market,89539,10
Legg Mason,1328D57B0,136E63560,United States,USD,Person,290,Ty McFarland,0,0,0,0,Mutual Fund / ETF,3959512516,0
Goldman Sachs,1328D19F0,133657BB0,United States,USD,Person,290,Ty McFarland,0,0,0,0,Money Market,2080464325,10
Cash,3CEC88A0,3CEC8BC0,United States,USD,Person,291,Benson Pittman,0,0,0,0,Cash,0,0
Piper's Thrift,69B657A30,69B657DC0,United States,USD,Person,291,Benson Pittman,1,2,0,0,Checking,2348899790,25
SunTrust Banks,132879BD0,134C12020,United States,USD,Person,291,Benson Pittman,0,0,0,0,Savings,4093730255,10
Piper's Thrift,69B657A30,69B657DC0,United States,USD,Person,291,Benson Pittman,0,0,0,0,Money Market,2348899792,50
Charles Schwab,1328D16B0,136E50180,United States,USD,Person,291,Benson Pittman,0,0,0,0,Stock,2885770705,0
Charles Schwab,1328D16B0,136E50180,United States,USD,Person,291,Benson Pittman,0,0,0,0,Stock,2885770706,0
Charles Schwab,1328D16B0,136E50180,United States,USD,Person,291,Benson Pittman,0,0,0,0,Mutual Fund / ETF,2885770707,0
SunTrust Banks,132879BD0,134C12020,United States,USD,Person,291,Benson Pittman,0,0,0,0,Money Market,4093730260,50
Charles Schwab,1328D16B0,136E50180,United States,USD,Person,291,Benson Pittman,0,0,0,0,Mutual Fund / ETF,2885770709,0
Charles Schwab,1328D16B0,136E50180,United States,USD,Person,291,Benson Pittman,0,0,0,0,Money Market,2885770710,25
Prudential - Life,132872D00,134895A20,United States,USD,Person,291,Benson Pittman,0,0,0,0,Life Insurance,1073831383,0
Cash,3CEC88A0,3CEC8BC0,United States,USD,Person,292,Reece Kline,0,0,0,0,Cash,0,0
O'Neill Snellville Savings Bank,6992B8470,6992B8800,United States,USD,Person,292,Reece Kline,1,120,0,0,Checking,469851649,50
Richards Savings Bank,69B307130,69B3074C0,United States,USD,Person,292,Reece Kline,0,0,0,0,Savings,1275158018,100
Richards Savings Bank,69B307130,69B3074C0,United States,USD,Person,292,Reece Kline,0,0,0,0,CD,1275158019,0
Colton's Brokers,69B7B2FB0,69B7B3340,United States,USD,Person,292,Reece Kline,0,0,0,0,Mutual Fund / ETF,3959512580,0
Colton's Brokers,69B7B2FB0,69B7B3340,United States,USD,Person,292,Reece Kline,0,0,0,0,Mutual Fund / ETF,3959512581,0
Colton's Brokers,69B7B2FB0,69B7B3340,United States,USD,Person,292,Reece Kline,0,0,0,0,Mutual Fund / ETF,3959512582,0
Colton's Brokers,69B7B2FB0,69B7B3340,United States,USD,Person,292,Reece Kline,0,0,0,0,Mutual Fund / ETF,3959512583,0
Summers Islamabad Partners,9BD364940,9BD364CD0,Pakistan,USD,Person,292,Reece Kline,0,0,0,0,Mutual Fund / ETF,1342266888,0
Colton's Brokers,69B7B2FB0,69B7B3340,United States,USD,Person,292,Reece Kline,0,0,0,0,Mutual Fund / ETF,3959512585,0
Richards Savings Bank,69B307130,69B3074C0,United States,USD,Person,292,Reece Kline,0,0,0,0,Money Market,1275158026,100
Colton's Brokers,69B7B2FB0,69B7B3340,United States,USD,Person,292,Reece Kline,0,0,0,0,Money Market,3959512587,25
Cash,3CEC88A0,3CEC8BC0,United States,USD,Person,293,Muhammad Rich,0,0,0,0,Cash,0,0
Russo Tahlequah Thrift,699C597C0,699C59B50,United States,USD,Person,293,Muhammad Rich,1,1,0,0,Checking,4026621467,25
Maleah's Tahlequah Savings Bank,6976D9820,6976D9BB0,United States,USD,Person,293,Muhammad Rich,0,0,0,0,Savings,134307356,250
Edward Jones,1328D1D30,136E53C50,United States,USD,Person,293,Muhammad Rich,0,0,0,0,Mutual Fund / ETF,1275158045,0
Edward Jones,1328D1D30,136E53C50,United States,USD,Person,293,Muhammad Rich,0,0,0,0,Mutual Fund / ETF,1275158046,0
Edward Jones,1328D1D30,136E53C50,United States,USD,Person,293,Muhammad Rich,0,0,0,0,Mutual Fund / ETF,1275158047,0
Edward Jones,1328D1D30,136E53C50,United States,USD,Person,293,Muhammad Rich,0,0,0,0,Stock,1275158048,0
Edward Jones,1328D1D30,136E53C50,United States,USD,Person,293,Muhammad Rich,0,0,0,0,Stock,1275158049,0
Edward Jones,1328D1D30,136E53C50,United States,USD,Person,293,Muhammad Rich,0,0,0,0,Mutual Fund / ETF,1275158050,0
Russo Tahlequah Thrift,699C597C0,699C59B50,United States,USD,Person,293,Muhammad Rich,0,0,0,0,Money Market,4026621475,0
Black Rock,1328D3A70,1337CF670,United States,USD,Person,293,Muhammad Rich,0,0,0,0,Mutual Fund / ETF,2617335332,0
Edward Jones,1328D1D30,136E53C50,United States,USD,Person,293,Muhammad Rich,0,0,0,0,Money Market,1275158053,25
Cash,3CEC88A0,3CEC8BC0,United States,USD,Person,294,Kelly Pitts,0,0,0,0,Cash,0,0
Fifth Third Bancorp,13287B290,134CB4740,United States,USD,Person,294,Kelly Pitts,1,1,0,0,Checking,2751553062,25
Clarissa's Bank,6977B3960,6977B3CF0,United States,USD,Person,294,Kelly Pitts,0,0,0,0,Money Market,1476484647,100
Clarissa's Bank,6977B3960,6977B3CF0,United States,USD,Person,294,Kelly Pitts,0,0,0,0,CD,1476484648,0
Clarissa's Bank,6977B3960,6977B3CF0,United States,USD,Person,294,Kelly Pitts,0,0,0,0,CD,1476484649,0
Burnett Las Vegas Funds,69B8B0790,69B8B0B20,United States,USD,Person,294,Kelly Pitts,0,0,0,0,Mutual Fund / ETF,3825294890,0
Burnett Las Vegas Funds,69B8B0790,69B8B0B20,United States,USD,Person,294,Kelly Pitts,0,0,0,0,Money Market,3825294891,10
Cash,3CEC88A0,3CEC8BC0,United States,USD,Person,295,Veronica Ryan,0,0,0,0,Cash,0,0
Johnson Savings Bank,699A0D000,699A0D390,United States,USD,Person,295,Veronica Ryan,1,0,0,0,Checking,89644,0
Citi,132878850,134ACCE40,United States,USD,Person,295,Veronica Ryan,0,0,0,0,Savings,335633965,10
Johnson Savings Bank,699A0D000,699A0D390,United States,USD,Person,295,Veronica Ryan,0,0,0,0,Money Market,89646,100
Cash,3CEC88A0,3CEC8BC0,United States,USD,Person,296,Nathalie Gates,0,0,0,0,Cash,0,0
Bank of America Corp.,1328781D0,134A5B640,United States,USD,Person,296,Nathalie Gates,1,0,0,0,Checking,1946246717,100
United Bank,6970228D0,697022C60,United States,USD,Person,296,Nathalie Gates,0,0,0,0,Savings,872504894,25
Bank of America Corp.,1328781D0,134A5B640,United States,USD,Person,296,Nathalie Gates,0,0,0,0,Savings,1946246719,100
United Bank,6970228D0,697022C60,United States,USD,Person,296,Nathalie Gates,0,0,0,0,Money Market,872504896,100
T. Rowe Price,1328D5470,136E634C0,United States,USD,Person,296,Nathalie Gates,0,0,0,0,Mutual Fund / ETF,469851713,0
T. Rowe Price,1328D5470,136E634C0,United States,USD,Person,296,Nathalie Gates,0,0,0,0,Mutual Fund / ETF,469851714,0
T. Rowe Price,1328D5470,136E634C0,United States,USD,Person,296,Nathalie Gates,0,0,0,0,Mutual Fund / ETF,469851715,0
Black Rock,1328D3A70,1337CF670,United States,USD,Person,296,Nathalie Gates,0,0,0,0,Mutual Fund / ETF,2617335364,0
Franklin Resources,1328D5130,136E63420,United States,USD,Person,296,Nathalie Gates,0,0,0,0,Mutual Fund / ETF,1275158085,0
Franklin Resources,1328D5130,136E63420,United States,USD,Person,296,Nathalie Gates,0,0,0,0,Mutual Fund / ETF,1275158086,0
T. Rowe Price,1328D5470,136E634C0,United States,USD,Person,296,Nathalie Gates,0,0,0,0,Mutual Fund / ETF,469851719,0
T. Rowe Price,1328D5470,136E634C0,United States,USD,Person,296,Nathalie Gates,0,0,0,0,Mutual Fund / ETF,469851720,0
T. Rowe Price,1328D5470,136E634C0,United States,USD,Person,296,Nathalie Gates,0,0,0,0,Mutual Fund / ETF,469851721,0
T. Rowe Price,1328D5470,136E634C0,United States,USD,Person,296,Nathalie Gates,0,0,0,0,Mutual Fund / ETF,469851722,0
T. Rowe Price,1328D5470,136E634C0,United States,USD,Person,296,Nathalie Gates,0,0,0,0,Mutual Fund / ETF,469851723,0
Franklin Resources,1328D5130,136E63420,United States,USD,Person,296,Nathalie Gates,0,0,0,0,Mutual Fund / ETF,1275158092,0
Franklin Resources,1328D5130,136E63420,United States,USD,Person,296,Nathalie Gates,0,0,0,0,Mutual Fund / ETF,1275158093,0
T. Rowe Price,1328D5470,136E634C0,United States,USD,Person,296,Nathalie Gates,0,0,0,0,Mutual Fund / ETF,469851726,0
T. Rowe Price,1328D5470,136E634C0,United States,USD,Person,296,Nathalie Gates,0,0,0,0,Mutual Fund / ETF,469851727,0
T. Rowe Price,1328D5470,136E634C0,United States,USD,Person,296,Nathalie Gates,0,0,0,0,Money Market,469851728,100
Wellington Management,1328D4DF0,136E633A0,United States,USD,Person,296,Nathalie Gates,0,0,0,0,Mutual Fund / ETF,2080464465,0
Franklin Resources,1328D5130,136E63420,United States,USD,Person,296,Nathalie Gates,0,0,0,0,Mutual Fund / ETF,1275158098,0
Wellington Management,1328D4DF0,136E633A0,United States,USD,Person,296,Nathalie Gates,0,0,0,0,Mutual Fund / ETF,2080464467,0
Raymond James Financial,1328D33F0,136E5F370,United States,USD,Person,296,Nathalie Gates,0,0,0,0,Money Market,4227948116,50
Cash,3CEC88A0,3CEC8BC0,United States,USD,Person,297,Victoria Avery,0,0,0,0,Cash,0,0
Bank of America Corp.,1328781D0,134A4B340,United States,USD,Person,297,Victoria Avery,1,0,0,0,Checking,1946246773,10
Alma's Collinwood Federal Credit Union,697B44750,697B44AE0,United States,USD,Person,297,Victoria Avery,0,0,0,0,Savings,3556859510,100
Bank of America Corp.,1328781D0,134A4B340,United States,USD,Person,297,Victoria Avery,0,0,0,0,Money Market,1946246775,10
American Funds,1328D4430,136E63220,United States,USD,Person,297,Victoria Avery,0,0,0,0,Mutual Fund / ETF,201416312,0
Alma's Collinwood Federal Credit Union,697B44750,697B44AE0,United States,USD,Person,297,Victoria Avery,0,0,0,0,Money Market,3556859513,0
MetLife,132873040,1348BB910,United States,USD,Person,297,Victoria Avery,0,0,0,0,Life Insurance,268525178,0
Cash,3CEC88A0,3CEC8BC0,United States,USD,Person,298,Madilyn Davila,0,0,0,0,Cash,0,0
Nora's Bank,699043500,699043890,United States,USD,Person,298,Madilyn Davila,0,0,0,0,Checking,1073831578,10
Bank of America Corp.,1328781D0,134A38FE0,United States,USD,Person,298,Madilyn Davila,0,0,0,0,Savings,1946246811,100
Nora's Bank,699043500,699043890,United States,USD,Person,298,Madilyn Davila,0,0,0,0,Money Market,1073831580,25
Nixon Sewell Investments,69B756BA0,69B756F30,United States,USD,Person,298,Madilyn Davila,0,0,0,0,Mutual Fund / ETF,3892403869,0
Nixon Sewell Investments,69B756BA0,69B756F30,United States,USD,Person,298,Madilyn Davila,0,0,0,0,Money Market,3892403870,25
Nixon Sewell Investments,69B756BA0,69B756F30,United States,USD,Person,298,Madilyn Davila,0,0,0,0,Mutual Fund / ETF,3892403871,0
Bank of America Corp.,1328781D0,134A38FE0,United States,USD,Person,298,Madilyn Davila,0,0,0,0,Money Market,1946246816,50
Cash,3CEC88A0,3CEC8BC0,United States,USD,Person,299,Leonard Alfaro,0,0,0,0,Cash,0,0
BB&T Corp.,132879890,134BDA2A0,United States,USD,Person,299,Leonard Alfaro,1,0,0,0,Checking,604069544,100
Cain's Savings Bank,697222F10,6972232A0,United States,USD,Person,299,Leonard Alfaro,0,0,0,0,Savings,3288424105,50
BB&T Corp.,132879890,134BDA2A0,United States,USD,Person,299,Leonard Alfaro,0,0,0,0,Money Market,604069546,25
Black Rock,1328D3A70,1337CF670,United States,USD,Person,299,Leonard Alfaro,0,0,0,0,Mutual Fund / ETF,2617335467,0
Cain's Savings Bank,697222F10,6972232A0,United States,USD,Person,299,Leonard Alfaro,0,0,0,0,Money Market,3288424108,10
Black Rock,1328D3A70,1337CF670,United States,USD,Person,299,Leonard Alfaro,0,0,0,0,Mutual Fund / ETF,2617335469,0
Black Rock,1328D3A70,1337CF670,United States,USD,Person,299,Leonard Alfaro,0,0,0,0,Money Market,2617335470,0
Cash,3CEC88A0,3CEC8BC0,United States,USD,Person,300,Brysen Trevino,0,0,0,0,Cash,0,0
Wells Fargo,132878510,134A9E860,United States,USD,Person,300,Brysen Trevino,1,1,0,0,Checking,1140940516,50
M&T Bank Corp.,13287A590,134C6D3C0,United States,USD,Person,300,Brysen Trevino,0,0,0,0,Savings,1677811429,50
Wells Fargo,132878510,134A9E860,United States,USD,Person,300,Brysen Trevino,0,0,0,0,Money Market,1140940518,10
Hadley's Investments,69B7B22C0,69B7B2650,United States,USD,Person,300,Brysen Trevino,0,0,0,0,Stock,2952879847,0
Hadley's Investments,69B7B22C0,69B7B2650,United States,USD,Person,300,Brysen Trevino,0,0,0,0,Stock,2952879848,0
Hadley's Investments,69B7B22C0,69B7B2650,United States,USD,Person,300,Brysen Trevino,0,0,0,0,Mutual Fund / ETF,2952879849,0
Hadley's Investments,69B7B22C0,69B7B2650,United States,USD,Person,300,Brysen Trevino,0,0,0,0,Mutual Fund / ETF,2952879850,0
T. Rowe Price,1328D5470,136E634C0,United States,USD,Person,300,Brysen Trevino,0,0,0,0,Mutual Fund / ETF,469851883,0
M&T Bank Corp.,13287A590,134C6D3C0,United States,USD,Person,300,Brysen Trevino,0,0,0,0,Money Market,1677811436,0
Hadley's Investments,69B7B22C0,69B7B2650,United States,USD,Person,300,Brysen Trevino,0,0,0,0,Mutual Fund / ETF,2952879853,0
T. Rowe Price,1328D5470,136E634C0,United States,USD,Person,300,Brysen Trevino,0,0,0,0,Money Market,469851886,10
Cash,3CEC88A0,3CEC8BC0,United States,USD,Person,301,Case Burns Jr,0,0,0,0,Cash,0,0
Solis Bank,69A902B10,69A902EA0,United States,USD,Person,301,Case Burns Jr,1,208,0,0,Checking,3288424201,50
Brody's Bank,69816D060,69816D3F0,United States,USD,Person,301,Case Burns Jr,0,0,0,0,Savings,402743050,0
Regions Financial,13287A250,134C56B70,United States,USD,Person,301,Case Burns Jr,0,0,0,0,Money Market,2483117835,0
River's Brokers,69B8B7840,69B8B7BD0,United States,USD,Person,301,Case Burns Jr,0,0,0,0,Mutual Fund / ETF,268525324,0
River's Brokers,69B8B7840,69B8B7BD0,United States,USD,Person,301,Case Burns Jr,0,0,0,0,Money Market,268525325,50
Horn Mesa Consolidated Life Insurance,69BA704E0,69BA70870,United States,USD,Person,301,Case Burns Jr,0,0,0,0,Life Insurance,939613966,0
Cash,3CEC88A0,3CEC8BC0,United States,USD,Person,302,Cohen Lonsdale,0,0,0,0,Cash,0,0
Bank of America Corp.,1328781D0,134A35A10,United States,USD,Person,302,Cohen Lonsdale,0,0,0,0,Savings,1946246927,0
Binance,1328D5AF0,136E63600,United States,USD,Person,302,Cohen Lonsdale,0,0,0,0,Crypto Currency,3154206480,0
Bank of America Corp.,1328781D0,134A35A10,United States,USD,Person,302,Cohen Lonsdale,1,0,0,0,Checking,1946246929,50
Cash,3CEC88A0,3CEC8BC0,United States,USD,Person,303,Mustafa Avila,0,0,0,0,Cash,0,0
BB&T Corp.,132879890,134BDA2A0,United States,USD,Person,303,Mustafa Avila,1,0,0,0,Checking,604069674,0
Bank of America Corp.,1328781D0,134A35A10,United States,USD,Person,303,Mustafa Avila,0,0,0,0,Savings,1946246955,10
BB&T Corp.,132879890,134BDA2A0,United States,USD,Person,303,Mustafa Avila,0,0,0,0,Money Market,604069676,0
Hunt Brokerage House,69B78D850,69B78DBE0,United States,USD,Person,303,Mustafa Avila,0,0,0,0,Mutual Fund / ETF,335634221,0
Bush Investments,69B951D20,69B9520B0,United States,USD,Person,303,Mustafa Avila,0,0,0,0,Mutual Fund / ETF,1208049454,0
Hunt Brokerage House,69B78D850,69B78DBE0,United States,USD,Person,303,Mustafa Avila,0,0,0,0,Mutual Fund / ETF,335634223,0
Azalea's Federal Credit Union,6979F6610,6979F69A0,United States,USD,Person,303,Mustafa Avila,0,0,0,0,Money Market,2214682416,10
State Farm - Life,132870C80,1346AC560,United States,USD,Person,303,Mustafa Avila,0,0,0,0,Life Insurance,536960817,0
Cash,3CEC88A0,3CEC8BC0,United States,USD,Person,304,Cannon Davis,0,0,0,0,Cash,0,0
Collier Salem Savings Bank,69B157540,69B1578D0,United States,USD,Person,304,Cannon Davis,0,0,0,0,Checking,1342267223,25
Russo Salem Bank,69956D590,69956D920,United States,USD,Person,304,Cannon Davis,0,0,0,0,Savings,1677811544,100
Collier Salem Savings Bank,69B157540,69B1578D0,United States,USD,Person,304,Cannon Davis,0,0,0,0,Money Market,1342267225,0
Sylvia's Brokerage House,69B9755F0,69B975980,United States,USD,Person,304,Cannon Davis,0,0,0,0,Mutual Fund / ETF,2080464730,0
Sylvia's Brokerage House,69B9755F0,69B975980,United States,USD,Person,304,Cannon Davis,0,0,0,0,Money Market,2080464731,0
Cash,3CEC88A0,3CEC8BC0,United States,USD,Person,305,Naomi H. Ibarra,0,0,0,0,Cash,0,0
Davenport Savings Bank,6980167D0,698016B60,United States,USD,Person,305,Naomi H. Ibarra,1,208,0,0,Checking,4093730657,25
Citi,132878850,134AFC160,United States,USD,Person,305,Naomi H. Ibarra,0,0,0,0,Savings,335634274,50
Sloane's Brokerage House,69B8D1010,69B8D13A0,United States,USD,Person,305,Naomi H. Ibarra,0,0,0,0,Mutual Fund / ETF,67198819,0
Davenport Savings Bank,6980167D0,698016B60,United States,USD,Person,305,Naomi H. Ibarra,0,0,0,0,Money Market,4093730660,50
Cash,3CEC88A0,3CEC8BC0,United States,USD,Person,306,Killian Holt,0,0,0,0,Cash,0,0
Pacheco Navarre Federal Credit Union,69AC723A0,69AC72730,United States,USD,Person,306,Killian Holt,0,0,0,0,Checking,3892404069,25
Cash,3CEC88A0,3CEC8BC0,United States,USD,Person,307,Eugene D. Horne,0,0,0,0,Cash,0,0
Benton Bank,699665920,699665CB0,United States,USD,Person,307,Eugene D. Horne,1,0,0,0,Checking,1208049511,50
Wagner Salem Savings Bank,6978C2DC0,6978C3150,United States,USD,Person,307,Eugene D. Horne,0,0,0,0,Savings,1879138152,50
Norton Investing,69B854860,69B854BF0,United States,USD,Person,307,Eugene D. Horne,0,0,0,0,Money Market,402743145,25
Norton Investing,69B854860,69B854BF0,United States,USD,Person,307,Eugene D. Horne,0,0,0,0,Mutual Fund / ETF,402743146,0
Benton Bank,699665920,699665CB0,United States,USD,Person,307,Eugene D. Horne,0,0,0,0,Money Market,1208049515,50
Cash,3CEC88A0,3CEC8BC0,United States,USD,Person,308,Deante Watson,0,0,0,0,Cash,0,0
JPMorgan Chase,132877E90,1349F8030,United States,USD,Person,308,Deante Watson,1,120,0,0,Checking,2751553392,0
BB&T Corp.,132879890,134BDA2A0,United States,USD,Person,308,Deante Watson,0,0,0,0,Savings,604069745,25
Jonas's Investing,69B945140,69B9454D0,United States,USD,Person,308,Deante Watson,0,0,0,0,Mutual Fund / ETF,1342267250,0
Jonas's Investing,69B945140,69B9454D0,United States,USD,Person,308,Deante Watson,0,0,0,0,Mutual Fund / ETF,1342267251,0
JPMorgan Chase,132877E90,1349F8030,United States,USD,Person,308,Deante Watson,0,0,0,0,Money Market,2751553396,50
Cash,3CEC88A0,3CEC8BC0,United States,USD,Person,309,Lucy Gould,0,0,0,0,Cash,0,0
Nolan Federal Credit Union,69914C540,69914C8D0,United States,USD,Person,309,Lucy Gould,1,0,0,0,Checking,1342267255,25
Nolan Federal Credit Union,69914C540,69914C8D0,United States,USD,Person,309,Lucy Gould,0,0,0,0,Savings,1342267256,50
Nolan Federal Credit Union,69914C540,69914C8D0,United States,USD,Person,309,Lucy Gould,0,0,0,0,Money Market,1342267257,50
T. Rowe Price,1328D5470,136E634C0,United States,USD,Person,309,Lucy Gould,0,0,0,0,Stock,469852026,0
T. Rowe Price,1328D5470,136E634C0,United States,USD,Person,309,Lucy Gould,0,0,0,0,Mutual Fund / ETF,469852027,0
T. Rowe Price,1328D5470,136E634C0,United States,USD,Person,309,Lucy Gould,0,0,0,0,Mutual Fund / ETF,469852028,0
T. Rowe Price,1328D5470,136E634C0,United States,USD,Person,309,Lucy Gould,0,0,0,0,Money Market,469852029,0
T. Rowe Price,1328D5470,136E634C0,United States,USD,Person,309,Lucy Gould,0,0,0,0,Mutual Fund / ETF,469852030,0
Charles Schwab,1328D16B0,136E50180,United States,USD,Person,309,Lucy Gould,0,0,0,0,Money Market,2885771135,0
Cash,3CEC88A0,3CEC8BC0,United States,USD,Person,310,Blaire Carlson,0,0,0,0,Cash,0,0
Wells Fargo,132878510,134AB7CA0,United States,USD,Person,310,Blaire Carlson,1,120,0,0,Checking,1140940676,250
Fifth Third Bancorp,13287B290,134C9DBB0,United States,USD,Person,310,Blaire Carlson,0,0,0,0,Savings,2751553413,10
Wells Fargo,132878510,134AB7CA0,United States,USD,Person,310,Blaire Carlson,0,0,0,0,Money Market,1140940678,10
Binance,1328D5AF0,136E63600,United States,USD,Person,310,Blaire Carlson,0,0,0,0,Crypto Currency,3154206599,0
Ameriprise Financial,1328D26F0,136E5F170,United States,USD,Person,310,Blaire Carlson,0,0,0,0,Mutual Fund / ETF,3154206600,0
Ameriprise Financial,1328D26F0,136E5F170,United States,USD,Person,310,Blaire Carlson,0,0,0,0,Money Market,3154206601,25
Cash,3CEC88A0,3CEC8BC0,United States,USD,Person,311,Butch Farhad,0,0,0,0,Cash,0,0
Kennedi's Federal Credit Union,6985105D0,698510960,United States,USD,Person,311,Butch Farhad,1,0,0,0,Checking,1946247079,0
Kennedi's Federal Credit Union,6985105D0,698510960,United States,USD,Person,311,Butch Farhad,0,0,0,0,Savings,1946247080,0
Coinbase,1328D5E30,136E636A0,United States,USD,Person,311,Butch Farhad,0,0,0,0,Crypto Currency,2348900265,0
Coinbase,1328D5E30,136E636A0,United States,USD,Person,311,Butch Farhad,0,0,0,0,Crypto Currency,2348900266,0
Leonel's Investing,69B8851A0,69B885530,United States,USD,Person,311,Butch Farhad,0,0,0,0,Stock,1744920491,0
Leonel's Investing,69B8851A0,69B885530,United States,USD,Person,311,Butch Farhad,0,0,0,0,Stock,1744920492,0
Leonel's Investing,69B8851A0,69B885530,United States,USD,Person,311,Butch Farhad,0,0,0,0,Stock,1744920493,0
Leonel's Investing,69B8851A0,69B885530,United States,USD,Person,311,Butch Farhad,0,0,0,0,Stock,1744920494,0
Sharp Securities Company,69B8A3770,69B8A3B00,United States,USD,Person,311,Butch Farhad,0,0,0,0,Stock,3691077551,0
Sharp Securities Company,69B8A3770,69B8A3B00,United States,USD,Person,311,Butch Farhad,0,0,0,0,Stock,3691077552,0
Nixon's Partners,9A8E9C430,9A8E9C7C0,Finland,EUR,Person,311,Butch Farhad,0,0,0,0,Stock,201416625,0
Sharp Securities Company,69B8A3770,69B8A3B00,United States,USD,Person,311,Butch Farhad,0,0,0,0,Mutual Fund / ETF,3691077554,0
Leonel's Investing,69B8851A0,69B885530,United States,USD,Person,311,Butch Farhad,0,0,0,0,Mutual Fund / ETF,1744920499,0
Leonel's Investing,69B8851A0,69B885530,United States,USD,Person,311,Butch Farhad,0,0,0,0,Mutual Fund / ETF,1744920500,0
Leonel's Investing,69B8851A0,69B885530,United States,USD,Person,311,Butch Farhad,0,0,0,0,Mutual Fund / ETF,1744920501,0
Kennedi's Federal Credit Union,6985105D0,698510960,United States,USD,Person,311,Butch Farhad,0,0,0,0,Money Market,1946247094,50
Leonel's Investing,69B8851A0,69B885530,United States,USD,Person,311,Butch Farhad,0,0,0,0,Mutual Fund / ETF,1744920503,0
Sharp Securities Company,69B8A3770,69B8A3B00,United States,USD,Person,311,Butch Farhad,0,0,0,0,Mutual Fund / ETF,3691077560,0
Leonel's Investing,69B8851A0,69B885530,United States,USD,Person,311,Butch Farhad,0,0,0,0,Mutual Fund / ETF,1744920505,0
Sharp Securities Company,69B8A3770,69B8A3B00,United States,USD,Person,311,Butch Farhad,0,0,0,0,Mutual Fund / ETF,3691077562,0
Leonel's Investing,69B8851A0,69B885530,United States,USD,Person,311,Butch Farhad,0,0,0,0,Mutual Fund / ETF,1744920507,0
Leonel's Investing,69B8851A0,69B885530,United States,USD,Person,311,Butch Farhad,0,0,0,0,Money Market,1744920508,0
Sharp Securities Company,69B8A3770,69B8A3B00,United States,USD,Person,311,Butch Farhad,0,0,0,0,Money Market,3691077565,50
JPMorgan Chase,132877E90,134A0D570,United States,USD,Person,311,Butch Farhad,0,0,0,0,Money Market,2751553470,0
Coinbase,1328D5E30,136E636A0,United States,USD,Person,311,Butch Farhad,0,0,0,0,Money Market,2348900287,25
Cash,3CEC88A0,3CEC8BC0,United States,USD,Person,312,Frankie Strickland,0,0,0,0,Cash,0,0
BB&T Corp.,132879890,134BDA2A0,United States,USD,Person,312,Frankie Strickland,1,208,0,0,Checking,604069849,25
Lambert Thrift,69B01D0D0,69B01D460,United States,USD,Person,312,Frankie Strickland,0,0,0,0,Savings,872505306,25
Goldman Sachs,1328D19F0,133657BB0,United States,USD,Person,312,Frankie Strickland,0,0,0,0,Stock,2080464859,0
Goldman Sachs,1328D19F0,133657BB0,United States,USD,Person,312,Frankie Strickland,0,0,0,0,Stock,2080464860,0
Goldman Sachs,1328D19F0,133657BB0,United States,USD,Person,312,Frankie Strickland,0,0,0,0,Stock,2080464861,0
Goldman Sachs,1328D19F0,133657BB0,United States,USD,Person,312,Frankie Strickland,0,0,0,0,Mutual Fund / ETF,2080464862,0
Raymond James Financial,1328D33F0,136E619F0,United States,USD,Person,312,Frankie Strickland,0,0,0,0,Mutual Fund / ETF,4227948511,0
Goldman Sachs,1328D19F0,133657BB0,United States,USD,Person,312,Frankie Strickland,0,0,0,0,Mutual Fund / ETF,2080464864,0
BB&T Corp.,132879890,134BDA2A0,United States,USD,Person,312,Frankie Strickland,0,0,0,0,Money Market,604069857,100
Black Rock,1328D3A70,1337CF670,United States,USD,Person,312,Frankie Strickland,0,0,0,0,Mutual Fund / ETF,2617335778,0
Goldman Sachs,1328D19F0,133657BB0,United States,USD,Person,312,Frankie Strickland,0,0,0,0,Money Market,2080464867,50
Cash,3CEC88A0,3CEC8BC0,United States,USD,Person,313,Kemal Scott,0,0,0,0,Cash,0,0
PNC Financial Services,132879210,134BA29E0,United States,USD,Person,313,Kemal Scott,0,0,0,0,Checking,2214682614,25
JPMorgan Chase,132877E90,134A022F0,United States,USD,Person,313,Kemal Scott,0,0,0,0,Savings,2751553527,0
PNC Financial Services,132879210,134BA29E0,United States,USD,Person,313,Kemal Scott,0,0,0,0,Money Market,2214682616,0
Charles Schwab,1328D16B0,136E51610,United States,USD,Person,313,Kemal Scott,0,0,0,0,Mutual Fund / ETF,2885771257,0
Charles Schwab,1328D16B0,136E51610,United States,USD,Person,313,Kemal Scott,0,0,0,0,Mutual Fund / ETF,2885771258,0
Charles Schwab,1328D16B0,136E51610,United States,USD,Person,313,Kemal Scott,0,0,0,0,Money Market,2885771259,50
Cash,3CEC88A0,3CEC8BC0,United States,USD,Person,314,Fatima Anwar,0,0,0,0,Cash,0,0
SunTrust Banks,132879BD0,134C12020,United States,USD,Person,314,Fatima Anwar,0,0,0,0,Checking,4093730852,10
Fifth Third Bancorp,13287B290,134CA5320,United States,USD,Person,314,Fatima Anwar,0,0,0,0,Savings,2751553573,50
Northwestern Mutual,132873A00,1349667A0,United States,USD,Person,314,Fatima Anwar,0,0,0,0,Life Insurance,2147573798,0
Cash,3CEC88A0,3CEC8BC0,United States,USD,Person,315,Laura Richardson,0,0,0,0,Cash,0,0
U.S. Bancorp,132878ED0,134B673E0,United States,USD,Person,315,Laura Richardson,1,0,0,0,Checking,3019989032,10
BB&T Corp.,132879890,134BDA2A0,United States,USD,Person,315,Laura Richardson,0,0,0,0,Savings,604069929,50
Riley Stocks and Investing,69B8FF710,69B8FFAA0,United States,USD,Person,315,Laura Richardson,0,0,0,0,Mutual Fund / ETF,3288424490,0
Riley Stocks and Investing,69B8FF710,69B8FFAA0,United States,USD,Person,315,Laura Richardson,0,0,0,0,Stock,3288424491,0
Riley Stocks and Investing,69B8FF710,69B8FFAA0,United States,USD,Person,315,Laura Richardson,0,0,0,0,Stock,3288424492,0
Synchrony Financial,1328D30B0,136E5F2F0,United States,USD,Person,315,Laura Richardson,0,0,0,0,Stock,738287661,0
Riley Stocks and Investing,69B8FF710,69B8FFAA0,United States,USD,Person,315,Laura Richardson,0,0,0,0,Stock,3288424494,0
Synchrony Financial,1328D30B0,136E5F2F0,United States,USD,Person,315,Laura Richardson,0,0,0,0,Stock,738287663,0
Riley Stocks and Investing,69B8FF710,69B8FFAA0,United States,USD,Person,315,Laura Richardson,0,0,0,0,Stock,3288424496,0
Synchrony Financial,1328D30B0,136E5F2F0,United States,USD,Person,315,Laura Richardson,0,0,0,0,Mutual Fund / ETF,738287665,0
U.S. Bancorp,132878ED0,134B673E0,United States,USD,Person,315,Laura Richardson,0,0,0,0,Money Market,3019989042,0
PIMCO,1328D4770,136E632A0,United States,USD,Person,315,Laura Richardson,0,0,0,0,Mutual Fund / ETF,3691077683,0
Synchrony Financial,1328D30B0,136E5F2F0,United States,USD,Person,315,Laura Richardson,0,0,0,0,Money Market,738287668,10
Cash,3CEC88A0,3CEC8BC0,United States,USD,Person,316,Everett Henson,0,0,0,0,Cash,0,0
Hayes Bank,697F9DBA0,697F9DF30,United States,USD,Person,316,Everett Henson,0,0,0,0,Checking,3892404313,0
JPMorgan Chase,132877E90,134A02FA0,United States,USD,Person,316,Everett Henson,0,0,0,0,Savings,2751553626,25
JPMorgan Chase,132877E90,134A02FA0,United States,USD,Person,316,Everett Henson,0,0,0,0,Money Market,2751553627,50
JPMorgan Chase,132877E90,134A02FA0,United States,USD,Person,316,Everett Henson,0,0,0,0,CD,2751553628,0
Calderon Investments,69B886300,69B886690,United States,USD,Person,316,Everett Henson,0,0,0,0,Mutual Fund / ETF,3221315677,0
Calderon Investments,69B886300,69B886690,United States,USD,Person,316,Everett Henson,0,0,0,0,Mutual Fund / ETF,3221315678,0
Calderon Investments,69B886300,69B886690,United States,USD,Person,316,Everett Henson,0,0,0,0,Mutual Fund / ETF,3221315679,0
Calderon Investments,69B886300,69B886690,United States,USD,Person,316,Everett Henson,0,0,0,0,Mutual Fund / ETF,3221315680,0
Kelly Investing,9AFFE33D0,9AFFE3760,Japan,USD,Person,316,Everett Henson,0,0,0,0,Mutual Fund / ETF,4093730913,0
Cash,3CEC88A0,3CEC8BC0,United States,USD,Person,317,Noemi O'Brien,0,0,0,0,Cash,0,0
Tate Bank,6984078D0,698407C60,United States,USD,Person,317,Noemi O'Brien,1,0,0,0,Checking,872505471,100
JPMorgan Chase,132877E90,134A10A60,United States,USD,Person,317,Noemi O'Brien,1,1,0,0,Checking,2751553664,100
Tate Bank,6984078D0,698407C60,United States,USD,Person,317,Noemi O'Brien,0,0,0,0,Savings,872505473,50
Charles Schwab,1328D16B0,136E52250,United States,USD,Person,317,Noemi O'Brien,0,0,0,0,Mutual Fund / ETF,2885771394,0
Charles Schwab,1328D16B0,136E52250,United States,USD,Person,317,Noemi O'Brien,0,0,0,0,Mutual Fund / ETF,2885771395,0
Charles Schwab,1328D16B0,136E52250,United States,USD,Person,317,Noemi O'Brien,0,0,0,0,Mutual Fund / ETF,2885771396,0
Charles Schwab,1328D16B0,136E52250,United States,USD,Person,317,Noemi O'Brien,0,0,0,0,Mutual Fund / ETF,2885771397,0
Lester Investments,69B975EA0,69B976230,United States,USD,Person,317,Noemi O'Brien,0,0,0,0,Mutual Fund / ETF,2818662534,0
Charles Schwab,1328D16B0,136E52250,United States,USD,Person,317,Noemi O'Brien,0,0,0,0,Mutual Fund / ETF,2885771399,0
Tate Bank,6984078D0,698407C60,United States,USD,Person,317,Noemi O'Brien,0,0,0,0,Money Market,872505480,0
JPMorgan Chase,132877E90,134A10A60,United States,USD,Person,317,Noemi O'Brien,0,0,0,0,Money Market,2751553673,50
Charles Schwab,1328D16B0,136E52250,United States,USD,Person,317,Noemi O'Brien,0,0,0,0,Mutual Fund / ETF,2885771402,0
Charles Schwab,1328D16B0,136E52250,United States,USD,Person,317,Noemi O'Brien,0,0,0,0,Money Market,2885771403,0
Cash,3CEC88A0,3CEC8BC0,United States,USD,Person,318,Braylen Clarke Jr,0,0,0,0,Cash,0,0
Cedric's Savings Bank,698ED1070,698ED1400,United States,USD,Person,318,Braylen Clarke Jr,1,0,0,0,Checking,469852360,0
Alexandra's Savings Bank,699ED2920,699ED2CB0,United States,USD,Person,318,Braylen Clarke Jr,0,0,0,0,Savings,1208049865,0
Andrade Investments,69B8033C0,69B803750,United States,USD,Person,318,Braylen Clarke Jr,0,0,0,0,Money Market,4026622154,50
Andrade Investments,69B8033C0,69B803750,United States,USD,Person,318,Braylen Clarke Jr,0,0,0,0,Mutual Fund / ETF,4026622155,0
Alexandra's Savings Bank,699ED2920,699ED2CB0,United States,USD,Person,318,Braylen Clarke Jr,0,0,0,0,Money Market,1208049868,10
Cash,3CEC88A0,3CEC8BC0,United States,USD,Person,319,Amada Lynn,0,0,0,0,Cash,0,0
Shepherd Savings Bank,697E48580,697E48910,United States,USD,Person,319,Amada Lynn,1,0,0,0,Checking,1610703118,25
Harris Federal Credit Union,6978F6510,6978F68A0,United States,USD,Person,319,Amada Lynn,0,0,0,0,Checking,1140941071,0
Shepherd Savings Bank,697E48580,697E48910,United States,USD,Person,319,Amada Lynn,0,0,0,0,Savings,1610703120,25
M&T Bank Corp.,13287A590,134C71FE0,United States,USD,Person,319,Amada Lynn,0,0,0,0,Money Market,1677811985,0
Raymond James Financial,1328D33F0,136E5F370,United States,USD,Person,319,Amada Lynn,0,0,0,0,Mutual Fund / ETF,4227948818,0
Harris Federal Credit Union,6978F6510,6978F68A0,United States,USD,Person,319,Amada Lynn,0,0,0,0,Money Market,1140941075,25
Cash,3CEC88A0,3CEC8BC0,United States,USD,Person,320,Memphis Fox,0,0,0,0,Cash,0,0
Morgan Bank,698793490,698793820,United States,USD,Person,320,Memphis Fox,0,0,0,0,Checking,604070170,10
U.S. Bancorp,132878ED0,134B7E360,United States,USD,Person,320,Memphis Fox,0,0,0,0,Money Market,3019989275,25
Coinbase,1328D5E30,136E636A0,United States,USD,Person,320,Memphis Fox,0,0,0,0,Crypto Currency,2348900636,0
Wellington Management,1328D4DF0,136E633A0,United States,USD,Person,320,Memphis Fox,0,0,0,0,Mutual Fund / ETF,2080465181,0
Coinbase,1328D5E30,136E636A0,United States,USD,Person,320,Memphis Fox,0,0,0,0,Money Market,2348900638,25
MetLife,132873040,1348BB910,United States,USD,Person,320,Memphis Fox,0,0,0,0,Life Insurance,268525855,0
Cash,3CEC88A0,3CEC8BC0,United States,USD,Person,321,Caiden Vazquez,0,0,0,0,Cash,0,0
Julissa's El Paso Bank,698637A50,698637DE0,United States,USD,Person,321,Caiden Vazquez,1,0,0,0,Checking,2483118387,10
Crane Investments,69B905210,69B9055A0,United States,USD,Person,321,Caiden Vazquez,0,0,0,0,Mutual Fund / ETF,2214682932,0
Harmon Bank,698BE64F0,698BE6880,United States,USD,Person,321,Caiden Vazquez,0,0,0,0,Money Market,1006723381,100
Cash,3CEC88A0,3CEC8BC0,United States,USD,Person,322,Camryn Mullen,0,0,0,0,Cash,0,0
United Savings Bank,698F446B0,698F44A40,United States,USD,Person,322,Camryn Mullen,1,208,0,0,Checking,2885771604,0
Capital One Financial,132878B90,134B4AFB0,United States,USD,Person,322,Camryn Mullen,0,0,0,0,Savings,3825295701,50
Merrill Lynch,1328D23B0,136E5DBB0,United States,USD,Person,322,Camryn Mullen,0,0,0,0,Mutual Fund / ETF,3959513430,0
Merrill Lynch,1328D23B0,136E5DBB0,United States,USD,Person,322,Camryn Mullen,0,0,0,0,Mutual Fund / ETF,3959513431,0
Merrill Lynch,1328D23B0,136E5DBB0,United States,USD,Person,322,Camryn Mullen,0,0,0,0,Stock,3959513432,0
Merrill Lynch,1328D23B0,136E5DBB0,United States,USD,Person,322,Camryn Mullen,0,0,0,0,Stock,3959513433,0
Merrill Lynch,1328D23B0,136E5DBB0,United States,USD,Person,322,Camryn Mullen,0,0,0,0,Stock,3959513434,0
Merrill Lynch,1328D23B0,136E5DBB0,United States,USD,Person,322,Camryn Mullen,0,0,0,0,Stock,3959513435,0
Merrill Lynch,1328D23B0,136E5DBB0,United States,USD,Person,322,Camryn Mullen,0,0,0,0,Stock,3959513436,0
Merrill Lynch,1328D23B0,136E5DBB0,United States,USD,Person,322,Camryn Mullen,0,0,0,0,Stock,3959513437,0
Merrill Lynch,1328D23B0,136E5DBB0,United States,USD,Person,322,Camryn Mullen,0,0,0,0,Stock,3959513438,0
Merrill Lynch,1328D23B0,136E5DBB0,United States,USD,Person,322,Camryn Mullen,0,0,0,0,Stock,3959513439,0
Merrill Lynch,1328D23B0,136E5DBB0,United States,USD,Person,322,Camryn Mullen,0,0,0,0,Mutual Fund / ETF,3959513440,0
United Savings Bank,698F446B0,698F44A40,United States,USD,Person,322,Camryn Mullen,0,0,0,0,Money Market,2885771617,10
Cash,3CEC88A0,3CEC8BC0,United States,USD,Person,323,Alijah Jacobs,0,0,0,0,Cash,0,0
Shiloh's Fort Dodge Savings Bank,698A23E70,698A24200,United States,USD,Person,323,Alijah Jacobs,1,0,0,0,Checking,2617336199,50
Crypto.com,1328D6B30,136E63920,United States,USD,Person,323,Alijah Jacobs,0,0,0,0,Crypto Currency,3422642568,0
Black Rock,1328D3A70,1337CF670,United States,USD,Person,323,Alijah Jacobs,0,0,0,0,Mutual Fund / ETF,2617336201,0
Capital One Financial,132878B90,134B1C2B0,United States,USD,Person,323,Alijah Jacobs,0,0,0,0,Money Market,3825295754,25
Hartford Financial Services,1328743C0,1332D8A70,United States,USD,Person,323,Alijah Jacobs,0,0,0,0,Life Insurance,4026622347,0
Cash,3CEC88A0,3CEC8BC0,United States,USD,Person,324,Jameson Burnett,0,0,0,0,Cash,0,0
Citizens Bank,13287A8D0,134C81320,United States,USD,Person,324,Jameson Burnett,1,0,0,0,Checking,872505741,50
Fifth Third Bancorp,13287B290,134C9DBB0,United States,USD,Person,324,Jameson Burnett,0,0,0,0,Savings,2751553934,25
Citizens Bank,13287A8D0,134C81320,United States,USD,Person,324,Jameson Burnett,0,0,0,0,Money Market,872505743,10
T. Rowe Price,1328D5470,136E634C0,United States,USD,Person,324,Jameson Burnett,0,0,0,0,Mutual Fund / ETF,469852560,0
T. Rowe Price,1328D5470,136E634C0,United States,USD,Person,324,Jameson Burnett,0,0,0,0,Mutual Fund / ETF,469852561,0
T. Rowe Price,1328D5470,136E634C0,United States,USD,Person,324,Jameson Burnett,0,0,0,0,Mutual Fund / ETF,469852562,0
T. Rowe Price,1328D5470,136E634C0,United States,USD,Person,324,Jameson Burnett,0,0,0,0,Mutual Fund / ETF,469852563,0
T. Rowe Price,1328D5470,136E634C0,United States,USD,Person,324,Jameson Burnett,0,0,0,0,Mutual Fund / ETF,469852564,0
T. Rowe Price,1328D5470,136E634C0,United States,USD,Person,324,Jameson Burnett,0,0,0,0,Mutual Fund / ETF,469852565,0
T. Rowe Price,1328D5470,136E634C0,United States,USD,Person,324,Jameson Burnett,0,0,0,0,Mutual Fund / ETF,469852566,0
T. Rowe Price,1328D5470,136E634C0,United States,USD,Person,324,Jameson Burnett,0,0,0,0,Money Market,469852567,0
Patton Life Insurance,69BE56EB0,69BE57240,United States,USD,Person,324,Jameson Burnett,0,0,0,0,Life Insurance,2885771672,0
Cash,3CEC88A0,3CEC8BC0,United States,USD,Person,325,Junior Chandler,0,0,0,0,Cash,0,0
Finnegan's Savings Bank,698CF8050,698CF83E0,United States,USD,Person,325,Junior Chandler,1,0,0,0,Checking,335634897,10
Finnegan's Savings Bank,698CF8050,698CF83E0,United States,USD,Person,325,Junior Chandler,0,0,0,0,Savings,335634898,0
Finnegan's Savings Bank,698CF8050,698CF83E0,United States,USD,Person,325,Junior Chandler,0,0,0,0,Money Market,335634899,50
OKEx.com,1328D64B0,136E637E0,United States,USD,Person,325,Junior Chandler,0,0,0,0,Crypto Currency,738288084,0
Legg Mason,1328D57B0,136E63560,United States,USD,Person,325,Junior Chandler,0,0,0,0,Mutual Fund / ETF,3959513557,0
Merrill Lynch,1328D23B0,136E5B610,United States,USD,Person,325,Junior Chandler,0,0,0,0,Mutual Fund / ETF,3959513558,0
Merrill Lynch,1328D23B0,136E5B610,United States,USD,Person,325,Junior Chandler,0,0,0,0,Mutual Fund / ETF,3959513559,0
Legg Mason,1328D57B0,136E63560,United States,USD,Person,325,Junior Chandler,0,0,0,0,Money Market,3959513560,0
Merrill Lynch,1328D23B0,136E5B610,United States,USD,Person,325,Junior Chandler,0,0,0,0,Mutual Fund / ETF,3959513561,0
Merrill Lynch,1328D23B0,136E5B610,United States,USD,Person,325,Junior Chandler,0,0,0,0,Money Market,3959513562,0
Cash,3CEC88A0,3CEC8BC0,United States,USD,Person,326,Samira McCoy,0,0,0,0,Cash,0,0
Peck Federal Credit Union,698713440,6987137D0,United States,USD,Person,326,Samira McCoy,1,0,0,0,Checking,268526061,0
State Street Bank,13287AC10,134C9D7B0,United States,USD,Person,326,Samira McCoy,0,0,0,0,Savings,67199470,25
Morgan Stanley,1328D2070,136E57910,United States,USD,Person,326,Samira McCoy,0,0,0,0,Mutual Fund / ETF,469852655,0
Peck Federal Credit Union,698713440,6987137D0,United States,USD,Person,326,Samira McCoy,0,0,0,0,Money Market,268526064,0
Massachusetts Mutual,132873D40,132F17C20,United States,USD,Person,326,Samira McCoy,0,0,0,0,Life Insurance,1342267889,0
Cash,3CEC88A0,3CEC8BC0,United States,USD,Person,327,Piper Thomas,0,0,0,0,Cash,0,0
Wesley's Germantown Federal Credit Union,6975EBB60,6975EBEF0,United States,USD,Person,327,Piper Thomas,1,0,0,0,Checking,3623969295,10
O'Neill Investing,69B8C2170,69B8C2500,United States,USD,Person,327,Piper Thomas,0,0,0,0,Mutual Fund / ETF,1543594512,0
Jefferson's Partners,69B7E4510,69B7E48A0,United States,USD,Person,327,Piper Thomas,0,0,0,0,Money Market,1140941329,0
Jefferson's Partners,69B7E4510,69B7E48A0,United States,USD,Person,327,Piper Thomas,0,0,0,0,Mutual Fund / ETF,1140941330,0
O'Neill Investing,69B8C2170,69B8C2500,United States,USD,Person,327,Piper Thomas,0,0,0,0,Mutual Fund / ETF,1543594515,0
Wesley's Germantown Federal Credit Union,6975EBB60,6975EBEF0,United States,USD,Person,327,Piper Thomas,0,0,0,0,Money Market,3623969300,50
Cash,3CEC88A0,3CEC8BC0,United States,USD,Person,328,Samantha Keith,0,0,0,0,Cash,0,0
PNC Financial Services,132879210,134B9D730,United States,USD,Person,328,Samantha Keith,1,0,0,0,Checking,2214683163,0
Charles Schwab,1328D16B0,136E50FF0,United States,USD,Person,328,Samantha Keith,0,0,0,0,Money Market,2885771804,100
Cash,3CEC88A0,3CEC8BC0,United States,USD,Person,329,Moises Day,0,0,0,0,Cash,0,0
BB&T Corp.,132879890,134BDA2A0,United States,USD,Person,329,Moises Day,1,0,0,0,Checking,604070464,0
Wells Fargo,132878510,134A81830,United States,USD,Person,329,Moises Day,0,0,0,0,Savings,1140941377,0
Andrews Bank,6979EB440,6979EB7D0,United States,USD,Person,329,Moises Day,0,0,0,0,Savings,268526146,50
BB&T Corp.,132879890,134BDA2A0,United States,USD,Person,329,Moises Day,0,0,0,0,CD,604070467,0
Crane Investments,69B905210,69B9055A0,United States,USD,Person,329,Moises Day,0,0,0,0,Mutual Fund / ETF,2214683204,0
Crane Investments,69B905210,69B9055A0,United States,USD,Person,329,Moises Day,0,0,0,0,Mutual Fund / ETF,2214683205,0
Crane Investments,69B905210,69B9055A0,United States,USD,Person,329,Moises Day,0,0,0,0,Mutual Fund / ETF,2214683206,0
Crane Investments,69B905210,69B9055A0,United States,USD,Person,329,Moises Day,0,0,0,0,Mutual Fund / ETF,2214683207,0
Wells Fargo,132878510,134A81830,United States,USD,Person,329,Moises Day,0,0,0,0,Money Market,1140941384,0
Durham Brokerage,69B8B4890,69B8B4C20,United States,USD,Person,329,Moises Day,0,0,0,0,Mutual Fund / ETF,604070473,0
Crane Investments,69B905210,69B9055A0,United States,USD,Person,329,Moises Day,0,0,0,0,Mutual Fund / ETF,2214683210,0
BB&T Corp.,132879890,134BDA2A0,United States,USD,Person,329,Moises Day,0,0,0,0,Money Market,604070475,0
Cash,3CEC88A0,3CEC8BC0,United States,USD,Person,330,Savanna P. Trevino,0,0,0,0,Cash,0,0
Fifth Third Bancorp,13287B290,134CB6570,United States,USD,Person,330,Savanna P. Trevino,1,0,0,0,Checking,2751554173,10
Fifth Third Bancorp,13287B290,134CB6570,United States,USD,Person,330,Savanna P. Trevino,0,0,0,0,Money Market,2751554174,50
Merrill Lynch,1328D23B0,136E5B610,United States,USD,Person,330,Savanna P. Trevino,0,0,0,0,Mutual Fund / ETF,3959513727,0
Merrill Lynch,1328D23B0,136E5B610,United States,USD,Person,330,Savanna P. Trevino,0,0,0,0,Mutual Fund / ETF,3959513728,0
Merrill Lynch,1328D23B0,136E5B610,United States,USD,Person,330,Savanna P. Trevino,0,0,0,0,Money Market,3959513729,0
Raymond James Financial,1328D33F0,136E5F370,United States,USD,Person,330,Savanna P. Trevino,0,0,0,0,Mutual Fund / ETF,4227949186,0
Raymond James Financial,1328D33F0,136E5F370,United States,USD,Person,330,Savanna P. Trevino,0,0,0,0,Money Market,4227949187,0
Cash,3CEC88A0,3CEC8BC0,United States,USD,Person,331,Romina Meyer,0,0,0,0,Cash,0,0
Crosby's Thrift,69ACADD50,69ACAE0E0,United States,USD,Person,331,Romina Meyer,1,0,0,0,Checking,1409376914,50
Bank of New York Mellon,132879550,134BC82D0,United States,USD,Person,331,Romina Meyer,0,0,0,0,Savings,1409376915,10
Crosby's Thrift,69ACADD50,69ACAE0E0,United States,USD,Person,331,Romina Meyer,0,0,0,0,Savings,1409376916,50
Crosby's Thrift,69ACADD50,69ACAE0E0,United States,USD,Person,331,Romina Meyer,0,0,0,0,Money Market,1409376917,0
Raymond James Financial,1328D33F0,136E5F370,United States,USD,Person,331,Romina Meyer,0,0,0,0,Mutual Fund / ETF,4227949206,0
Vanguard Investments,1328D3DB0,1337CF6F0,United States,USD,Person,331,Romina Meyer,0,0,0,0,Mutual Fund / ETF,1812030103,0
Raymond James Financial,1328D33F0,136E5F370,United States,USD,Person,331,Romina Meyer,0,0,0,0,Mutual Fund / ETF,4227949208,0
Raymond James Financial,1328D33F0,136E5F370,United States,USD,Person,331,Romina Meyer,0,0,0,0,Mutual Fund / ETF,4227949209,0
Raymond James Financial,1328D33F0,136E5F370,United States,USD,Person,331,Romina Meyer,0,0,0,0,Stock,4227949210,0
Raymond James Financial,1328D33F0,136E5F370,United States,USD,Person,331,Romina Meyer,0,0,0,0,Stock,4227949211,0
Franklin Resources,1328D5130,136E63420,United States,USD,Person,331,Romina Meyer,0,0,0,0,Stock,1275159196,0
Raymond James Financial,1328D33F0,136E5F370,United States,USD,Person,331,Romina Meyer,0,0,0,0,Stock,4227949213,0
Black Rock,1328D3A70,1337CF670,United States,USD,Person,331,Romina Meyer,0,0,0,0,Stock,2617336478,0
Edward Jones,1328D1D30,136E53C50,United States,USD,Person,331,Romina Meyer,0,0,0,0,Mutual Fund / ETF,1275159199,0
Raymond James Financial,1328D33F0,136E5F370,United States,USD,Person,331,Romina Meyer,0,0,0,0,Mutual Fund / ETF,4227949216,0
Raymond James Financial,1328D33F0,136E5F370,United States,USD,Person,331,Romina Meyer,0,0,0,0,Mutual Fund / ETF,4227949217,0
Franklin Resources,1328D5130,136E63420,United States,USD,Person,331,Romina Meyer,0,0,0,0,Mutual Fund / ETF,1275159202,0
Raymond James Financial,1328D33F0,136E5F370,United States,USD,Person,331,Romina Meyer,0,0,0,0,Mutual Fund / ETF,4227949219,0
Raymond James Financial,1328D33F0,136E5F370,United States,USD,Person,331,Romina Meyer,0,0,0,0,Money Market,4227949220,25
Ameriprise Financial,1328D26F0,136E5F170,United States,USD,Person,331,Romina Meyer,0,0,0,0,Mutual Fund / ETF,3154207397,0
Bank of New York Mellon,132879550,134BC82D0,United States,USD,Person,331,Romina Meyer,0,0,0,0,Money Market,1409376934,100
Cash,3CEC88A0,3CEC8BC0,United States,USD,Person,332,Izan Castillo,0,0,0,0,Cash,0,0
McGuire Federal Credit Union,69710C060,69710C3F0,United States,USD,Person,332,Izan Castillo,1,2,0,0,Checking,402744028,0
Edward Jones,1328D1D30,136E53C50,United States,USD,Person,332,Izan Castillo,0,0,0,0,Mutual Fund / ETF,1275159261,0
State Street Bank,13287AC10,134C9D7B0,United States,USD,Person,332,Izan Castillo,0,0,0,0,Money Market,67199710,25
Edward Jones,1328D1D30,136E53C50,United States,USD,Person,332,Izan Castillo,0,0,0,0,Mutual Fund / ETF,1275159263,0
McGuire Federal Credit Union,69710C060,69710C3F0,United States,USD,Person,332,Izan Castillo,0,0,0,0,Money Market,402744032,10
Cash,3CEC88A0,3CEC8BC0,United States,USD,Person,333,Malakai Bernard,0,0,0,0,Cash,0,0
Sterling's Savings Bank,6976373C0,697637750,United States,USD,Person,333,Malakai Bernard,1,0,0,0,Checking,4026622736,0
Yates Mentone Savings Bank,69B284BC0,69B284F50,United States,USD,Person,333,Malakai Bernard,0,0,0,0,Savings,4026622737,25
Sterling's Savings Bank,6976373C0,697637750,United States,USD,Person,333,Malakai Bernard,0,0,0,0,Money Market,4026622738,0
CNO Financial Group,1328D3730,1337CF5F0,United States,USD,Person,333,Malakai Bernard,0,0,0,0,Mutual Fund / ETF,3422642963,0
CNO Financial Group,1328D3730,1337CF5F0,United States,USD,Person,333,Malakai Bernard,0,0,0,0,Mutual Fund / ETF,3422642964,0
CNO Financial Group,1328D3730,1337CF5F0,United States,USD,Person,333,Malakai Bernard,0,0,0,0,Money Market,3422642965,10
Lincoln National,132874710,134009B40,United States,USD,Person,333,Malakai Bernard,0,0,0,0,Life Insurance,3288425238,0
Cash,3CEC88A0,3CEC8BC0,United States,USD,Person,334,Kalani Palmer,0,0,0,0,Cash,0,0
Douglas Bank,699FF09C0,699FF0D50,United States,USD,Person,334,Kalani Palmer,1,120,0,0,Checking,1879139144,25
Blankenship Brokers,69B791540,69B7918D0,United States,USD,Person,334,Kalani Palmer,0,0,0,0,Mutual Fund / ETF,1342268233,0
Edward Jones,1328D1D30,136E53C50,United States,USD,Person,334,Kalani Palmer,0,0,0,0,Money Market,1275159370,0
Cash,3CEC88A0,3CEC8BC0,United States,USD,Person,335,Jagger Russo,0,0,0,0,Cash,0,0
SunTrust Banks,132879BD0,134C12020,United States,USD,Person,335,Jagger Russo,1,2,0,0,Checking,4093731673,10
Canaan's Savings Bank,699638070,699638400,United States,USD,Person,335,Jagger Russo,0,0,0,0,Savings,469853018,100
SunTrust Banks,132879BD0,134C12020,United States,USD,Person,335,Jagger Russo,0,0,0,0,Savings,4093731675,50
Raymond James Financial,1328D33F0,136E5F370,United States,USD,Person,335,Jagger Russo,0,0,0,0,Mutual Fund / ETF,4227949404,0
Scarlet's Indianapolis Brokerage,69B8A14A0,69B8A1830,United States,USD,Person,335,Jagger Russo,0,0,0,0,Mutual Fund / ETF,671179613,0
Raymond James Financial,1328D33F0,136E5F370,United States,USD,Person,335,Jagger Russo,0,0,0,0,Mutual Fund / ETF,4227949406,0
Raymond James Financial,1328D33F0,136E5F370,United States,USD,Person,335,Jagger Russo,0,0,0,0,Mutual Fund / ETF,4227949407,0
Scarlet's Indianapolis Brokerage,69B8A14A0,69B8A1830,United States,USD,Person,335,Jagger Russo,0,0,0,0,Mutual Fund / ETF,671179616,0
Raymond James Financial,1328D33F0,136E5F370,United States,USD,Person,335,Jagger Russo,0,0,0,0,Mutual Fund / ETF,4227949409,0
Myers Partners,9B168D930,9B168DCC0,South Korea,USD,Person,335,Jagger Russo,0,0,0,0,Mutual Fund / ETF,1275159394,0
Cline Securities Company,9BFCF4810,9BFCF4BA0,Russia,USD,Person,335,Jagger Russo,0,0,0,0,Mutual Fund / ETF,67199843,0
Raymond James Financial,1328D33F0,136E5F370,United States,USD,Person,335,Jagger Russo,0,0,0,0,Mutual Fund / ETF,4227949412,0
Scarlet's Indianapolis Brokerage,69B8A14A0,69B8A1830,United States,USD,Person,335,Jagger Russo,0,0,0,0,Mutual Fund / ETF,671179621,0
Raymond James Financial,1328D33F0,136E5F370,United States,USD,Person,335,Jagger Russo,0,0,0,0,Mutual Fund / ETF,4227949414,0
Scarlet's Indianapolis Brokerage,69B8A14A0,69B8A1830,United States,USD,Person,335,Jagger Russo,0,0,0,0,Mutual Fund / ETF,671179623,0
Canaan's Savings Bank,699638070,699638400,United States,USD,Person,335,Jagger Russo,0,0,0,0,Money Market,469853032,25
Londyn's Investing,69B7AEA40,69B7AEDD0,United States,USD,Person,335,Jagger Russo,0,0,0,0,Mutual Fund / ETF,2416010089,0
Interactive Brokers,1328D2D70,136E5F270,United States,USD,Person,335,Jagger Russo,0,0,0,0,Money Market,1543594858,100
Cash,3CEC88A0,3CEC8BC0,United States,USD,Person,336,Hailee Fernandez,0,0,0,0,Cash,0,0
PNC Financial Services,132879210,134B8D5F0,United States,USD,Person,336,Hailee Fernandez,1,0,0,0,Checking,2214683520,0
Bank of New York Mellon,132879550,134BC82D0,United States,USD,Person,336,Hailee Fernandez,0,0,0,0,Savings,1409377153,0
PNC Financial Services,132879210,134B8D5F0,United States,USD,Person,336,Hailee Fernandez,0,0,0,0,Money Market,2214683522,100
Raegan's Stocks and Investing,69B7E5200,69B7E5590,United States,USD,Person,336,Hailee Fernandez,0,0,0,0,Mutual Fund / ETF,2147574659,0
Raegan's Stocks and Investing,69B7E5200,69B7E5590,United States,USD,Person,336,Hailee Fernandez,0,0,0,0,Mutual Fund / ETF,2147574660,0
Raegan's Stocks and Investing,69B7E5200,69B7E5590,United States,USD,Person,336,Hailee Fernandez,0,0,0,0,Mutual Fund / ETF,2147574661,0
Raegan's Stocks and Investing,69B7E5200,69B7E5590,United States,USD,Person,336,Hailee Fernandez,0,0,0,0,Money Market,2147574662,50
Raegan's Stocks and Investing,69B7E5200,69B7E5590,United States,USD,Person,336,Hailee Fernandez,0,0,0,0,Mutual Fund / ETF,2147574663,0
Raegan's Stocks and Investing,69B7E5200,69B7E5590,United States,USD,Person,336,Hailee Fernandez,0,0,0,0,Money Market,2147574664,50
Cash,3CEC88A0,3CEC8BC0,United States,USD,Person,337,Nina House,0,0,0,0,Cash,0,0
Campbell Federal Credit Union,69A4CA800,69A4CAB90,United States,USD,Person,337,Nina House,1,0,0,0,Checking,91020,50
Campbell Federal Credit Union,69A4CA800,69A4CAB90,United States,USD,Person,337,Nina House,1,3,0,0,Checking,91021,25
Campbell Federal Credit Union,69A4CA800,69A4CAB90,United States,USD,Person,337,Nina House,0,0,0,0,Money Market,91022,0
Vanguard Investments,1328D3DB0,1337CF6F0,United States,USD,Person,337,Nina House,0,0,0,0,Mutual Fund / ETF,1812030351,0
Vanguard Investments,1328D3DB0,1337CF6F0,United States,USD,Person,337,Nina House,0,0,0,0,Mutual Fund / ETF,1812030352,0
Vanguard Investments,1328D3DB0,1337CF6F0,United States,USD,Person,337,Nina House,0,0,0,0,Mutual Fund / ETF,1812030353,0
Vanguard Investments,1328D3DB0,1337CF6F0,United States,USD,Person,337,Nina House,0,0,0,0,Mutual Fund / ETF,1812030354,0
Fidelity Investments,1328D40F0,136E631A0,United States,USD,Person,337,Nina House,0,0,0,0,Mutual Fund / ETF,1006723987,0
Vanguard Investments,1328D3DB0,1337CF6F0,United States,USD,Person,337,Nina House,0,0,0,0,Mutual Fund / ETF,1812030356,0
Vanguard Investments,1328D3DB0,1337CF6F0,United States,USD,Person,337,Nina House,0,0,0,0,Mutual Fund / ETF,1812030357,0
Wellington Management,1328D4DF0,136E633A0,United States,USD,Person,337,Nina House,0,0,0,0,Mutual Fund / ETF,2080465814,0
Vanguard Investments,1328D3DB0,1337CF6F0,United States,USD,Person,337,Nina House,0,0,0,0,Mutual Fund / ETF,1812030359,0
Vanguard Investments,1328D3DB0,1337CF6F0,United States,USD,Person,337,Nina House,0,0,0,0,Mutual Fund / ETF,1812030360,0
Wellington Management,1328D4DF0,136E633A0,United States,USD,Person,337,Nina House,0,0,0,0,Mutual Fund / ETF,2080465817,0
Fidelity Investments,1328D40F0,136E631A0,United States,USD,Person,337,Nina House,0,0,0,0,Mutual Fund / ETF,1006723994,0
Vanguard Investments,1328D3DB0,1337CF6F0,United States,USD,Person,337,Nina House,0,0,0,0,Money Market,1812030363,10
Vanguard Investments,1328D3DB0,1337CF6F0,United States,USD,Person,337,Nina House,0,0,0,0,Mutual Fund / ETF,1812030364,0
Vanguard Investments,1328D3DB0,1337CF6F0,United States,USD,Person,337,Nina House,0,0,0,0,Mutual Fund / ETF,1812030365,0
CNO Financial Group,1328D3730,1337CF5F0,United States,USD,Person,337,Nina House,0,0,0,0,Mutual Fund / ETF,3422643102,0
CNO Financial Group,1328D3730,1337CF5F0,United States,USD,Person,337,Nina House,0,0,0,0,Money Market,3422643103,10
Cash,3CEC88A0,3CEC8BC0,United States,USD,Person,338,Cristian Nicholson,0,0,0,0,Cash,0,0
Fifth Third Bancorp,13287B290,134C9DBB0,United States,USD,Person,338,Cristian Nicholson,1,1,0,0,Checking,2751554473,0
Braydon's Harrod Federal Credit Union,696E13E50,696E141E0,United States,USD,Person,338,Cristian Nicholson,0,0,0,0,Savings,2483119018,0
Braydon's Harrod Federal Credit Union,696E13E50,696E141E0,United States,USD,Person,338,Cristian Nicholson,0,0,0,0,Savings,2483119019,10
Elyse's Stocks and Investing,69B8240A0,69B824430,United States,USD,Person,338,Cristian Nicholson,0,0,0,0,Mutual Fund / ETF,671179692,0
Braydon's Harrod Federal Credit Union,696E13E50,696E141E0,United States,USD,Person,338,Cristian Nicholson,0,0,0,0,Money Market,2483119021,10
Elyse's Stocks and Investing,69B8240A0,69B824430,United States,USD,Person,338,Cristian Nicholson,0,0,0,0,Mutual Fund / ETF,671179694,0
Elyse's Stocks and Investing,69B8240A0,69B824430,United States,USD,Person,338,Cristian Nicholson,0,0,0,0,Money Market,671179695,0
Cash,3CEC88A0,3CEC8BC0,United States,USD,Person,339,Princeton Leal,0,0,0,0,Cash,0,0
United Thrift,699D6A790,699D6AB20,United States,USD,Person,339,Princeton Leal,1,208,0,0,Checking,3825296340,100
Farley Savings Bank,6975042C0,697504650,United States,USD,Person,339,Princeton Leal,0,0,0,0,Savings,2952881109,50
Lyanna's Investing,69B91F6C0,69B91FA50,United States,USD,Person,339,Princeton Leal,0,0,0,0,Stock,2952881110,0
Ledger's Boca Raton Stocks and Investing,69B7AAD40,69B7AB0D0,United States,USD,Person,339,Princeton Leal,0,0,0,0,Stock,1342268375,0
Lyanna's Investing,69B91F6C0,69B91FA50,United States,USD,Person,339,Princeton Leal,0,0,0,0,Stock,2952881112,0
Vanguard Investments,1328D3DB0,1337CF6F0,United States,USD,Person,339,Princeton Leal,0,0,0,0,Stock,1812030425,0
Vanguard Investments,1328D3DB0,1337CF6F0,United States,USD,Person,339,Princeton Leal,0,0,0,0,Mutual Fund / ETF,1812030426,0
United Thrift,699D6A790,699D6AB20,United States,USD,Person,339,Princeton Leal,0,0,0,0,Money Market,3825296347,0
Ledger's Boca Raton Stocks and Investing,69B7AAD40,69B7AB0D0,United States,USD,Person,339,Princeton Leal,0,0,0,0,Mutual Fund / ETF,1342268380,0
Ledger's Boca Raton Stocks and Investing,69B7AAD40,69B7AB0D0,United States,USD,Person,339,Princeton Leal,0,0,0,0,Money Market,1342268381,50
Cash,3CEC88A0,3CEC8BC0,United States,USD,Person,340,Miles Richter,0,0,0,0,Cash,0,0
SunTrust Banks,132879BD0,134C2B5B0,United States,USD,Person,340,Miles Richter,1,207,0,0,Checking,4093731839,0
Rose Savings Bank,6984E7E70,6984E8200,United States,USD,Person,340,Miles Richter,0,0,0,0,Savings,2617336832,25
SunTrust Banks,132879BD0,134C2B5B0,United States,USD,Person,340,Miles Richter,0,0,0,0,Money Market,4093731841,25
Franklin Resources,1328D5130,136E63420,United States,USD,Person,340,Miles Richter,0,0,0,0,Mutual Fund / ETF,1275159554,0
Franklin Resources,1328D5130,136E63420,United States,USD,Person,340,Miles Richter,0,0,0,0,Mutual Fund / ETF,1275159555,0
Vanguard Investments,1328D3DB0,1337CF6F0,United States,USD,Person,340,Miles Richter,0,0,0,0,Money Market,1812030468,50
Cash,3CEC88A0,3CEC8BC0,United States,USD,Person,341,Omar Austin,0,0,0,0,Cash,0,0
Key Bank,132879F10,134C391A0,United States,USD,Person,341,Omar Austin,1,0,0,0,Checking,3288425511,100
Lang Bank,69B16FBC0,69B16FF50,United States,USD,Person,341,Omar Austin,0,0,0,0,Savings,4026623016,0
Veda's Securities Company,69B75DCB0,69B75E040,United States,USD,Person,341,Omar Austin,0,0,0,0,Mutual Fund / ETF,738288681,0
Key Bank,132879F10,134C391A0,United States,USD,Person,341,Omar Austin,0,0,0,0,Money Market,3288425514,25
Veda's Securities Company,69B75DCB0,69B75E040,United States,USD,Person,341,Omar Austin,0,0,0,0,Mutual Fund / ETF,738288683,0
Veda's Securities Company,69B75DCB0,69B75E040,United States,USD,Person,341,Omar Austin,0,0,0,0,Money Market,738288684,50
Cash,3CEC88A0,3CEC8BC0,United States,USD,Person,342,Tate Haynes,0,0,0,0,Cash,0,0
Browning Federal Credit Union,698ED7490,698ED7820,United States,USD,Person,342,Tate Haynes,1,0,0,0,Checking,604070999,50
Key Bank,132879F10,134C391A0,United States,USD,Person,342,Tate Haynes,0,0,0,0,Savings,3288425560,10
Adelina's Partners,69B94AC50,69B94AFE0,United States,USD,Person,342,Tate Haynes,0,0,0,0,Mutual Fund / ETF,335635545,0
Adelina's Partners,69B94AC50,69B94AFE0,United States,USD,Person,342,Tate Haynes,0,0,0,0,Mutual Fund / ETF,335635546,0
Adelina's Partners,69B94AC50,69B94AFE0,United States,USD,Person,342,Tate Haynes,0,0,0,0,Mutual Fund / ETF,335635547,0
Adelina's Partners,69B94AC50,69B94AFE0,United States,USD,Person,342,Tate Haynes,0,0,0,0,Mutual Fund / ETF,335635548,0
Adelina's Partners,69B94AC50,69B94AFE0,United States,USD,Person,342,Tate Haynes,0,0,0,0,Mutual Fund / ETF,335635549,0
Browning Federal Credit Union,698ED7490,698ED7820,United States,USD,Person,342,Tate Haynes,0,0,0,0,Money Market,604071006,0
Cash,3CEC88A0,3CEC8BC0,United States,USD,Person,343,Emmie O. Benton,0,0,0,0,Cash,0,0
Citi,132878850,134AD4CB0,United States,USD,Person,343,Emmie O. Benton,1,0,0,0,Checking,335635580,50
Leon's Savings Bank,6984CBF80,6984CC310,United States,USD,Person,343,Emmie O. Benton,0,0,0,0,Savings,3758187645,10
Charles Schwab,1328D16B0,136E50180,United States,USD,Person,343,Emmie O. Benton,0,0,0,0,Mutual Fund / ETF,2885772414,0
Goldman Sachs,1328D19F0,133657BB0,United States,USD,Person,343,Emmie O. Benton,0,0,0,0,Mutual Fund / ETF,2080466047,0
Citi,132878850,134AD4CB0,United States,USD,Person,343,Emmie O. Benton,0,0,0,0,Money Market,335635584,50
Cash,3CEC88A0,3CEC8BC0,United States,USD,Person,344,Tomiko Ball,0,0,0,0,Cash,0,0
Izabella's Bank,6978A4B00,6978A4E90,United States,USD,Person,344,Tomiko Ball,1,0,0,0,Checking,3221316772,50
Izabella's Bank,6978A4B00,6978A4E90,United States,USD,Person,344,Tomiko Ball,0,0,0,0,Savings,3221316773,100
Izabella's Bank,6978A4B00,6978A4E90,United States,USD,Person,344,Tomiko Ball,0,0,0,0,Money Market,3221316774,10
Binance,1328D5AF0,136E63600,United States,USD,Person,344,Tomiko Ball,0,0,0,0,Crypto Currency,3154207911,0
Hamilton Brokerage House,69B9859B0,69B985D40,United States,USD,Person,344,Tomiko Ball,0,0,0,0,Mutual Fund / ETF,1812030632,0
Binance,1328D5AF0,136E63600,United States,USD,Person,344,Tomiko Ball,0,0,0,0,Money Market,3154207913,10
TIAA,1328736C0,134908330,United States,USD,Person,344,Tomiko Ball,0,0,0,0,Life Insurance,2952881322,0
Cash,3CEC88A0,3CEC8BC0,United States,USD,Person,345,Rayna Fisher,0,0,0,0,Cash,0,0
Ally Financial,13287AF50,133B57270,United States,USD,Person,345,Rayna Fisher,1,208,0,0,Checking,3556861113,50
Sage's Thrift,69A512A10,69A512DA0,United States,USD,Person,345,Rayna Fisher,0,0,0,0,Money Market,2214683834,25
Interactive Brokers,1328D2D70,136E5F270,United States,USD,Person,345,Rayna Fisher,0,0,0,0,Mutual Fund / ETF,1543595195,0
Interactive Brokers,1328D2D70,136E5F270,United States,USD,Person,345,Rayna Fisher,0,0,0,0,Money Market,1543595196,10
Cash,3CEC88A0,3CEC8BC0,United States,USD,Person,346,Samara Vargas,0,0,0,0,Cash,0,0
BB&T Corp.,132879890,134BDA2A0,United States,USD,Person,346,Samara Vargas,1,0,0,0,Checking,604071143,50
Holloway Federal Credit Union,6982496B0,698249A40,United States,USD,Person,346,Samara Vargas,0,0,0,0,Savings,2885772520,10
BB&T Corp.,132879890,134BDA2A0,United States,USD,Person,346,Samara Vargas,0,0,0,0,Savings,604071145,50
Holloway Federal Credit Union,6982496B0,698249A40,United States,USD,Person,346,Samara Vargas,0,0,0,0,Money Market,2885772522,25
Terrell Van Nuys Brokerage,69B911E00,69B912190,United States,USD,Person,346,Samara Vargas,0,0,0,0,Mutual Fund / ETF,2147575019,0
Ameriprise Financial,1328D26F0,136E5F170,United States,USD,Person,346,Samara Vargas,0,0,0,0,Mutual Fund / ETF,3154207980,0
Raymond James Financial,1328D33F0,136E617C0,United States,USD,Person,346,Samara Vargas,0,0,0,0,Money Market,4227949805,10
Terrell Van Nuys Brokerage,69B911E00,69B912190,United States,USD,Person,346,Samara Vargas,0,0,0,0,Money Market,2147575022,10
Ameriprise Financial,1328D26F0,136E5F170,United States,USD,Person,346,Samara Vargas,0,0,0,0,Mutual Fund / ETF,3154207983,0
Terrell Van Nuys Brokerage,69B911E00,69B912190,United States,USD,Person,346,Samara Vargas,0,0,0,0,Mutual Fund / ETF,2147575024,0
Charles Schwab,1328D16B0,136E52640,United States,USD,Person,346,Samara Vargas,0,0,0,0,Mutual Fund / ETF,2885772529,0
Terrell Van Nuys Brokerage,69B911E00,69B912190,United States,USD,Person,346,Samara Vargas,0,0,0,0,Mutual Fund / ETF,2147575026,0
Terrell Van Nuys Brokerage,69B911E00,69B912190,United States,USD,Person,346,Samara Vargas,0,0,0,0,Mutual Fund / ETF,2147575027,0
Charles Schwab,1328D16B0,136E52640,United States,USD,Person,346,Samara Vargas,0,0,0,0,Money Market,2885772532,0
Cash,3CEC88A0,3CEC8BC0,United States,USD,Person,347,Remington Norris,0,0,0,0,Cash,0,0
BB&T Corp.,132879890,134C02E10,United States,USD,Person,347,Remington Norris,1,0,0,0,Checking,604071175,0
Annalise's Savings Bank,697049EA0,69704A230,United States,USD,Person,347,Remington Norris,0,0,0,0,Savings,2818663688,100
BB&T Corp.,132879890,134C02E10,United States,USD,Person,347,Remington Norris,0,0,0,0,Money Market,604071177,50
Magnolia's Tacoma Brokerage,69B8C0BC0,69B8C0F50,United States,USD,Person,347,Remington Norris,0,0,0,0,Stock,4026623242,0
Magnolia's Tacoma Brokerage,69B8C0BC0,69B8C0F50,United States,USD,Person,347,Remington Norris,0,0,0,0,Mutual Fund / ETF,4026623243,0
Black Rock,1328D3A70,1337CF670,United States,USD,Person,347,Remington Norris,0,0,0,0,Mutual Fund / ETF,2617337100,0
JPMorgan Chase,132877E90,1349E8190,United States,USD,Person,347,Remington Norris,0,0,0,0,Money Market,2751554829,10
Magnolia's Tacoma Brokerage,69B8C0BC0,69B8C0F50,United States,USD,Person,347,Remington Norris,0,0,0,0,Mutual Fund / ETF,4026623246,0
Magnolia's Tacoma Brokerage,69B8C0BC0,69B8C0F50,United States,USD,Person,347,Remington Norris,0,0,0,0,Money Market,4026623247,25
Cash,3CEC88A0,3CEC8BC0,United States,USD,Person,348,Esau Goodwin,0,0,0,0,Cash,0,0
Rhea's Savings Bank,69907E770,69907EB00,United States,USD,Person,348,Esau Goodwin,1,0,0,0,Checking,3691078964,10
Capital One Financial,132878B90,134B50420,United States,USD,Person,348,Esau Goodwin,0,0,0,0,Savings,3825296693,0
Coinbase,1328D5E30,136E636A0,United States,USD,Person,348,Esau Goodwin,0,0,0,0,Crypto Currency,2348901686,0
Charles Schwab,1328D16B0,136E50180,United States,USD,Person,348,Esau Goodwin,0,0,0,0,Stock,2885772599,0
Charles Schwab,1328D16B0,136E50180,United States,USD,Person,348,Esau Goodwin,0,0,0,0,Stock,2885772600,0
Joshua's Partners,69B756750,69B756AE0,United States,USD,Person,348,Esau Goodwin,0,0,0,0,Stock,3556861241,0
Charles Schwab,1328D16B0,136E50180,United States,USD,Person,348,Esau Goodwin,0,0,0,0,Mutual Fund / ETF,2885772602,0
Rhea's Savings Bank,69907E770,69907EB00,United States,USD,Person,348,Esau Goodwin,0,0,0,0,Money Market,3691078971,25
TIAA,1328736C0,134941C20,United States,USD,Person,348,Esau Goodwin,0,0,0,0,Life Insurance,2952881468,0
Cash,3CEC88A0,3CEC8BC0,United States,USD,Person,349,Thea Parsons,0,0,0,0,Cash,0,0
Capital One Financial,132878B90,134B30520,United States,USD,Person,349,Thea Parsons,1,0,0,0,Checking,3825296701,25
Xzavier's Savings Bank,69841EA50,69841EDE0,United States,USD,Person,349,Thea Parsons,0,0,0,0,Money Market,2483119422,25
Xzavier's Savings Bank,69841EA50,69841EDE0,United States,USD,Person,349,Thea Parsons,0,0,0,0,CD,2483119423,0
Xzavier's Savings Bank,69841EA50,69841EDE0,United States,USD,Person,349,Thea Parsons,0,0,0,0,CD,2483119424,0
Franklin Resources,1328D5130,136E63420,United States,USD,Person,349,Thea Parsons,0,0,0,0,Mutual Fund / ETF,1275159873,0
Capital One Financial,132878B90,134B30520,United States,USD,Person,349,Thea Parsons,0,0,0,0,Money Market,3825296706,25
Pratt Brokers,69B8DF680,69B8DFA10,United States,USD,Person,349,Thea Parsons,0,0,0,0,Mutual Fund / ETF,2684446019,0
Pratt Brokers,69B8DF680,69B8DFA10,United States,USD,Person,349,Thea Parsons,0,0,0,0,Money Market,2684446020,0
Cash,3CEC88A0,3CEC8BC0,United States,USD,Person,350,Keagan Martin Sr,0,0,0,0,Cash,0,0
U.S. Bancorp,132878ED0,134B69980,United States,USD,Person,350,Keagan Martin Sr,1,0,0,0,Checking,3019990399,0
Francis's Savings Bank,698EF6C10,698EF6FA0,United States,USD,Person,350,Keagan Martin Sr,0,0,0,0,Savings,67200384,50
U.S. Bancorp,132878ED0,134B69980,United States,USD,Person,350,Keagan Martin Sr,0,0,0,0,Money Market,3019990401,0
Vanguard Investments,1328D3DB0,1337CF6F0,United States,USD,Person,350,Keagan Martin Sr,0,0,0,0,Mutual Fund / ETF,1812030850,0
Vanguard Investments,1328D3DB0,1337CF6F0,United States,USD,Person,350,Keagan Martin Sr,0,0,0,0,Mutual Fund / ETF,1812030851,0
Vanguard Investments,1328D3DB0,1337CF6F0,United States,USD,Person,350,Keagan Martin Sr,0,0,0,0,Money Market,1812030852,50
Cash,3CEC88A0,3CEC8BC0,United States,USD,Person,351,Carla Mathis,0,0,0,0,Cash,0,0
PNC Financial Services,132879210,134B8D5F0,United States,USD,Person,351,Carla Mathis,1,0,0,0,Checking,2214684093,50
M&T Bank Corp.,13287A590,134C6D3C0,United States,USD,Person,351,Carla Mathis,0,0,0,0,Savings,1677813182,50
Wells Fargo,132878510,134A81830,United States,USD,Person,351,Carla Mathis,0,0,0,0,Savings,1140942271,100
Wells Fargo,132878510,134A81830,United States,USD,Person,351,Carla Mathis,0,0,0,0,CD,1140942272,0
Raymond James Financial,1328D33F0,136E618A0,United States,USD,Person,351,Carla Mathis,0,0,0,0,Mutual Fund / ETF,4227950017,0
Raymond James Financial,1328D33F0,136E618A0,United States,USD,Person,351,Carla Mathis,0,0,0,0,Mutual Fund / ETF,4227950018,0
Raymond James Financial,1328D33F0,136E618A0,United States,USD,Person,351,Carla Mathis,0,0,0,0,Mutual Fund / ETF,4227950019,0
Raymond James Financial,1328D33F0,136E618A0,United States,USD,Person,351,Carla Mathis,0,0,0,0,Mutual Fund / ETF,4227950020,0
Raymond James Financial,1328D33F0,136E618A0,United States,USD,Person,351,Carla Mathis,0,0,0,0,Mutual Fund / ETF,4227950021,0
PNC Financial Services,132879210,134B8D5F0,United States,USD,Person,351,Carla Mathis,0,0,0,0,Money Market,2214684102,0
Cash,3CEC88A0,3CEC8BC0,United States,USD,Person,352,Mary Ball,0,0,0,0,Cash,0,0
Kehlani's Federal Credit Union,698CB9900,698CB9C90,United States,USD,Person,352,Mary Ball,1,2,0,0,Checking,1073833424,10
James Federal Credit Union,6973CD370,6973CD700,United States,USD,Person,352,Mary Ball,0,0,0,0,Savings,3691079121,50
Kehlani's Federal Credit Union,698CB9900,698CB9C90,United States,USD,Person,352,Mary Ball,0,0,0,0,Money Market,1073833426,0
Maximiliano's Investments,69B8B5130,69B8B54C0,United States,USD,Person,352,Mary Ball,0,0,0,0,Stock,1275160019,0
Schultz Securities Company,9AA17BFF0,9AA17C380,Germany,EUR,Person,352,Mary Ball,0,0,0,0,Stock,4227950036,0
Maximiliano's Investments,69B8B5130,69B8B54C0,United States,USD,Person,352,Mary Ball,0,0,0,0,Stock,1275160021,0
Maximiliano's Investments,69B8B5130,69B8B54C0,United States,USD,Person,352,Mary Ball,0,0,0,0,Stock,1275160022,0
Maximiliano's Investments,69B8B5130,69B8B54C0,United States,USD,Person,352,Mary Ball,0,0,0,0,Stock,1275160023,0
Goldman Sachs,1328D19F0,133657BB0,United States,EUR,Person,352,Mary Ball,0,0,0,0,Stock,2080466392,0
Maximiliano's Investments,69B8B5130,69B8B54C0,United States,USD,Person,352,Mary Ball,0,0,0,0,Stock,1275160025,0
Maximiliano's Investments,69B8B5130,69B8B54C0,United States,USD,Person,352,Mary Ball,0,0,0,0,Stock,1275160026,0
Maximiliano's Investments,69B8B5130,69B8B54C0,United States,USD,Person,352,Mary Ball,0,0,0,0,Stock,1275160027,0
Merrill Lynch,1328D23B0,136E5C480,United States,USD,Person,352,Mary Ball,0,0,0,0,Stock,3959514588,0
Maximiliano's Investments,69B8B5130,69B8B54C0,United States,USD,Person,352,Mary Ball,0,0,0,0,Stock,1275160029,0
United Brokers,9AA17C450,9AA17C7E0,Germany,EUR,Person,352,Mary Ball,0,0,0,0,Stock,335635934,0
Hurley Investments,9A9262650,9A92629E0,France,EUR,Person,352,Mary Ball,0,0,0,0,Stock,2483119583,0
Maximiliano's Investments,69B8B5130,69B8B54C0,United States,USD,Person,352,Mary Ball,0,0,0,0,Stock,1275160032,0
Maximiliano's Investments,69B8B5130,69B8B54C0,United States,USD,Person,352,Mary Ball,0,0,0,0,Stock,1275160033,0
Helen's Partners,9ACECBCA0,9ACECC030,Hungary,HUF,Person,352,Mary Ball,0,0,0,0,Stock,671180258,0
Maximiliano's Investments,69B8B5130,69B8B54C0,United States,USD,Person,352,Mary Ball,0,0,0,0,Stock,1275160035,0
Maximiliano's Investments,69B8B5130,69B8B54C0,United States,USD,Person,352,Mary Ball,0,0,0,0,Stock,1275160036,0
Maximiliano's Investments,69B8B5130,69B8B54C0,United States,USD,Person,352,Mary Ball,0,0,0,0,Stock,1275160037,0
Maximiliano's Investments,69B8B5130,69B8B54C0,United States,USD,Person,352,Mary Ball,0,0,0,0,Stock,1275160038,0
Maximiliano's Investments,69B8B5130,69B8B54C0,United States,USD,Person,352,Mary Ball,0,0,0,0,Mutual Fund / ETF,1275160039,0
Maximiliano's Investments,69B8B5130,69B8B54C0,United States,USD,Person,352,Mary Ball,0,0,0,0,Mutual Fund / ETF,1275160040,0
Goldman Sachs,1328D19F0,133657BB0,United States,USD,Person,352,Mary Ball,0,0,0,0,Money Market,2080466409,0
Maximiliano's Investments,69B8B5130,69B8B54C0,United States,USD,Person,352,Mary Ball,0,0,0,0,Mutual Fund / ETF,1275160042,0
Maximiliano's Investments,69B8B5130,69B8B54C0,United States,USD,Person,352,Mary Ball,0,0,0,0,Money Market,1275160043,50
State Farm - Life,132870C80,134699710,United States,USD,Person,352,Mary Ball,0,0,0,0,Life Insurance,536962540,0
Cash,3CEC88A0,3CEC8BC0,United States,USD,Person,353,Gibson Buck,0,0,0,0,Cash,0,0
Jenkins Bank,697D25090,697D25420,United States,USD,Person,353,Gibson Buck,1,208,0,0,Checking,604071418,10
Quinton's Bank,69B2CA1A0,69B2CA530,United States,USD,Person,353,Gibson Buck,0,0,0,0,Savings,1744922107,10
Jenkins Bank,697D25090,697D25420,United States,USD,Person,353,Gibson Buck,0,0,0,0,Money Market,604071420,0
Interactive Brokers,1328D2D70,136E5F270,United States,USD,Person,353,Gibson Buck,0,0,0,0,Mutual Fund / ETF,1543595517,0
Quinton's Bank,69B2CA1A0,69B2CA530,United States,USD,Person,353,Gibson Buck,0,0,0,0,Money Market,1744922110,25
Cash,3CEC88A0,3CEC8BC0,United States,USD,Person,354,Jaylah Harrison,0,0,0,0,Cash,0,0
JPMorgan Chase,132877E90,1349F33A0,United States,USD,Person,354,Jaylah Harrison,1,0,0,0,Checking,2751555084,50
Bank of America Corp.,1328781D0,134A35A10,United States,USD,Person,354,Jaylah Harrison,0,0,0,0,Savings,1946248717,10
JPMorgan Chase,132877E90,1349F33A0,United States,USD,Person,354,Jaylah Harrison,0,0,0,0,Money Market,2751555086,10
Alyssa's Brokerage,69B8C7820,69B8C7BB0,United States,USD,Person,354,Jaylah Harrison,0,0,0,0,Mutual Fund / ETF,134309391,0
Bank of America Corp.,1328781D0,134A35A10,United States,USD,Person,354,Jaylah Harrison,0,0,0,0,Money Market,1946248720,100
Alyssa's Brokerage,69B8C7820,69B8C7BB0,United States,USD,Person,354,Jaylah Harrison,0,0,0,0,Mutual Fund / ETF,134309393,0
Victoria's Investing,69B757D10,69B7580A0,United States,USD,Person,354,Jaylah Harrison,0,0,0,0,Mutual Fund / ETF,1140942354,0
Victoria's Investing,69B757D10,69B7580A0,United States,USD,Person,354,Jaylah Harrison,0,0,0,0,Mutual Fund / ETF,1140942355,0
Haynes Brokers,69B8CBDB0,69B8CC140,United States,USD,Person,354,Jaylah Harrison,0,0,0,0,Mutual Fund / ETF,1812030996,0
Haynes Brokers,69B8CBDB0,69B8CC140,United States,USD,Person,354,Jaylah Harrison,0,0,0,0,Mutual Fund / ETF,1812030997,0
Victoria's Investing,69B757D10,69B7580A0,United States,USD,Person,354,Jaylah Harrison,0,0,0,0,Money Market,1140942358,50
State Farm - Life,132870C80,134691D70,United States,USD,Person,354,Jaylah Harrison,0,0,0,0,Life Insurance,536962583,0
Cash,3CEC88A0,3CEC8BC0,United States,USD,Person,355,Paola Ruiz,0,0,0,0,Cash,0,0
SunTrust Banks,132879BD0,134C2B150,United States,USD,Person,355,Paola Ruiz,1,1,0,0,Checking,4093732409,50
Stuart Bank,697682E90,697683220,United States,USD,Person,355,Paola Ruiz,0,0,0,0,Savings,2751555130,0
SunTrust Banks,132879BD0,134C2B150,United States,USD,Person,355,Paola Ruiz,0,0,0,0,Money Market,4093732411,10
KUCoin,1328D67F0,136E63880,United States,USD,Person,355,Paola Ruiz,0,0,0,0,Crypto Currency,4227950140,0
Raymond James Financial,1328D33F0,136E61BB0,United States,USD,Person,355,Paola Ruiz,0,0,0,0,Mutual Fund / ETF,4227950141,0
Raymond James Financial,1328D33F0,136E61BB0,United States,USD,Person,355,Paola Ruiz,0,0,0,0,Mutual Fund / ETF,4227950142,0
Raymond James Financial,1328D33F0,136E61BB0,United States,USD,Person,355,Paola Ruiz,0,0,0,0,Mutual Fund / ETF,4227950143,0
Raymond James Financial,1328D33F0,136E61BB0,United States,USD,Person,355,Paola Ruiz,0,0,0,0,Mutual Fund / ETF,4227950144,0
Carey Stocks and Investing,69B9251F0,69B925580,United States,USD,Person,355,Paola Ruiz,0,0,0,0,Mutual Fund / ETF,2080466497,0
Raymond James Financial,1328D33F0,136E61BB0,United States,USD,Person,355,Paola Ruiz,0,0,0,0,Mutual Fund / ETF,4227950146,0
Olive's Investing,9A3032120,9A30324B0,China,CNY,Person,355,Paola Ruiz,0,0,0,0,Stock,1208051267,0
Raymond James Financial,1328D33F0,136E61BB0,United States,USD,Person,355,Paola Ruiz,0,0,0,0,Stock,4227950148,0
Raymond James Financial,1328D33F0,136E61BB0,United States,USD,Person,355,Paola Ruiz,0,0,0,0,Stock,4227950149,0
Raymond James Financial,1328D33F0,136E61BB0,United States,USD,Person,355,Paola Ruiz,0,0,0,0,Stock,4227950150,0
Raymond James Financial,1328D33F0,136E61BB0,United States,USD,Person,355,Paola Ruiz,0,0,0,0,Stock,4227950151,0
Raymond James Financial,1328D33F0,136E61BB0,United States,USD,Person,355,Paola Ruiz,0,0,0,0,Stock,4227950152,0
Raymond James Financial,1328D33F0,136E61BB0,United States,USD,Person,355,Paola Ruiz,0,0,0,0,Stock,4227950153,0
Raymond James Financial,1328D33F0,136E61BB0,United States,USD,Person,355,Paola Ruiz,0,0,0,0,Stock,4227950154,0
Raymond James Financial,1328D33F0,136E61BB0,United States,USD,Person,355,Paola Ruiz,0,0,0,0,Stock,4227950155,0
Raymond James Financial,1328D33F0,136E61BB0,United States,USD,Person,355,Paola Ruiz,0,0,0,0,Stock,4227950156,0
Raymond James Financial,1328D33F0,136E61BB0,United States,USD,Person,355,Paola Ruiz,0,0,0,0,Mutual Fund / ETF,4227950157,0
Carey Stocks and Investing,69B9251F0,69B925580,United States,USD,Person,355,Paola Ruiz,0,0,0,0,Mutual Fund / ETF,2080466510,0
Citi,132878850,134AFE150,United States,USD,Person,355,Paola Ruiz,0,0,0,0,Money Market,335636047,50
Raymond James Financial,1328D33F0,136E61BB0,United States,USD,Person,355,Paola Ruiz,0,0,0,0,Mutual Fund / ETF,4227950160,0
Raymond James Financial,1328D33F0,136E61BB0,United States,USD,Person,355,Paola Ruiz,0,0,0,0,Mutual Fund / ETF,4227950161,0
Raymond James Financial,1328D33F0,136E61BB0,United States,USD,Person,355,Paola Ruiz,0,0,0,0,Mutual Fund / ETF,4227950162,0
KUCoin,1328D67F0,136E63880,United States,USD,Person,355,Paola Ruiz,0,0,0,0,Money Market,4227950163,10
Cash,3CEC88A0,3CEC8BC0,United States,USD,Person,356,Axel Alvarez,0,0,0,0,Cash,0,0
James Savings Bank,698AE66B0,698AE6A40,United States,USD,Person,356,Axel Alvarez,1,0,0,0,Checking,2885772928,50
SunTrust Banks,132879BD0,134C12020,United States,USD,Person,356,Axel Alvarez,0,0,0,0,Savings,4093732481,50
Lisa's Brokers,69B981D20,69B9820B0,United States,USD,Person,356,Axel Alvarez,0,0,0,0,Mutual Fund / ETF,1208051330,0
Solomon Ridgewood Securities Company,69B7EFF90,69B7F0320,United States,USD,Person,356,Axel Alvarez,0,0,0,0,Mutual Fund / ETF,3825297027,0
Lisa's Brokers,69B981D20,69B9820B0,United States,USD,Person,356,Axel Alvarez,0,0,0,0,Mutual Fund / ETF,1208051332,0
Solomon Ridgewood Securities Company,69B7EFF90,69B7F0320,United States,USD,Person,356,Axel Alvarez,0,0,0,0,Mutual Fund / ETF,3825297029,0
James Savings Bank,698AE66B0,698AE6A40,United States,USD,Person,356,Axel Alvarez,0,0,0,0,Money Market,2885772934,25
Lisa's Brokers,69B981D20,69B9820B0,United States,USD,Person,356,Axel Alvarez,0,0,0,0,Mutual Fund / ETF,1208051335,0
Lisa's Brokers,69B981D20,69B9820B0,United States,USD,Person,356,Axel Alvarez,0,0,0,0,Money Market,1208051336,0
Cash,3CEC88A0,3CEC8BC0,United States,USD,Person,357,Bellissima Wheeler,0,0,0,0,Cash,0,0
Key Bank,132879F10,134C40280,United States,USD,Person,357,Bellissima Wheeler,1,0,0,0,Checking,3288426179,0
United Bank,6983F4D80,6983F5110,United States,USD,Person,357,Bellissima Wheeler,0,0,0,0,Savings,1610704580,0
Morgan Stanley,1328D2070,136E58630,United States,USD,Person,357,Bellissima Wheeler,0,0,0,0,Mutual Fund / ETF,469853893,0
Key Bank,132879F10,134C40280,United States,USD,Person,357,Bellissima Wheeler,0,0,0,0,Money Market,3288426182,100
Cash,3CEC88A0,3CEC8BC0,United States,USD,Person,358,Jayceon Morrison,0,0,0,0,Cash,0,0
U.S. Bancorp,132878ED0,134B673E0,United States,USD,Person,358,Jayceon Morrison,1,0,0,0,Checking,3019990765,100
Citi,132878850,134AE4A70,United States,USD,Person,358,Jayceon Morrison,0,0,0,0,Savings,335636206,50
Vanguard Investments,1328D3DB0,1337CF6F0,United States,USD,Person,358,Jayceon Morrison,0,0,0,0,Mutual Fund / ETF,1812031215,0
Morgan Stanley,1328D2070,136E58E10,United States,USD,Person,358,Jayceon Morrison,0,0,0,0,Mutual Fund / ETF,469853936,0
Vanguard Investments,1328D3DB0,1337CF6F0,United States,USD,Person,358,Jayceon Morrison,0,0,0,0,Mutual Fund / ETF,1812031217,0
Morgan Stanley,1328D2070,136E58E10,United States,USD,Person,358,Jayceon Morrison,0,0,0,0,Mutual Fund / ETF,469853938,0
Vanguard Investments,1328D3DB0,1337CF6F0,United States,USD,Person,358,Jayceon Morrison,0,0,0,0,Mutual Fund / ETF,1812031219,0
Morgan Stanley,1328D2070,136E58E10,United States,USD,Person,358,Jayceon Morrison,0,0,0,0,Mutual Fund / ETF,469853940,0
Vanguard Investments,1328D3DB0,1337CF6F0,United States,USD,Person,358,Jayceon Morrison,0,0,0,0,Mutual Fund / ETF,1812031221,0
Morgan Stanley,1328D2070,136E58E10,United States,USD,Person,358,Jayceon Morrison,0,0,0,0,Mutual Fund / ETF,469853942,0
Morgan Stanley,1328D2070,136E58E10,United States,USD,Person,358,Jayceon Morrison,0,0,0,0,Mutual Fund / ETF,469853943,0
Morgan Stanley,1328D2070,136E58E10,United States,USD,Person,358,Jayceon Morrison,0,0,0,0,Mutual Fund / ETF,469853944,0
Morgan Stanley,1328D2070,136E58E10,United States,USD,Person,358,Jayceon Morrison,0,0,0,0,Mutual Fund / ETF,469853945,0
Vanguard Investments,1328D3DB0,1337CF6F0,United States,USD,Person,358,Jayceon Morrison,0,0,0,0,Mutual Fund / ETF,1812031226,0
U.S. Bancorp,132878ED0,134B673E0,United States,USD,Person,358,Jayceon Morrison,0,0,0,0,Money Market,3019990779,0
Cash,3CEC88A0,3CEC8BC0,United States,USD,Person,359,Zariah Bruce,0,0,0,0,Cash,0,0
United Bank,3DD55DB80,3DD55DF10,United States,USD,Person,359,Zariah Bruce,1,1,0,0,Checking,3758188322,25
Ally Financial,13287AF50,133B57270,United States,USD,Person,359,Zariah Bruce,0,0,0,0,Money Market,3556861731,10
United Bank,3DD55DB80,3DD55DF10,United States,USD,Person,359,Zariah Bruce,0,0,0,0,Money Market,3758188324,10
United Bank,3DD55DB80,3DD55DF10,United States,USD,Person,359,Zariah Bruce,0,0,0,0,CD,3758188325,0
Austin Stocks and Investing,69B7DAD20,69B7DB0B0,United States,USD,Person,359,Zariah Bruce,0,0,0,0,Mutual Fund / ETF,1208051494,0
Austin Stocks and Investing,69B7DAD20,69B7DB0B0,United States,USD,Person,359,Zariah Bruce,0,0,0,0,Mutual Fund / ETF,1208051495,0
Austin Stocks and Investing,69B7DAD20,69B7DB0B0,United States,USD,Person,359,Zariah Bruce,0,0,0,0,Mutual Fund / ETF,1208051496,0
Austin Stocks and Investing,69B7DAD20,69B7DB0B0,United States,USD,Person,359,Zariah Bruce,0,0,0,0,Money Market,1208051497,0
Austin Stocks and Investing,69B7DAD20,69B7DB0B0,United States,USD,Person,359,Zariah Bruce,0,0,0,0,Mutual Fund / ETF,1208051498,0
Austin Stocks and Investing,69B7DAD20,69B7DB0B0,United States,USD,Person,359,Zariah Bruce,0,0,0,0,Money Market,1208051499,0
Cash,3CEC88A0,3CEC8BC0,United States,USD,Person,360,Cairo York,0,0,0,0,Cash,0,0
Singleton Bank,6971BC7C0,6971BCB50,United States,USD,Person,360,Cairo York,1,0,0,0,Checking,4026623810,0
Henry Bank,6988BDD80,6988BE110,United States,USD,Person,360,Cairo York,0,0,0,0,Savings,1610704707,25
Singleton Bank,6971BC7C0,6971BCB50,United States,USD,Person,360,Cairo York,0,0,0,0,Money Market,4026623812,25
Aadhya's Investing,69B8BED50,69B8BF0E0,United States,USD,Person,360,Cairo York,0,0,0,0,Mutual Fund / ETF,1409378117,0
Aadhya's Investing,69B8BED50,69B8BF0E0,United States,USD,Person,360,Cairo York,0,0,0,0,Money Market,1409378118,50
Aadhya's Investing,69B8BED50,69B8BF0E0,United States,USD,Person,360,Cairo York,0,0,0,0,Mutual Fund / ETF,1409378119,0
Henry Bank,6988BDD80,6988BE110,United States,USD,Person,360,Cairo York,0,0,0,0,Money Market,1610704712,0
Cash,3CEC88A0,3CEC8BC0,United States,USD,Person,361,Tomiko Hodge,0,0,0,0,Cash,0,0
Knox Federal Credit Union,69B5623A0,69B562730,United States,USD,Person,361,Tomiko Hodge,1,0,0,0,Checking,3892406098,0
Gloria's Savings Bank,69B611E30,69B6121C0,United States,USD,Person,361,Tomiko Hodge,0,0,0,0,Savings,2348902227,25
Cash,3CEC88A0,3CEC8BC0,United States,USD,Person,362,Jaxx Day,0,0,0,0,Cash,0,0
Citi,132878850,134ACCE40,United States,USD,Person,362,Jaxx Day,1,208,0,0,Checking,335636338,0
Garner Ellisville Bank,698F617D0,698F61B60,United States,USD,Person,362,Jaxx Day,0,0,0,0,Savings,4093732723,25
Citi,132878850,134ACCE40,United States,USD,Person,362,Jaxx Day,0,0,0,0,Money Market,335636340,10
American Funds,1328D4430,136E63220,United States,USD,Person,362,Jaxx Day,0,0,0,0,Stock,201418613,0
American Funds,1328D4430,136E63220,United States,USD,Person,362,Jaxx Day,0,0,0,0,Stock,201418614,0
American Funds,1328D4430,136E63220,United States,USD,Person,362,Jaxx Day,0,0,0,0,Stock,201418615,0
American Funds,1328D4430,136E63220,United States,USD,Person,362,Jaxx Day,0,0,0,0,Mutual Fund / ETF,201418616,0
American Funds,1328D4430,136E63220,United States,USD,Person,362,Jaxx Day,0,0,0,0,Money Market,201418617,0
Cash,3CEC88A0,3CEC8BC0,United States,USD,Person,363,Landry Seong,0,0,0,0,Cash,0,0
Bank of America Corp.,1328781D0,134A35A10,United States,USD,Person,363,Landry Seong,1,1,0,0,Checking,1946249099,50
BB&T Corp.,132879890,134BE6240,United States,USD,Person,363,Landry Seong,0,0,0,0,Savings,604071820,25
Bank of America Corp.,1328781D0,134A35A10,United States,USD,Person,363,Landry Seong,0,0,0,0,Money Market,1946249101,0
Jonas's Investing,69B945140,69B9454D0,United States,USD,Person,363,Landry Seong,0,0,0,0,Mutual Fund / ETF,1342269326,0
Jonas's Investing,69B945140,69B9454D0,United States,USD,Person,363,Landry Seong,0,0,0,0,Mutual Fund / ETF,1342269327,0
Jonas's Investing,69B945140,69B9454D0,United States,USD,Person,363,Landry Seong,0,0,0,0,Mutual Fund / ETF,1342269328,0
Jonas's Investing,69B945140,69B9454D0,United States,USD,Person,363,Landry Seong,0,0,0,0,Mutual Fund / ETF,1342269329,0
Jonas's Investing,69B945140,69B9454D0,United States,USD,Person,363,Landry Seong,0,0,0,0,Money Market,1342269330,50
Jonas's Investing,69B945140,69B9454D0,United States,USD,Person,363,Landry Seong,0,0,0,0,Mutual Fund / ETF,1342269331,0
Jonas's Investing,69B945140,69B9454D0,United States,USD,Person,363,Landry Seong,0,0,0,0,Mutual Fund / ETF,1342269332,0
BB&T Corp.,132879890,134BE6240,United States,USD,Person,363,Landry Seong,0,0,0,0,Money Market,604071829,25
Allstate - Life,132870FC0,134705FF0,United States,USD,Person,363,Landry Seong,0,0,0,0,Life Insurance,4026623894,0
Allstate - Life,132870FC0,134705FF0,United States,USD,Person,363,Landry Seong,0,0,0,0,Life Insurance,4026623895,0
Cash,3CEC88A0,3CEC8BC0,United States,USD,Person,364,Marigold Byun,0,0,0,0,Cash,0,0
Citizens Bank,13287A8D0,134C7ECA0,United States,USD,Person,364,Marigold Byun,1,208,0,0,Checking,872507315,25
Julianna's Goose Creek Bank,69A27A1C0,69A27A550,United States,USD,Person,364,Marigold Byun,0,0,0,0,Savings,1879140276,10
Charles Schwab,1328D16B0,136E50180,United States,USD,Person,364,Marigold Byun,0,0,0,0,Mutual Fund / ETF,2885773237,0
Citizens Bank,13287A8D0,134C7ECA0,United States,USD,Person,364,Marigold Byun,0,0,0,0,Money Market,872507318,25
Charles Schwab,1328D16B0,136E50180,United States,USD,Person,364,Marigold Byun,0,0,0,0,Mutual Fund / ETF,2885773239,0
Julianna's Goose Creek Bank,69A27A1C0,69A27A550,United States,USD,Person,364,Marigold Byun,0,0,0,0,Money Market,1879140280,50
Cash,3CEC88A0,3CEC8BC0,United States,USD,Person,365,Dayana Brown,0,0,0,0,Cash,0,0
Yisroel's Thrift,6995269B0,699526D40,United States,USD,Person,365,Dayana Brown,1,0,0,0,Checking,1812031462,25
Cervantes Pebble Beach Federal Credit Union,69B16DD40,69B16E0D0,United States,USD,Person,365,Dayana Brown,0,0,0,0,Savings,1342269415,0
Yisroel's Thrift,6995269B0,699526D40,United States,USD,Person,365,Dayana Brown,0,0,0,0,Savings,1812031464,25
Yisroel's Thrift,6995269B0,699526D40,United States,USD,Person,365,Dayana Brown,0,0,0,0,Money Market,1812031465,0
Goldman Sachs,1328D19F0,133657BB0,United States,USD,Person,365,Dayana Brown,0,0,0,0,Mutual Fund / ETF,2080466922,0
Interactive Brokers,1328D2D70,136E5F270,United States,USD,Person,365,Dayana Brown,0,0,0,0,Mutual Fund / ETF,1543596011,0
Interactive Brokers,1328D2D70,136E5F270,United States,USD,Person,365,Dayana Brown,0,0,0,0,Mutual Fund / ETF,1543596012,0
Cervantes Pebble Beach Federal Credit Union,69B16DD40,69B16E0D0,United States,USD,Person,365,Dayana Brown,0,0,0,0,Money Market,1342269421,100
Goldman Sachs,1328D19F0,133657BB0,United States,USD,Person,365,Dayana Brown,0,0,0,0,Mutual Fund / ETF,2080466926,0
Interactive Brokers,1328D2D70,136E5F270,United States,USD,Person,365,Dayana Brown,0,0,0,0,Mutual Fund / ETF,1543596015,0
Raymond James Financial,1328D33F0,136E5F370,United States,USD,Person,365,Dayana Brown,0,0,0,0,Mutual Fund / ETF,4227950576,0
Raymond James Financial,1328D33F0,136E5F370,United States,USD,Person,365,Dayana Brown,0,0,0,0,Mutual Fund / ETF,4227950577,0
Edward Jones,1328D1D30,136E53C50,United States,USD,Person,365,Dayana Brown,0,0,0,0,Money Market,1275160562,0
Cash,3CEC88A0,3CEC8BC0,United States,USD,Person,366,Muncel Morrison,0,0,0,0,Cash,0,0
PNC Financial Services,132879210,134B8D5F0,United States,USD,Person,366,Muncel Morrison,1,1,0,0,Checking,2214684682,25
Milan's Federal Credit Union,69A102180,69A102510,United States,USD,Person,366,Muncel Morrison,0,0,0,0,Savings,1610704907,25
PNC Financial Services,132879210,134B8D5F0,United States,USD,Person,366,Muncel Morrison,0,0,0,0,Money Market,2214684684,10
Milan's Federal Credit Union,69A102180,69A102510,United States,USD,Person,366,Muncel Morrison,0,0,0,0,CD,1610704909,0
Synchrony Financial,1328D30B0,136E5F2F0,United States,USD,Person,366,Muncel Morrison,0,0,0,0,Mutual Fund / ETF,738289678,0
Milan's Federal Credit Union,69A102180,69A102510,United States,USD,Person,366,Muncel Morrison,0,0,0,0,Money Market,1610704911,0
Cash,3CEC88A0,3CEC8BC0,United States,USD,Person,367,Casey Walter,0,0,0,0,Cash,0,0
Barnes Bank,699AFFD50,699B000E0,United States,USD,Person,367,Casey Walter,1,0,0,0,Checking,1409378355,0
Castaneda Bank,698F3F8B0,698F3FC40,United States,USD,Person,367,Casey Walter,0,0,0,0,Savings,738289716,0
Invesco,1328D4AB0,136E63320,United States,USD,Person,367,Casey Walter,0,0,0,0,Mutual Fund / ETF,2885773365,0
Barnes Bank,699AFFD50,699B000E0,United States,USD,Person,367,Casey Walter,0,0,0,0,Money Market,1409378358,0
Cash,3CEC88A0,3CEC8BC0,United States,USD,Person,368,Bryan A. Faulkner,0,0,0,0,Cash,0,0
Dario's Federal Credit Union,699B8F150,699B8F4E0,United States,USD,Person,368,Bryan A. Faulkner,1,0,0,0,Checking,1409378384,50
Proctor Federal Credit Union,6982224C0,698222850,United States,USD,Person,368,Bryan A. Faulkner,0,0,0,0,Savings,805398609,50
Dario's Federal Credit Union,699B8F150,699B8F4E0,United States,USD,Person,368,Bryan A. Faulkner,0,0,0,0,Money Market,1409378386,25
Proctor Federal Credit Union,6982224C0,698222850,United States,USD,Person,368,Bryan A. Faulkner,0,0,0,0,Money Market,805398611,0
Morrison Brokerage,69B79FFD0,69B7A0360,United States,USD,Person,368,Bryan A. Faulkner,0,0,0,0,Money Market,4093732948,100
Morrison Brokerage,69B79FFD0,69B7A0360,United States,USD,Person,368,Bryan A. Faulkner,0,0,0,0,Mutual Fund / ETF,4093732949,0
Morrison Brokerage,69B79FFD0,69B7A0360,United States,USD,Person,368,Bryan A. Faulkner,0,0,0,0,Mutual Fund / ETF,4093732950,0
Morrison Brokerage,69B79FFD0,69B7A0360,United States,USD,Person,368,Bryan A. Faulkner,0,0,0,0,Mutual Fund / ETF,4093732951,0
Morrison Brokerage,69B79FFD0,69B7A0360,United States,USD,Person,368,Bryan A. Faulkner,0,0,0,0,Mutual Fund / ETF,4093732952,0
Morrison Brokerage,69B79FFD0,69B7A0360,United States,USD,Person,368,Bryan A. Faulkner,0,0,0,0,Money Market,4093732953,0
Morrison Brokerage,69B79FFD0,69B7A0360,United States,USD,Person,368,Bryan A. Faulkner,0,0,0,0,Mutual Fund / ETF,4093732954,0
Proctor Federal Credit Union,6982224C0,698222850,United States,USD,Person,368,Bryan A. Faulkner,0,0,0,0,Money Market,805398619,50
Cash,3CEC88A0,3CEC8BC0,United States,USD,Person,369,Zoey Wiggins,0,0,0,0,Cash,0,0
Bank of New York Mellon,132879550,134BC82D0,United States,USD,Person,369,Zoey Wiggins,1,0,0,0,Checking,1409378439,0
Zahir's Las Vegas Federal Credit Union,698A0FCC0,698A10050,United States,USD,Person,369,Zoey Wiggins,1,208,0,0,Checking,805398664,0
Susan's Savings Bank,69A1DD500,69A1DD890,United States,USD,Person,369,Zoey Wiggins,0,0,0,0,Savings,1073834121,50
United Federal Credit Union,6999AF3E0,6999AF770,United States,USD,Person,369,Zoey Wiggins,0,0,0,0,Money Market,4160841866,0
Raymond James Financial,1328D33F0,136E616E0,United States,USD,Person,369,Zoey Wiggins,0,0,0,0,Mutual Fund / ETF,4227950731,0
Susan's Savings Bank,69A1DD500,69A1DD890,United States,USD,Person,369,Zoey Wiggins,0,0,0,0,Money Market,1073834124,25
Cash,3CEC88A0,3CEC8BC0,United States,USD,Person,370,Braelyn Narvaez,0,0,0,0,Cash,0,0
United Federal Credit Union,6976D2FA0,6976D3330,United States,USD,Person,370,Braelyn Narvaez,1,0,0,0,Checking,3892406414,25
JPMorgan Chase,132877E90,134A13AF0,United States,USD,Person,370,Braelyn Narvaez,0,0,0,0,Savings,2751555727,25
Edward Jones,1328D1D30,136E55E70,United States,USD,Person,370,Braelyn Narvaez,0,0,0,0,Mutual Fund / ETF,1275160720,0
United Federal Credit Union,6976D2FA0,6976D3330,United States,USD,Person,370,Braelyn Narvaez,0,0,0,0,Money Market,3892406417,10
Edward Jones,1328D1D30,136E55E70,United States,USD,Person,370,Braelyn Narvaez,0,0,0,0,Mutual Fund / ETF,1275160722,0
JPMorgan Chase,132877E90,134A13AF0,United States,USD,Person,370,Braelyn Narvaez,0,0,0,0,Money Market,2751555731,0
Cash,3CEC88A0,3CEC8BC0,United States,USD,Person,371,Alistair Huber,0,0,0,0,Cash,0,0
Capital One Financial,132878B90,134B3AC40,United States,USD,Person,371,Alistair Huber,1,0,0,0,Checking,3825297556,100
Ally Financial,13287AF50,133B57270,United States,USD,Person,371,Alistair Huber,0,0,0,0,Savings,3556862101,50
T. Rowe Price,1328D5470,136E634C0,United States,USD,Person,371,Alistair Huber,0,0,0,0,Mutual Fund / ETF,469854358,0
Capital One Financial,132878B90,134B3AC40,United States,USD,Person,371,Alistair Huber,0,0,0,0,Money Market,3825297559,50
Cash,3CEC88A0,3CEC8BC0,United States,USD,Person,372,Luke Bender,0,0,0,0,Cash,0,0
Hutchinson Savings Bank,69901B200,69901B590,United States,USD,Person,372,Luke Bender,1,0,0,0,Checking,2147575963,25
Underwood Bank,69A472E10,69A4731A0,United States,USD,Person,372,Luke Bender,0,0,0,0,Savings,2214684828,0
Invesco,1328D4AB0,136E63320,United States,USD,Person,372,Luke Bender,0,0,0,0,Mutual Fund / ETF,2885773469,0
Invesco,1328D4AB0,136E63320,United States,USD,Person,372,Luke Bender,0,0,0,0,Mutual Fund / ETF,2885773470,0
Underwood Bank,69A472E10,69A4731A0,United States,USD,Person,372,Luke Bender,0,0,0,0,Money Market,2214684831,25
Invesco,1328D4AB0,136E63320,United States,USD,Person,372,Luke Bender,0,0,0,0,Mutual Fund / ETF,2885773472,0
Invesco,1328D4AB0,136E63320,United States,USD,Person,372,Luke Bender,0,0,0,0,Money Market,2885773473,0
Cash,3CEC88A0,3CEC8BC0,United States,USD,Person,373,Aya C. Moon,0,0,0,0,Cash,0,0
Goodwin Federal Credit Union,69B0CA230,69B0CA5C0,United States,USD,Person,373,Aya C. Moon,1,0,0,0,Checking,2348902597,50
Compton Federal Credit Union,697722600,697722990,United States,USD,Person,373,Aya C. Moon,0,0,0,0,Savings,2147576006,50
Goodwin Federal Credit Union,69B0CA230,69B0CA5C0,United States,USD,Person,373,Aya C. Moon,0,0,0,0,Money Market,2348902599,25
United Investing,69B7DA010,69B7DA3A0,United States,USD,Person,373,Aya C. Moon,0,0,0,0,Mutual Fund / ETF,67201224,0
United Investing,69B7DA010,69B7DA3A0,United States,USD,Person,373,Aya C. Moon,0,0,0,0,Mutual Fund / ETF,67201225,0
Aadhya's Investing,69B8BED50,69B8BF0E0,United States,USD,Person,373,Aya C. Moon,0,0,0,0,Mutual Fund / ETF,1409378506,0
Frye Investments,69B7881B0,69B788540,United States,USD,Person,373,Aya C. Moon,0,0,0,0,Mutual Fund / ETF,1812031691,0
Aadhya's Investing,69B8BED50,69B8BF0E0,United States,USD,Person,373,Aya C. Moon,0,0,0,0,Mutual Fund / ETF,1409378508,0
Burns Investments,69B957430,69B9577C0,United States,USD,Person,373,Aya C. Moon,0,0,0,0,Mutual Fund / ETF,201418957,0
Frye Investments,69B7881B0,69B788540,United States,USD,Person,373,Aya C. Moon,0,0,0,0,Money Market,1812031694,25
Cash,3CEC88A0,3CEC8BC0,United States,USD,Person,374,Luca Turner,0,0,0,0,Cash,0,0
Carter Federal Credit Union,69798D970,69798DD00,United States,USD,Person,374,Luca Turner,1,0,0,0,Checking,1543596251,0
JPMorgan Chase,132877E90,1349E8190,United States,USD,Person,374,Luca Turner,0,0,0,0,Savings,2751555804,10
Interactive Brokers,1328D2D70,136E5F270,United States,USD,Person,374,Luca Turner,0,0,0,0,Stock,1543596253,0
Interactive Brokers,1328D2D70,136E5F270,United States,USD,Person,374,Luca Turner,0,0,0,0,Stock,1543596254,0
Interactive Brokers,1328D2D70,136E5F270,United States,USD,Person,374,Luca Turner,0,0,0,0,Stock,1543596255,0
Interactive Brokers,1328D2D70,136E5F270,United States,USD,Person,374,Luca Turner,0,0,0,0,Stock,1543596256,0
Fidelity Investments,1328D40F0,136E631A0,United States,USD,Person,374,Luca Turner,0,0,0,0,Mutual Fund / ETF,1006725345,0
Carter Federal Credit Union,69798D970,69798DD00,United States,USD,Person,374,Luca Turner,0,0,0,0,Money Market,1543596258,25
Cash,3CEC88A0,3CEC8BC0,United States,USD,Person,375,Harvey Correa,0,0,0,0,Cash,0,0
Thiago's Savings Bank,6981864C0,698186850,United States,USD,Person,375,Harvey Correa,1,0,0,0,Checking,805398766,50
Thiago's Savings Bank,6981864C0,698186850,United States,USD,Person,375,Harvey Correa,0,0,0,0,Savings,805398767,25
Cash,3CEC88A0,3CEC8BC0,United States,USD,Person,376,Kohen Dougherty,0,0,0,0,Cash,0,0
Citizens Bank,13287A8D0,134C89820,United States,USD,Person,376,Kohen Dougherty,1,0,0,0,Checking,872507633,50
Citizens Bank,13287A8D0,134C89820,United States,USD,Person,376,Kohen Dougherty,0,0,0,0,Savings,872507634,25
Voya Financial,1328D2A30,136E5F1F0,United States,USD,Person,376,Kohen Dougherty,0,0,0,0,Mutual Fund / ETF,2348902643,0
Citizens Bank,13287A8D0,134C89820,United States,USD,Person,376,Kohen Dougherty,0,0,0,0,Money Market,872507636,10
Cash,3CEC88A0,3CEC8BC0,United States,USD,Person,377,Moses Howe,0,0,0,0,Cash,0,0
Abe Federal Credit Union,6980EF230,6980EF5C0,United States,USD,Person,377,Moses Howe,1,0,0,0,Checking,2348902685,0
Wells Fargo,132878510,134A84070,United States,USD,Person,377,Moses Howe,0,0,0,0,Savings,1140943134,50
Abe Federal Credit Union,6980EF230,6980EF5C0,United States,USD,Person,377,Moses Howe,0,0,0,0,Money Market,2348902687,10
Abe Federal Credit Union,6980EF230,6980EF5C0,United States,USD,Person,377,Moses Howe,0,0,0,0,CD,2348902688,0
Abe Federal Credit Union,6980EF230,6980EF5C0,United States,USD,Person,377,Moses Howe,0,0,0,0,CD,2348902689,0
Charles Schwab,1328D16B0,136E50180,United States,USD,Person,377,Moses Howe,0,0,0,0,Mutual Fund / ETF,2885773602,0
Hartman Brokerage,69B8AD800,69B8ADB90,United States,USD,Person,377,Moses Howe,0,0,0,0,Mutual Fund / ETF,92451,0
Charles Schwab,1328D16B0,136E50180,United States,USD,Person,377,Moses Howe,0,0,0,0,Mutual Fund / ETF,2885773604,0
Hartman Brokerage,69B8AD800,69B8ADB90,United States,USD,Person,377,Moses Howe,0,0,0,0,Mutual Fund / ETF,92453,0
Hartman Brokerage,69B8AD800,69B8ADB90,United States,USD,Person,377,Moses Howe,0,0,0,0,Mutual Fund / ETF,92454,0
Charles Schwab,1328D16B0,136E50180,United States,USD,Person,377,Moses Howe,0,0,0,0,Mutual Fund / ETF,2885773607,0
Charles Schwab,1328D16B0,136E50180,United States,USD,Person,377,Moses Howe,0,0,0,0,Mutual Fund / ETF,2885773608,0
Charles Schwab,1328D16B0,136E50180,United States,USD,Person,377,Moses Howe,0,0,0,0,Mutual Fund / ETF,2885773609,0
American Funds,1328D4430,136E63220,United States,USD,Person,377,Moses Howe,0,0,0,0,Mutual Fund / ETF,201419050,0
Hartman Brokerage,69B8AD800,69B8ADB90,United States,USD,Person,377,Moses Howe,0,0,0,0,Mutual Fund / ETF,92459,0
Charles Schwab,1328D16B0,136E50180,United States,USD,Person,377,Moses Howe,0,0,0,0,Mutual Fund / ETF,2885773612,0
Charles Schwab,1328D16B0,136E50180,United States,USD,Person,377,Moses Howe,0,0,0,0,Mutual Fund / ETF,2885773613,0
Legg Mason,1328D57B0,136E63560,United States,USD,Person,377,Moses Howe,0,0,0,0,Mutual Fund / ETF,3959515438,0
Hartman Brokerage,69B8AD800,69B8ADB90,United States,USD,Person,377,Moses Howe,0,0,0,0,Mutual Fund / ETF,92463,0
Legg Mason,1328D57B0,136E63560,United States,USD,Person,377,Moses Howe,0,0,0,0,Money Market,3959515440,25
Charles Schwab,1328D16B0,136E50180,United States,USD,Person,377,Moses Howe,0,0,0,0,Money Market,2885773617,0
American Funds,1328D4430,136E63220,United States,USD,Person,377,Moses Howe,0,0,0,0,Mutual Fund / ETF,201419058,0
Hartman Brokerage,69B8AD800,69B8ADB90,United States,USD,Person,377,Moses Howe,0,0,0,0,Mutual Fund / ETF,92467,0
American Funds,1328D4430,136E63220,United States,USD,Person,377,Moses Howe,0,0,0,0,Money Market,201419060,0
Wells Fargo,132878510,134A84070,United States,USD,Person,377,Moses Howe,0,0,0,0,Money Market,1140943157,50
Hartman Brokerage,69B8AD800,69B8ADB90,United States,USD,Person,377,Moses Howe,0,0,0,0,Money Market,92470,0
Abe Federal Credit Union,6980EF230,6980EF5C0,United States,USD,Person,377,Moses Howe,0,0,0,0,Money Market,2348902711,50
Bennett's Life Insurance Company,69BBBAC90,69BBBB020,United States,USD,Person,377,Moses Howe,0,0,0,0,Life Insurance,604072248,0
Cash,3CEC88A0,3CEC8BC0,United States,USD,Person,378,Royce T. Mayo,0,0,0,0,Cash,0,0
SunTrust Banks,132879BD0,134C12020,United States,USD,Person,378,Royce T. Mayo,1,2,0,0,Checking,4093733220,0
Pierce Savings Bank,69791E310,69791E6A0,United States,USD,Person,378,Royce T. Mayo,0,0,0,0,Savings,3288426853,10
Wellington Management,1328D4DF0,136E633A0,United States,USD,Person,378,Royce T. Mayo,0,0,0,0,Money Market,2080467302,10
Hampton Brokers,3DC41D9B0,3DC41DD40,United States,USD,Person,378,Royce T. Mayo,0,0,0,0,Mutual Fund / ETF,1812031847,0
Hampton Brokers,3DC41D9B0,3DC41DD40,United States,USD,Person,378,Royce T. Mayo,0,0,0,0,Mutual Fund / ETF,1812031848,0
Hampton Brokers,3DC41D9B0,3DC41DD40,United States,USD,Person,378,Royce T. Mayo,0,0,0,0,Money Market,1812031849,0
Hampton Brokers,3DC41D9B0,3DC41DD40,United States,USD,Person,378,Royce T. Mayo,0,0,0,0,Mutual Fund / ETF,1812031850,0
Pierce Savings Bank,69791E310,69791E6A0,United States,USD,Person,378,Royce T. Mayo,0,0,0,0,Money Market,3288426859,0
Cash,3CEC88A0,3CEC8BC0,United States,USD,Person,379,Curtis Miles,0,0,0,0,Cash,0,0
Bank of New York Mellon,132879550,134BC82D0,United States,USD,Person,379,Curtis Miles,1,0,0,0,Checking,1409378671,25
Ray's Bank,6982C2D90,6982C3120,United States,USD,Person,379,Curtis Miles,0,0,0,0,Savings,1677814128,10
Bank of New York Mellon,132879550,134BC82D0,United States,USD,Person,379,Curtis Miles,0,0,0,0,Money Market,1409378673,0
Legg Mason,1328D57B0,136E63560,United States,USD,Person,379,Curtis Miles,0,0,0,0,Mutual Fund / ETF,3959515506,0
Legg Mason,1328D57B0,136E63560,United States,USD,Person,379,Curtis Miles,0,0,0,0,Mutual Fund / ETF,3959515507,0
Ray's Bank,6982C2D90,6982C3120,United States,USD,Person,379,Curtis Miles,0,0,0,0,Money Market,1677814132,50
Cash,3CEC88A0,3CEC8BC0,United States,USD,Person,380,Harlan Hobbs,0,0,0,0,Cash,0,0
Bank of America Corp.,1328781D0,134A35A10,United States,USD,Person,380,Harlan Hobbs,1,1,0,0,Checking,1946249603,10
Fernandez Savings Bank,6971DE920,6971DECB0,United States,USD,Person,380,Harlan Hobbs,0,0,0,0,Savings,1208052100,10
Bank of America Corp.,1328781D0,134A35A10,United States,USD,Person,380,Harlan Hobbs,0,0,0,0,Money Market,1946249605,0
Deribit,1328D71B0,136E63A60,United States,USD,Person,380,Harlan Hobbs,0,0,0,0,Crypto Currency,1812031878,0
Morgan Stanley,1328D2070,136E58E10,United States,USD,Person,380,Harlan Hobbs,0,0,0,0,Mutual Fund / ETF,469854599,0
Morgan Stanley,1328D2070,136E58E10,United States,USD,Person,380,Harlan Hobbs,0,0,0,0,Mutual Fund / ETF,469854600,0
Morgan Stanley,1328D2070,136E58E10,United States,USD,Person,380,Harlan Hobbs,0,0,0,0,Mutual Fund / ETF,469854601,0
Deribit,1328D71B0,136E63A60,United States,USD,Person,380,Harlan Hobbs,0,0,0,0,Money Market,1812031882,0
Morgan Stanley,1328D2070,136E58E10,United States,USD,Person,380,Harlan Hobbs,0,0,0,0,Mutual Fund / ETF,469854603,0
Morgan Stanley,1328D2070,136E58E10,United States,USD,Person,380,Harlan Hobbs,0,0,0,0,Mutual Fund / ETF,469854604,0
Morgan Stanley,1328D2070,136E58E10,United States,USD,Person,380,Harlan Hobbs,0,0,0,0,Mutual Fund / ETF,469854605,0
Morgan Stanley,1328D2070,136E58E10,United States,USD,Person,380,Harlan Hobbs,0,0,0,0,Mutual Fund / ETF,469854606,0
Morgan Stanley,1328D2070,136E58E10,United States,USD,Person,380,Harlan Hobbs,0,0,0,0,Money Market,469854607,100
Valerie's Insurance,69BD61FB0,69BD62340,United States,USD,Person,380,Harlan Hobbs,0,0,0,0,Life Insurance,3959515536,0
Cash,3CEC88A0,3CEC8BC0,United States,USD,Person,381,Tyrina Wright,0,0,0,0,Cash,0,0
Miller Bank,6989648A0,698964C30,United States,USD,Person,381,Tyrina Wright,1,0,0,0,Checking,671181212,50
United Bank,69AA80B90,69AA80F20,United States,USD,Person,381,Tyrina Wright,0,0,0,0,Savings,3825297821,0
Miller Bank,6989648A0,698964C30,United States,USD,Person,381,Tyrina Wright,0,0,0,0,Money Market,671181214,100
United Bank,69AA80B90,69AA80F20,United States,USD,Person,381,Tyrina Wright,0,0,0,0,Money Market,3825297823,0
Blair Brokerage,69B97C220,69B97C5B0,United States,USD,Person,381,Tyrina Wright,0,0,0,0,Stock,2281793952,0
Blair Brokerage,69B97C220,69B97C5B0,United States,USD,Person,381,Tyrina Wright,0,0,0,0,Mutual Fund / ETF,2281793953,0
Blair Brokerage,69B97C220,69B97C5B0,United States,USD,Person,381,Tyrina Wright,0,0,0,0,Mutual Fund / ETF,2281793954,0
Blair Brokerage,69B97C220,69B97C5B0,United States,USD,Person,381,Tyrina Wright,0,0,0,0,Mutual Fund / ETF,2281793955,0
Black Rock,1328D3A70,1337CF670,United States,USD,Person,381,Tyrina Wright,0,0,0,0,Mutual Fund / ETF,2617338276,0
Kailani's Securities Company,69B7F8EA0,69B7F9230,United States,USD,Person,381,Tyrina Wright,0,0,0,0,Mutual Fund / ETF,2818664869,0
Black Rock,1328D3A70,1337CF670,United States,USD,Person,381,Tyrina Wright,0,0,0,0,Mutual Fund / ETF,2617338278,0
Blair Brokerage,69B97C220,69B97C5B0,United States,USD,Person,381,Tyrina Wright,0,0,0,0,Mutual Fund / ETF,2281793959,0
Black Rock,1328D3A70,1337CF670,United States,USD,Person,381,Tyrina Wright,0,0,0,0,Mutual Fund / ETF,2617338280,0
Black Rock,1328D3A70,1337CF670,United States,USD,Person,381,Tyrina Wright,0,0,0,0,Mutual Fund / ETF,2617338281,0
Raymond James Financial,1328D33F0,136E5F840,United States,USD,Person,381,Tyrina Wright,0,0,0,0,Money Market,4227951018,25
Black Rock,1328D3A70,1337CF670,United States,USD,Person,381,Tyrina Wright,0,0,0,0,Money Market,2617338283,10
Black Rock,1328D3A70,1337CF670,United States,USD,Person,381,Tyrina Wright,0,0,0,0,Mutual Fund / ETF,2617338284,0
Blair Brokerage,69B97C220,69B97C5B0,United States,USD,Person,381,Tyrina Wright,0,0,0,0,Money Market,2281793965,25
Cash,3CEC88A0,3CEC8BC0,United States,USD,Person,382,Hazel Tang,0,0,0,0,Cash,0,0
Miranda Savings Bank,6982C9160,6982C94F0,United States,USD,Person,382,Hazel Tang,1,0,0,0,Checking,1476487599,50
Duke Federal Credit Union,69862EF70,69862F300,United States,USD,Person,382,Hazel Tang,1,2,0,0,Checking,3691080112,10
Miranda Savings Bank,6982C9160,6982C94F0,United States,USD,Person,382,Hazel Tang,0,0,0,0,Money Market,1476487601,10
PIMCO,1328D4770,136E632A0,United States,USD,Person,382,Hazel Tang,0,0,0,0,Mutual Fund / ETF,3691080114,0
PIMCO,1328D4770,136E632A0,United States,USD,Person,382,Hazel Tang,0,0,0,0,Mutual Fund / ETF,3691080115,0
PIMCO,1328D4770,136E632A0,United States,USD,Person,382,Hazel Tang,0,0,0,0,Mutual Fund / ETF,3691080116,0
PIMCO,1328D4770,136E632A0,United States,USD,Person,382,Hazel Tang,0,0,0,0,Stock,3691080117,0
Malani's Rome Stocks and Investing,9AF8568A0,9AF856C30,Italy,EUR,Person,382,Hazel Tang,0,0,0,0,Stock,671181238,0
PIMCO,1328D4770,136E632A0,United States,USD,Person,382,Hazel Tang,0,0,0,0,Stock,3691080119,0
PIMCO,1328D4770,136E632A0,United States,USD,Person,382,Hazel Tang,0,0,0,0,Stock,3691080120,0
PIMCO,1328D4770,136E632A0,United States,USD,Person,382,Hazel Tang,0,0,0,0,Mutual Fund / ETF,3691080121,0
PIMCO,1328D4770,136E632A0,United States,USD,Person,382,Hazel Tang,0,0,0,0,Mutual Fund / ETF,3691080122,0
PIMCO,1328D4770,136E632A0,United States,USD,Person,382,Hazel Tang,0,0,0,0,Money Market,3691080123,25
Cash,3CEC88A0,3CEC8BC0,United States,USD,Person,383,Kendrick Hull,0,0,0,0,Cash,0,0
Holland Savings Bank,69876F900,69876FC90,United States,USD,Person,383,Kendrick Hull,1,0,0,0,Checking,1073834452,0
Holland Savings Bank,69876F900,69876FC90,United States,USD,Person,383,Kendrick Hull,0,0,0,0,Savings,1073834453,10
PIMCO,1328D4770,136E632A0,United States,USD,Person,383,Kendrick Hull,0,0,0,0,Mutual Fund / ETF,3691080150,0
PIMCO,1328D4770,136E632A0,United States,USD,Person,383,Kendrick Hull,0,0,0,0,Mutual Fund / ETF,3691080151,0
PIMCO,1328D4770,136E632A0,United States,USD,Person,383,Kendrick Hull,0,0,0,0,Mutual Fund / ETF,3691080152,0
State Farm - Life,132870C80,1346B6900,United States,USD,Person,383,Kendrick Hull,0,0,0,0,Life Insurance,536963545,0
Cash,3CEC88A0,3CEC8BC0,United States,USD,Person,384,Simon Rubio,0,0,0,0,Cash,0,0
Fifth Third Bancorp,13287B290,134C9DBB0,United States,USD,Person,384,Simon Rubio,1,0,0,0,Checking,2751556081,25
BB&T Corp.,132879890,134BE9340,United States,USD,Person,384,Simon Rubio,0,0,0,0,Savings,604072434,0
Norman Kissimmee Funds,69B9103F0,69B910780,United States,USD,Person,384,Simon Rubio,0,0,0,0,Mutual Fund / ETF,4227951091,0
Voya Financial,1328D2A30,136E5F1F0,United States,USD,Person,384,Simon Rubio,0,0,0,0,Mutual Fund / ETF,2348902900,0
Dougherty Investments,69B85FEA0,69B860230,United States,USD,Person,384,Simon Rubio,0,0,0,0,Mutual Fund / ETF,2818664949,0
Jad's Brokerage,9A8344B00,9A8344E90,Estonia,USD,Person,384,Simon Rubio,0,0,0,0,Mutual Fund / ETF,3221318134,0
Dougherty Investments,69B85FEA0,69B860230,United States,USD,Person,384,Simon Rubio,0,0,0,0,Mutual Fund / ETF,2818664951,0
Dougherty Investments,69B85FEA0,69B860230,United States,USD,Person,384,Simon Rubio,0,0,0,0,Mutual Fund / ETF,2818664952,0
Fifth Third Bancorp,13287B290,134C9DBB0,United States,USD,Person,384,Simon Rubio,0,0,0,0,Money Market,2751556089,10
Norman Kissimmee Funds,69B9103F0,69B910780,United States,USD,Person,384,Simon Rubio,0,0,0,0,Mutual Fund / ETF,4227951098,0
Norman Kissimmee Funds,69B9103F0,69B910780,United States,USD,Person,384,Simon Rubio,0,0,0,0,Mutual Fund / ETF,4227951099,0
Norman Kissimmee Funds,69B9103F0,69B910780,United States,USD,Person,384,Simon Rubio,0,0,0,0,Mutual Fund / ETF,4227951100,0
Norman Kissimmee Funds,69B9103F0,69B910780,United States,USD,Person,384,Simon Rubio,0,0,0,0,Money Market,4227951101,0
Cash,3CEC88A0,3CEC8BC0,United States,USD,Person,385,Scarlette George,0,0,0,0,Cash,0,0
Walters Savings Bank,697E3F230,697E3F5C0,United States,USD,Person,385,Scarlette George,1,68,0,0,Checking,2348902973,50
Angelina's Bank,69A12BFB0,69A12C340,United States,USD,Person,385,Scarlette George,0,0,0,0,Savings,3959515710,10
Walters Savings Bank,697E3F230,697E3F5C0,United States,USD,Person,385,Scarlette George,0,0,0,0,Money Market,2348902975,25
Raymond James Financial,1328D33F0,136E5F840,United States,USD,Person,385,Scarlette George,0,0,0,0,Mutual Fund / ETF,4227951168,0
Raymond James Financial,1328D33F0,136E5F840,United States,USD,Person,385,Scarlette George,0,0,0,0,Mutual Fund / ETF,4227951169,0
Raymond James Financial,1328D33F0,136E5F840,United States,USD,Person,385,Scarlette George,0,0,0,0,Money Market,4227951170,100
Raymond James Financial,1328D33F0,136E5F840,United States,USD,Person,385,Scarlette George,0,0,0,0,Mutual Fund / ETF,4227951171,0
Angelina's Bank,69A12BFB0,69A12C340,United States,USD,Person,385,Scarlette George,0,0,0,0,Money Market,3959515716,50
Cash,3CEC88A0,3CEC8BC0,United States,USD,Person,386,Dax Benitez,0,0,0,0,Cash,0,0
Kristina's Savings Bank,6991FB6A0,6991FBA30,United States,USD,Person,386,Dax Benitez,1,0,0,0,Checking,2818665057,25
Citi,132878850,134B00C30,United States,USD,Person,386,Dax Benitez,0,0,0,0,Savings,335637090,100
Kristina's Savings Bank,6991FB6A0,6991FBA30,United States,USD,Person,386,Dax Benitez,0,0,0,0,Money Market,2818665059,10
Citi,132878850,134B00C30,United States,USD,Person,386,Dax Benitez,0,0,0,0,Money Market,335637092,10
Cash,3CEC88A0,3CEC8BC0,United States,USD,Person,387,Romina Martin,0,0,0,0,Cash,0,0
JPMorgan Chase,132877E90,1349FC860,United States,USD,Person,387,Romina Martin,1,0,0,0,Checking,2751556210,10
Evangeline's Savings Bank,69B2E98C0,69B2E9C50,United States,USD,Person,387,Romina Martin,0,0,0,0,Savings,805399155,10
Aleah's Brokerage,69B757000,69B757390,United States,USD,Person,387,Romina Martin,0,0,0,0,Money Market,92788,100
Evangeline's Savings Bank,69B2E98C0,69B2E9C50,United States,USD,Person,387,Romina Martin,0,0,0,0,CD,805399157,0
Raiden's Auburn Bank,6989E08F0,6989E0C80,United States,USD,Person,387,Romina Martin,0,0,0,0,CD,1006725750,0
JPMorgan Chase,132877E90,1349FC860,United States,USD,Person,387,Romina Martin,0,0,0,0,CD,2751556215,0
Aleah's Brokerage,69B757000,69B757390,United States,USD,Person,387,Romina Martin,0,0,0,0,Mutual Fund / ETF,92792,0
Aleah's Brokerage,69B757000,69B757390,United States,USD,Person,387,Romina Martin,0,0,0,0,Mutual Fund / ETF,92793,0
Aleah's Brokerage,69B757000,69B757390,United States,USD,Person,387,Romina Martin,0,0,0,0,Mutual Fund / ETF,92794,0
Aleah's Brokerage,69B757000,69B757390,United States,USD,Person,387,Romina Martin,0,0,0,0,Mutual Fund / ETF,92795,0
Aleah's Brokerage,69B757000,69B757390,United States,USD,Person,387,Romina Martin,0,0,0,0,Mutual Fund / ETF,92796,0
Aleah's Brokerage,69B757000,69B757390,United States,USD,Person,387,Romina Martin,0,0,0,0,Mutual Fund / ETF,92797,0
Aleah's Brokerage,69B757000,69B757390,United States,USD,Person,387,Romina Martin,0,0,0,0,Mutual Fund / ETF,92798,0
Aleah's Brokerage,69B757000,69B757390,United States,USD,Person,387,Romina Martin,0,0,0,0,Mutual Fund / ETF,92799,0
Aleah's Brokerage,69B757000,69B757390,United States,USD,Person,387,Romina Martin,0,0,0,0,Mutual Fund / ETF,92800,0
Aleah's Brokerage,69B757000,69B757390,United States,USD,Person,387,Romina Martin,0,0,0,0,Mutual Fund / ETF,92801,0
Aleah's Brokerage,69B757000,69B757390,United States,USD,Person,387,Romina Martin,0,0,0,0,Mutual Fund / ETF,92802,0
Aleah's Brokerage,69B757000,69B757390,United States,USD,Person,387,Romina Martin,0,0,0,0,Mutual Fund / ETF,92803,0
Evangeline's Savings Bank,69B2E98C0,69B2E9C50,United States,USD,Person,387,Romina Martin,0,0,0,0,Money Market,805399172,10
Vanguard Investments,1328D3DB0,1337CF6F0,United States,USD,Person,387,Romina Martin,0,0,0,0,Mutual Fund / ETF,1812032133,0
Aleah's Brokerage,69B757000,69B757390,United States,USD,Person,387,Romina Martin,0,0,0,0,Mutual Fund / ETF,92806,0
JPMorgan Chase,132877E90,1349FC860,United States,USD,Person,387,Romina Martin,0,0,0,0,Money Market,2751556231,0
Cash,3CEC88A0,3CEC8BC0,United States,USD,Person,388,Maisie Watts,0,0,0,0,Cash,0,0
Josephine's Saint Johnsbury Savings Bank,69884BD10,69884C0A0,United States,USD,Person,388,Maisie Watts,1,1,0,0,Checking,1140943519,25
Josephine's Saint Johnsbury Savings Bank,69884BD10,69884C0A0,United States,USD,Person,388,Maisie Watts,0,0,0,0,Savings,1140943520,25
Josephine's Saint Johnsbury Savings Bank,69884BD10,69884C0A0,United States,USD,Person,388,Maisie Watts,0,0,0,0,Money Market,1140943521,0
Synchrony Financial,1328D30B0,136E5F2F0,United States,USD,Person,388,Maisie Watts,0,0,0,0,Mutual Fund / ETF,738290338,0
Synchrony Financial,1328D30B0,136E5F2F0,United States,USD,Person,388,Maisie Watts,0,0,0,0,Mutual Fund / ETF,738290339,0
Synchrony Financial,1328D30B0,136E5F2F0,United States,USD,Person,388,Maisie Watts,0,0,0,0,Mutual Fund / ETF,738290340,0
Synchrony Financial,1328D30B0,136E5F2F0,United States,USD,Person,388,Maisie Watts,0,0,0,0,Mutual Fund / ETF,738290341,0
Josephine's Saint Johnsbury Savings Bank,69884BD10,69884C0A0,United States,USD,Person,388,Maisie Watts,0,0,0,0,Money Market,1140943526,0
Synchrony Financial,1328D30B0,136E5F2F0,United States,USD,Person,388,Maisie Watts,0,0,0,0,Mutual Fund / ETF,738290343,0
Synchrony Financial,1328D30B0,136E5F2F0,United States,USD,Person,388,Maisie Watts,0,0,0,0,Mutual Fund / ETF,738290344,0
Synchrony Financial,1328D30B0,136E5F2F0,United States,USD,Person,388,Maisie Watts,0,0,0,0,Mutual Fund / ETF,738290345,0
Synchrony Financial,1328D30B0,136E5F2F0,United States,USD,Person,388,Maisie Watts,0,0,0,0,Money Market,738290346,0
Cash,3CEC88A0,3CEC8BC0,United States,USD,Person,389,Harvey Marin,0,0,0,0,Cash,0,0
Karter's Savings Bank,6980E73F0,6980E7780,United States,USD,Person,389,Harvey Marin,1,120,0,0,Checking,4227951281,50
Glenn Savings Bank,698A9A6E0,698A9AA70,United States,USD,Person,389,Harvey Marin,0,0,0,0,Savings,3087100594,0
U.S. Bancorp,132878ED0,134B733F0,United States,USD,Person,389,Harvey Marin,0,0,0,0,Savings,3019991731,10
U.S. Bancorp,132878ED0,134B733F0,United States,USD,Person,389,Harvey Marin,0,0,0,0,CD,3019991732,0
Emelia's Investments,69B742EC0,69B743250,United States,USD,Person,389,Harvey Marin,0,0,0,0,Mutual Fund / ETF,2952882869,0
Emelia's Investments,69B742EC0,69B743250,United States,USD,Person,389,Harvey Marin,0,0,0,0,Mutual Fund / ETF,2952882870,0
Emelia's Investments,69B742EC0,69B743250,United States,USD,Person,389,Harvey Marin,0,0,0,0,Stock,2952882871,0
Emelia's Investments,69B742EC0,69B743250,United States,USD,Person,389,Harvey Marin,0,0,0,0,Stock,2952882872,0
Emelia's Investments,69B742EC0,69B743250,United States,USD,Person,389,Harvey Marin,0,0,0,0,Stock,2952882873,0
Emelia's Investments,69B742EC0,69B743250,United States,USD,Person,389,Harvey Marin,0,0,0,0,Stock,2952882874,0
Emelia's Investments,69B742EC0,69B743250,United States,USD,Person,389,Harvey Marin,0,0,0,0,Stock,2952882875,0
Emelia's Investments,69B742EC0,69B743250,United States,USD,Person,389,Harvey Marin,0,0,0,0,Stock,2952882876,0
Emelia's Investments,69B742EC0,69B743250,United States,USD,Person,389,Harvey Marin,0,0,0,0,Stock,2952882877,0
Emelia's Investments,69B742EC0,69B743250,United States,USD,Person,389,Harvey Marin,0,0,0,0,Stock,2952882878,0
Emelia's Investments,69B742EC0,69B743250,United States,USD,Person,389,Harvey Marin,0,0,0,0,Mutual Fund / ETF,2952882879,0
Emelia's Investments,69B742EC0,69B743250,United States,USD,Person,389,Harvey Marin,0,0,0,0,Mutual Fund / ETF,2952882880,0
Glenn Savings Bank,698A9A6E0,698A9AA70,United States,USD,Person,389,Harvey Marin,0,0,0,0,Money Market,3087100609,10
Emelia's Investments,69B742EC0,69B743250,United States,USD,Person,389,Harvey Marin,0,0,0,0,Mutual Fund / ETF,2952882882,0
Emelia's Investments,69B742EC0,69B743250,United States,USD,Person,389,Harvey Marin,0,0,0,0,Money Market,2952882883,50
Cash,3CEC88A0,3CEC8BC0,United States,USD,Person,390,Kai Meyers,0,0,0,0,Cash,0,0
Anderson San Francisco Thrift,699737BA0,699737F30,United States,USD,Person,390,Kai Meyers,1,0,0,0,Checking,3892406996,25
JPMorgan Chase,132877E90,1349E8190,United States,USD,Person,390,Kai Meyers,0,0,0,0,Savings,2751556309,10
Anderson San Francisco Thrift,699737BA0,699737F30,United States,USD,Person,390,Kai Meyers,0,0,0,0,Money Market,3892406998,25
Nielsen San Francisco Investments,69B8A62F0,69B8A6680,United States,USD,Person,390,Kai Meyers,0,0,0,0,Stock,3154209495,0
Nielsen San Francisco Investments,69B8A62F0,69B8A6680,United States,USD,Person,390,Kai Meyers,0,0,0,0,Stock,3154209496,0
Nielsen San Francisco Investments,69B8A62F0,69B8A6680,United States,USD,Person,390,Kai Meyers,0,0,0,0,Stock,3154209497,0
Nielsen San Francisco Investments,69B8A62F0,69B8A6680,United States,USD,Person,390,Kai Meyers,0,0,0,0,Stock,3154209498,0
Merrill Lynch,1328D23B0,136E5DEC0,United States,USD,Person,390,Kai Meyers,0,0,0,0,Stock,3959515867,0
Izaiah's Brokers,9A9262AA0,9A9262E30,France,EUR,Person,390,Kai Meyers,0,0,0,0,Stock,2818665180,0
Nielsen San Francisco Investments,69B8A62F0,69B8A6680,United States,USD,Person,390,Kai Meyers,0,0,0,0,Stock,3154209501,0
Merrill Lynch,1328D23B0,136E5DEC0,United States,USD,Person,390,Kai Meyers,0,0,0,0,Stock,3959515870,0
Nielsen San Francisco Investments,69B8A62F0,69B8A6680,United States,USD,Person,390,Kai Meyers,0,0,0,0,Stock,3154209503,0
Nielsen San Francisco Investments,69B8A62F0,69B8A6680,United States,USD,Person,390,Kai Meyers,0,0,0,0,Stock,3154209504,0
Merrill Lynch,1328D23B0,136E5DEC0,United States,USD,Person,390,Kai Meyers,0,0,0,0,Stock,3959515873,0
Nielsen San Francisco Investments,69B8A62F0,69B8A6680,United States,USD,Person,390,Kai Meyers,0,0,0,0,Stock,3154209506,0
Nielsen San Francisco Investments,69B8A62F0,69B8A6680,United States,USD,Person,390,Kai Meyers,0,0,0,0,Stock,3154209507,0
Nielsen San Francisco Investments,69B8A62F0,69B8A6680,United States,USD,Person,390,Kai Meyers,0,0,0,0,Stock,3154209508,0
Nielsen San Francisco Investments,69B8A62F0,69B8A6680,United States,USD,Person,390,Kai Meyers,0,0,0,0,Stock,3154209509,0
York Brokerage House,69B91D870,69B91DC00,United States,USD,Person,390,Kai Meyers,0,0,0,0,Stock,469854950,0
Merrill Lynch,1328D23B0,136E5DEC0,United States,USD,Person,390,Kai Meyers,0,0,0,0,Stock,3959515879,0
Nielsen San Francisco Investments,69B8A62F0,69B8A6680,United States,USD,Person,390,Kai Meyers,0,0,0,0,Mutual Fund / ETF,3154209512,0
Merrill Lynch,1328D23B0,136E5DEC0,United States,USD,Person,390,Kai Meyers,0,0,0,0,Mutual Fund / ETF,3959515881,0
Merrill Lynch,1328D23B0,136E5DEC0,United States,USD,Person,390,Kai Meyers,0,0,0,0,Mutual Fund / ETF,3959515882,0
Fisher's San Francisco Brokerage House,69B8D66E0,69B8D6A70,United States,USD,Person,390,Kai Meyers,0,0,0,0,Mutual Fund / ETF,3087100651,0
Wells Fargo,132878510,134A81830,United States,USD,Person,390,Kai Meyers,0,0,0,0,Money Market,1140943596,50
Bank of New York Mellon,132879550,134BC82D0,United States,USD,Person,390,Kai Meyers,0,0,0,0,Money Market,1409379053,10
Nielsen San Francisco Investments,69B8A62F0,69B8A6680,United States,USD,Person,390,Kai Meyers,0,0,0,0,Money Market,3154209518,25
Nielsen San Francisco Investments,69B8A62F0,69B8A6680,United States,USD,Person,390,Kai Meyers,0,0,0,0,Mutual Fund / ETF,3154209519,0
Nielsen San Francisco Investments,69B8A62F0,69B8A6680,United States,USD,Person,390,Kai Meyers,0,0,0,0,Mutual Fund / ETF,3154209520,0
Merrill Lynch,1328D23B0,136E5DEC0,United States,USD,Person,390,Kai Meyers,0,0,0,0,Money Market,3959515889,100
York Brokerage House,69B91D870,69B91DC00,United States,USD,Person,390,Kai Meyers,0,0,0,0,Money Market,469854962,25
Cash,3CEC88A0,3CEC8BC0,United States,USD,Person,391,Alok Lang,0,0,0,0,Cash,0,0
McKay Federal Credit Union,699715E40,6997161D0,United States,USD,Person,391,Alok Lang,1,0,0,0,Checking,2416012053,0
JPMorgan Chase,132877E90,1349E8190,United States,USD,Person,391,Alok Lang,0,0,0,0,Savings,2751556374,50
McKay Federal Credit Union,699715E40,6997161D0,United States,USD,Person,391,Alok Lang,0,0,0,0,Money Market,2416012055,0
JPMorgan Chase,132877E90,1349E8190,United States,USD,Person,391,Alok Lang,0,0,0,0,CD,2751556376,0
Duke Brokerage,69B85BDB0,69B85C140,United States,USD,Person,391,Alok Lang,0,0,0,0,Stock,1812032281,0
Duke Brokerage,69B85BDB0,69B85C140,United States,USD,Person,391,Alok Lang,0,0,0,0,Stock,1812032282,0
Monserrat's Partners,9C79B5A20,9C79B5DB0,Tanzania,TZS,Person,391,Alok Lang,0,0,0,0,Stock,2281794331,0
Duke Brokerage,69B85BDB0,69B85C140,United States,USD,Person,391,Alok Lang,0,0,0,0,Stock,1812032284,0
Duke Brokerage,69B85BDB0,69B85C140,United States,USD,Person,391,Alok Lang,0,0,0,0,Stock,1812032285,0
Duke Brokerage,69B85BDB0,69B85C140,United States,USD,Person,391,Alok Lang,0,0,0,0,Stock,1812032286,0
Duke Brokerage,69B85BDB0,69B85C140,United States,USD,Person,391,Alok Lang,0,0,0,0,Stock,1812032287,0
Duke Brokerage,69B85BDB0,69B85C140,United States,USD,Person,391,Alok Lang,0,0,0,0,Stock,1812032288,0
Duke Brokerage,69B85BDB0,69B85C140,United States,USD,Person,391,Alok Lang,0,0,0,0,Stock,1812032289,0
Duke Brokerage,69B85BDB0,69B85C140,United States,USD,Person,391,Alok Lang,0,0,0,0,Stock,1812032290,0
Duke Brokerage,69B85BDB0,69B85C140,United States,USD,Person,391,Alok Lang,0,0,0,0,Stock,1812032291,0
Duke Brokerage,69B85BDB0,69B85C140,United States,USD,Person,391,Alok Lang,0,0,0,0,Stock,1812032292,0
Duke Brokerage,69B85BDB0,69B85C140,United States,USD,Person,391,Alok Lang,0,0,0,0,Stock,1812032293,0
Skylar's Champlin Securities Company,69B8FC760,69B8FCAF0,United States,USD,Person,391,Alok Lang,0,0,0,0,Stock,3623971622,0
Skylar's Champlin Securities Company,69B8FC760,69B8FCAF0,United States,USD,Person,391,Alok Lang,0,0,0,0,Stock,3623971623,0
Skylar's Champlin Securities Company,69B8FC760,69B8FCAF0,United States,USD,Person,391,Alok Lang,0,0,0,0,Stock,3623971624,0
Skylar's Champlin Securities Company,69B8FC760,69B8FCAF0,United States,USD,Person,391,Alok Lang,0,0,0,0,Stock,3623971625,0
Skylar's Champlin Securities Company,69B8FC760,69B8FCAF0,United States,USD,Person,391,Alok Lang,0,0,0,0,Stock,3623971626,0
Skylar's Champlin Securities Company,69B8FC760,69B8FCAF0,United States,USD,Person,391,Alok Lang,0,0,0,0,Mutual Fund / ETF,3623971627,0
Skylar's Champlin Securities Company,69B8FC760,69B8FCAF0,United States,USD,Person,391,Alok Lang,0,0,0,0,Mutual Fund / ETF,3623971628,0
JPMorgan Chase,132877E90,1349E8190,United States,USD,Person,391,Alok Lang,0,0,0,0,Money Market,2751556397,0
Cash,3CEC88A0,3CEC8BC0,United States,USD,Person,392,Dominique Q. Gallegos,0,0,0,0,Cash,0,0
Duke San Antonio Savings Bank,698ACA290,698ACA620,United States,USD,Person,392,Dominique Q. Gallegos,1,208,0,0,Checking,2751556404,25
JPMorgan Chase,132877E90,134A0F330,United States,USD,Person,392,Dominique Q. Gallegos,0,0,0,0,Savings,2751556405,50
Zion's San Antonio Partners,69B81FB30,69B81FEC0,United States,USD,Person,392,Dominique Q. Gallegos,0,0,0,0,Money Market,3422645046,50
Fidelity Investments,1328D40F0,136E631A0,United States,USD,Person,392,Dominique Q. Gallegos,0,0,0,0,Stock,1006725943,0
Fidelity Investments,1328D40F0,136E631A0,United States,USD,Person,392,Dominique Q. Gallegos,0,0,0,0,Stock,1006725944,0
Fidelity Investments,1328D40F0,136E631A0,United States,USD,Person,392,Dominique Q. Gallegos,0,0,0,0,Stock,1006725945,0
Morgan Stanley,1328D2070,136E599E0,United States,USD,Person,392,Dominique Q. Gallegos,0,0,0,0,Stock,469855034,0
Fidelity Investments,1328D40F0,136E631A0,United States,USD,Person,392,Dominique Q. Gallegos,0,0,0,0,Stock,1006725947,0
Fidelity Investments,1328D40F0,136E631A0,United States,USD,Person,392,Dominique Q. Gallegos,0,0,0,0,Stock,1006725948,0
Fidelity Investments,1328D40F0,136E631A0,United States,USD,Person,392,Dominique Q. Gallegos,0,0,0,0,Stock,1006725949,0
Fidelity Investments,1328D40F0,136E631A0,United States,USD,Person,392,Dominique Q. Gallegos,0,0,0,0,Stock,1006725950,0
Fidelity Investments,1328D40F0,136E631A0,United States,USD,Person,392,Dominique Q. Gallegos,0,0,0,0,Mutual Fund / ETF,1006725951,0
Wellington Management,1328D4DF0,136E633A0,United States,USD,Person,392,Dominique Q. Gallegos,0,0,0,0,Mutual Fund / ETF,2080467776,0
Fidelity Investments,1328D40F0,136E631A0,United States,USD,Person,392,Dominique Q. Gallegos,0,0,0,0,Mutual Fund / ETF,1006725953,0
Fidelity Investments,1328D40F0,136E631A0,United States,USD,Person,392,Dominique Q. Gallegos,0,0,0,0,Mutual Fund / ETF,1006725954,0
Fidelity Investments,1328D40F0,136E631A0,United States,USD,Person,392,Dominique Q. Gallegos,0,0,0,0,Money Market,1006725955,0
Fidelity Investments,1328D40F0,136E631A0,United States,USD,Person,392,Dominique Q. Gallegos,0,0,0,0,Mutual Fund / ETF,1006725956,0
Interactive Brokers,1328D2D70,136E5F270,United States,USD,Person,392,Dominique Q. Gallegos,0,0,0,0,Money Market,1543596869,10
Cash,3CEC88A0,3CEC8BC0,United States,USD,Person,393,Paislee Gallegos,0,0,0,0,Cash,0,0
Key Bank,132879F10,134C391A0,United States,USD,Person,393,Paislee Gallegos,0,0,0,0,Checking,3288427355,10
Joseph Federal Credit Union,69862F820,69862FBB0,United States,USD,Person,393,Paislee Gallegos,0,0,0,0,Savings,134310748,0
Key Bank,132879F10,134C391A0,United States,USD,Person,393,Paislee Gallegos,0,0,0,0,Money Market,3288427357,10
Black Rock,1328D3A70,1337CF670,United States,USD,Person,393,Paislee Gallegos,0,0,0,0,Mutual Fund / ETF,2617338718,0
American Funds,1328D4430,136E63220,United States,USD,Person,393,Paislee Gallegos,0,0,0,0,Mutual Fund / ETF,201419615,0
Joseph Federal Credit Union,69862F820,69862FBB0,United States,USD,Person,393,Paislee Gallegos,0,0,0,0,Money Market,134310752,50
Black Rock,1328D3A70,1337CF670,United States,USD,Person,393,Paislee Gallegos,0,0,0,0,Mutual Fund / ETF,2617338721,0
Black Rock,1328D3A70,1337CF670,United States,USD,Person,393,Paislee Gallegos,0,0,0,0,Money Market,2617338722,10
Cash,3CEC88A0,3CEC8BC0,United States,USD,Person,394,Asa Blevins,0,0,0,0,Cash,0,0
Bonilla Bank,3DFEE5BC0,3DFEE5F50,United States,USD,Person,394,Asa Blevins,1,120,0,0,Checking,4026624869,0
Capital One Financial,132878B90,134B376E0,United States,USD,Person,394,Asa Blevins,0,0,0,0,Savings,3825298278,0
Deribit,1328D71B0,136E63A60,United States,USD,Person,394,Asa Blevins,0,0,0,0,Crypto Currency,1812032359,0
Invesco,1328D4AB0,136E63320,United States,USD,Person,394,Asa Blevins,0,0,0,0,Mutual Fund / ETF,2885774184,0
Bonilla Bank,3DFEE5BC0,3DFEE5F50,United States,USD,Person,394,Asa Blevins,0,0,0,0,Money Market,4026624873,25
Cash,3CEC88A0,3CEC8BC0,United States,USD,Person,395,Sterling Pope,0,0,0,0,Cash,0,0
U.S. Bancorp,132878ED0,134B673E0,United States,USD,Person,395,Sterling Pope,1,1,0,0,Checking,3019991939,10
Ryland's Bank,699D10B40,699D10ED0,United States,USD,Person,395,Sterling Pope,0,0,0,0,Savings,3489753988,50
Raymond James Financial,1328D33F0,136E5F370,United States,USD,Person,395,Sterling Pope,0,0,0,0,Mutual Fund / ETF,4227951493,0
Raymond James Financial,1328D33F0,136E5F370,United States,USD,Person,395,Sterling Pope,0,0,0,0,Mutual Fund / ETF,4227951494,0
U.S. Bancorp,132878ED0,134B673E0,United States,USD,Person,395,Sterling Pope,0,0,0,0,Money Market,3019991943,0
Interactive Brokers,1328D2D70,136E5F270,United States,USD,Person,395,Sterling Pope,0,0,0,0,Mutual Fund / ETF,1543596936,0
Interactive Brokers,1328D2D70,136E5F270,United States,USD,Person,395,Sterling Pope,0,0,0,0,Mutual Fund / ETF,1543596937,0
Raymond James Financial,1328D33F0,136E5F370,United States,USD,Person,395,Sterling Pope,0,0,0,0,Mutual Fund / ETF,4227951498,0
Raymond James Financial,1328D33F0,136E5F370,United States,USD,Person,395,Sterling Pope,0,0,0,0,Mutual Fund / ETF,4227951499,0
Raymond James Financial,1328D33F0,136E5F370,United States,USD,Person,395,Sterling Pope,0,0,0,0,Mutual Fund / ETF,4227951500,0
Interactive Brokers,1328D2D70,136E5F270,United States,USD,Person,395,Sterling Pope,0,0,0,0,Money Market,1543596941,0
Cash,3CEC88A0,3CEC8BC0,United States,USD,Person,396,Omari Stein,0,0,0,0,Cash,0,0
Proctor Federal Credit Union,6982224C0,698222850,United States,USD,Person,396,Omari Stein,1,0,0,0,Checking,805399439,25
Proctor Federal Credit Union,6982224C0,698222850,United States,USD,Person,396,Omari Stein,0,0,0,0,Savings,805399440,0
Proctor Federal Credit Union,6982224C0,698222850,United States,USD,Person,396,Omari Stein,0,0,0,0,Money Market,805399441,50
Voya Financial,1328D2A30,136E5F1F0,United States,USD,Person,396,Omari Stein,0,0,0,0,Mutual Fund / ETF,2348903314,0
Voya Financial,1328D2A30,136E5F1F0,United States,USD,Person,396,Omari Stein,0,0,0,0,Mutual Fund / ETF,2348903315,0
Voya Financial,1328D2A30,136E5F1F0,United States,USD,Person,396,Omari Stein,0,0,0,0,Money Market,2348903316,0
Cash,3CEC88A0,3CEC8BC0,United States,USD,Person,397,Holland York,0,0,0,0,Cash,0,0
Hogan Longboat Key Savings Bank,6991D4950,6991D4CE0,United States,USD,Person,397,Holland York,1,0,0,0,Checking,1409379226,10
United Thrift,69A722460,69A7227F0,United States,USD,Person,397,Holland York,0,0,0,0,Savings,402746267,0
Hogan Longboat Key Savings Bank,6991D4950,6991D4CE0,United States,USD,Person,397,Holland York,0,0,0,0,Money Market,1409379228,25
Cash,3CEC88A0,3CEC8BC0,United States,USD,Person,398,Hunter Casey,0,0,0,0,Cash,0,0
Ally Financial,13287AF50,133B57270,United States,USD,Person,398,Hunter Casey,1,208,0,0,Checking,3556862899,0
Whitney Bank,6986DF270,6986DF600,United States,USD,Person,398,Hunter Casey,0,0,0,0,Savings,2617338804,0
Ally Financial,13287AF50,133B57270,United States,USD,Person,398,Hunter Casey,0,0,0,0,Money Market,3556862901,0
Ally Financial,13287AF50,133B57270,United States,USD,Person,398,Hunter Casey,0,0,0,0,CD,3556862902,0
Leonard Federal Credit Union,699D98980,699D98D10,United States,USD,Person,398,Hunter Casey,0,0,0,0,CD,1610705847,0
Hudson Securities Company,69B8A2EB0,69B8A3240,United States,USD,Person,398,Hunter Casey,0,0,0,0,Mutual Fund / ETF,2885774264,0
Whitney Bank,6986DF270,6986DF600,United States,USD,Person,398,Hunter Casey,0,0,0,0,Money Market,2617338809,100
Cash,3CEC88A0,3CEC8BC0,United States,USD,Person,399,Sarah K. Barnes,0,0,0,0,Cash,0,0
Sheppard Bank,69874AA40,69874ADD0,United States,USD,Person,399,Sarah K. Barnes,1,0,0,0,Checking,2416012247,0
Adriana's Bank,6982F4400,6982F4790,United States,USD,Person,399,Sarah K. Barnes,1,208,0,0,Checking,93144,50
Sheppard Bank,69874AA40,69874ADD0,United States,USD,Person,399,Sarah K. Barnes,0,0,0,0,Savings,2416012249,25
Adriana's Bank,6982F4400,6982F4790,United States,USD,Person,399,Sarah K. Barnes,0,0,0,0,Money Market,93146,0
Goldman Sachs,1328D19F0,133657BB0,United States,USD,Person,399,Sarah K. Barnes,0,0,0,0,Mutual Fund / ETF,2080467931,0
Goldman Sachs,1328D19F0,133657BB0,United States,USD,Person,399,Sarah K. Barnes,0,0,0,0,Mutual Fund / ETF,2080467932,0
Goldman Sachs,1328D19F0,133657BB0,United States,USD,Person,399,Sarah K. Barnes,0,0,0,0,Mutual Fund / ETF,2080467933,0
Goldman Sachs,1328D19F0,133657BB0,United States,USD,Person,399,Sarah K. Barnes,0,0,0,0,Mutual Fund / ETF,2080467934,0
Goldman Sachs,1328D19F0,133657BB0,United States,USD,Person,399,Sarah K. Barnes,0,0,0,0,Mutual Fund / ETF,2080467935,0
Goldman Sachs,1328D19F0,133657BB0,United States,USD,Person,399,Sarah K. Barnes,0,0,0,0,Mutual Fund / ETF,2080467936,0
T. Rowe Price,1328D5470,136E634C0,United States,USD,Person,399,Sarah K. Barnes,0,0,0,0,Mutual Fund / ETF,469855201,0
Goldman Sachs,1328D19F0,133657BB0,United States,USD,Person,399,Sarah K. Barnes,0,0,0,0,Money Market,2080467938,100
Edward Jones,1328D1D30,136E53C50,United States,USD,Person,399,Sarah K. Barnes,0,0,0,0,Mutual Fund / ETF,1275161571,0
Goldman Sachs,1328D19F0,133657BB0,United States,USD,Person,399,Sarah K. Barnes,0,0,0,0,Mutual Fund / ETF,2080467940,0
Invesco,1328D4AB0,136E63320,United States,USD,Person,399,Sarah K. Barnes,0,0,0,0,Mutual Fund / ETF,2885774309,0
Goldman Sachs,1328D19F0,133657BB0,United States,USD,Person,399,Sarah K. Barnes,0,0,0,0,Mutual Fund / ETF,2080467942,0
Morgan Stanley,1328D2070,136E57910,United States,USD,Person,399,Sarah K. Barnes,0,0,0,0,Mutual Fund / ETF,469855207,0
Invesco,1328D4AB0,136E63320,United States,USD,Person,399,Sarah K. Barnes,0,0,0,0,Mutual Fund / ETF,2885774312,0
Goldman Sachs,1328D19F0,133657BB0,United States,USD,Person,399,Sarah K. Barnes,0,0,0,0,Mutual Fund / ETF,2080467945,0
Edward Jones,1328D1D30,136E53C50,United States,USD,Person,399,Sarah K. Barnes,0,0,0,0,Mutual Fund / ETF,1275161578,0
Invesco,1328D4AB0,136E63320,United States,USD,Person,399,Sarah K. Barnes,0,0,0,0,Mutual Fund / ETF,2885774315,0
Goldman Sachs,1328D19F0,133657BB0,United States,USD,Person,399,Sarah K. Barnes,0,0,0,0,Mutual Fund / ETF,2080467948,0
Invesco,1328D4AB0,136E63320,United States,USD,Person,399,Sarah K. Barnes,0,0,0,0,Mutual Fund / ETF,2885774317,0
Edward Jones,1328D1D30,136E53C50,United States,USD,Person,399,Sarah K. Barnes,0,0,0,0,Mutual Fund / ETF,1275161582,0
Edward Jones,1328D1D30,136E53C50,United States,USD,Person,399,Sarah K. Barnes,0,0,0,0,Money Market,1275161583,0
Cash,3CEC88A0,3CEC8BC0,United States,USD,Person,400,Bodhi Barber,0,0,0,0,Cash,0,0
Fifth Third Bancorp,13287B290,134C9DBB0,United States,USD,Person,400,Bodhi Barber,1,0,0,0,Checking,2751556644,0
JPMorgan Chase,132877E90,134A16F00,United States,USD,Person,400,Bodhi Barber,0,0,0,0,Savings,2751556645,100
Fifth Third Bancorp,13287B290,134C9DBB0,United States,USD,Person,400,Bodhi Barber,0,0,0,0,Savings,2751556646,25
JPMorgan Chase,132877E90,134A16F00,United States,USD,Person,400,Bodhi Barber,0,0,0,0,Money Market,2751556647,0
Raymond James Financial,1328D33F0,136E5F370,United States,USD,Person,400,Bodhi Barber,0,0,0,0,Money Market,4227951656,0
Bybit,1328D6E70,136E639C0,United States,USD,Person,400,Bodhi Barber,0,0,0,0,Crypto Currency,2617338921,0
Kemp Santa Ana Brokerage,69B95A3D0,69B95A760,United States,USD,Person,400,Bodhi Barber,0,0,0,0,Mutual Fund / ETF,4093733930,0
Kemp Santa Ana Brokerage,69B95A3D0,69B95A760,United States,USD,Person,400,Bodhi Barber,0,0,0,0,Mutual Fund / ETF,4093733931,0
Kemp Santa Ana Brokerage,69B95A3D0,69B95A760,United States,USD,Person,400,Bodhi Barber,0,0,0,0,Mutual Fund / ETF,4093733932,0
Kemp Santa Ana Brokerage,69B95A3D0,69B95A760,United States,USD,Person,400,Bodhi Barber,0,0,0,0,Mutual Fund / ETF,4093733933,0
JPMorgan Chase,132877E90,134A16F00,United States,USD,Person,400,Bodhi Barber,0,0,0,0,Money Market,2751556654,10
Fifth Third Bancorp,13287B290,134C9DBB0,United States,USD,Person,400,Bodhi Barber,0,0,0,0,Money Market,2751556655,0
Kemp Santa Ana Brokerage,69B95A3D0,69B95A760,United States,USD,Person,400,Bodhi Barber,0,0,0,0,Mutual Fund / ETF,4093733936,0
Kemp Santa Ana Brokerage,69B95A3D0,69B95A760,United States,USD,Person,400,Bodhi Barber,0,0,0,0,Mutual Fund / ETF,4093733937,0
Kemp Santa Ana Brokerage,69B95A3D0,69B95A760,United States,USD,Person,400,Bodhi Barber,0,0,0,0,Mutual Fund / ETF,4093733938,0
Kemp Santa Ana Brokerage,69B95A3D0,69B95A760,United States,USD,Person,400,Bodhi Barber,0,0,0,0,Money Market,4093733939,0
Cash,3CEC88A0,3CEC8BC0,United States,USD,Person,401,Alejandro Fuentes III,0,0,0,0,Cash,0,0
JPMorgan Chase,132877E90,1349FA330,United States,USD,Person,401,Alejandro Fuentes III,0,0,0,0,Checking,2751556663,0
Mathew's Savings Bank,696F482F0,696F48680,United States,USD,Person,401,Alejandro Fuentes III,0,0,0,0,Savings,3154209848,10
Merrill Lynch,1328D23B0,136E5C6B0,United States,USD,Person,401,Alejandro Fuentes III,0,0,0,0,Mutual Fund / ETF,3959516217,0
Hurley Investments,9A9262650,9A92629E0,France,USD,Person,401,Alejandro Fuentes III,0,0,0,0,Mutual Fund / ETF,2483121210,0
Dylan's Miami Stocks and Investing,69B98A380,69B98A710,United States,USD,Person,401,Alejandro Fuentes III,0,0,0,0,Mutual Fund / ETF,3758189627,0
Dylan's Miami Stocks and Investing,69B98A380,69B98A710,United States,USD,Person,401,Alejandro Fuentes III,0,0,0,0,Mutual Fund / ETF,3758189628,0
Henrik's Brokerage,69B96E9A0,69B96ED30,United States,USD,Person,401,Alejandro Fuentes III,0,0,0,0,Money Market,1744923709,0
Cash,3CEC88A0,3CEC8BC0,United States,USD,Person,402,Malachi Potts,0,0,0,0,Cash,0,0
Milana's Bank,69B550EF0,69B551280,United States,USD,Person,402,Malachi Potts,1,0,0,0,Checking,3154209914,10
U.S. Bancorp,132878ED0,134B710F0,United States,USD,Person,402,Malachi Potts,0,0,0,0,Savings,3019992187,25
Milana's Bank,69B550EF0,69B551280,United States,USD,Person,402,Malachi Potts,0,0,0,0,Money Market,3154209916,0
Edward Jones,1328D1D30,136E54900,United States,USD,Person,402,Malachi Potts,0,0,0,0,Mutual Fund / ETF,1275161725,0
Edward Jones,1328D1D30,136E54900,United States,USD,Person,402,Malachi Potts,0,0,0,0,Mutual Fund / ETF,1275161726,0
Edward Jones,1328D1D30,136E54900,United States,USD,Person,402,Malachi Potts,0,0,0,0,Money Market,1275161727,10
Ameriprise Financial,1328D26F0,136E5F170,United States,USD,Person,402,Malachi Potts,0,0,0,0,Mutual Fund / ETF,3154209920,0
Ameriprise Financial,1328D26F0,136E5F170,United States,USD,Person,402,Malachi Potts,0,0,0,0,Money Market,3154209921,50
Lincoln National,132874710,134009B40,United States,USD,Person,402,Malachi Potts,0,0,0,0,Life Insurance,3288427650,0
Cash,3CEC88A0,3CEC8BC0,United States,USD,Person,403,Sariyah Baxter,0,0,0,0,Cash,0,0
Bank of America Corp.,1328781D0,134A5FF50,United States,USD,Person,403,Sariyah Baxter,1,208,0,0,Checking,1946250383,50
Medrano Lehi Bank,69900C2F0,69900C680,United States,USD,Person,403,Sariyah Baxter,0,0,0,0,Savings,3154209936,100
Bank of America Corp.,1328781D0,134A5FF50,United States,USD,Person,403,Sariyah Baxter,0,0,0,0,Money Market,1946250385,0
T. Rowe Price,1328D5470,136E634C0,United States,USD,Person,403,Sariyah Baxter,0,0,0,0,Mutual Fund / ETF,469855378,0
T. Rowe Price,1328D5470,136E634C0,United States,USD,Person,403,Sariyah Baxter,0,0,0,0,Mutual Fund / ETF,469855379,0
T. Rowe Price,1328D5470,136E634C0,United States,USD,Person,403,Sariyah Baxter,0,0,0,0,Money Market,469855380,50
State Farm - Life,132870C80,1346C1A30,United States,USD,Person,403,Sariyah Baxter,0,0,0,0,Life Insurance,536964245,0
Cash,3CEC88A0,3CEC8BC0,United States,USD,Person,404,Kyrone Hull,0,0,0,0,Cash,0,0
Fernandez Savings Bank,697C412D0,697C41660,United States,USD,Person,404,Kyrone Hull,0,0,0,0,Checking,3020007852,0
Cash,3CEC88A0,3CEC8BC0,United States,USD,Person,405,John Henry,0,0,0,0,Cash,0,0
Payne Savings Bank,6982CAB60,6982CAEF0,United States,USD,Person,405,John Henry,1,208,0,0,Checking,3623972056,0
U.S. Bancorp,132878ED0,134B673E0,United States,USD,Person,405,John Henry,0,0,0,0,Savings,3019992281,0
Payne Savings Bank,6982CAB60,6982CAEF0,United States,USD,Person,405,John Henry,0,0,0,0,Money Market,3623972058,0
Crypto.com,1328D6B30,136E63920,United States,USD,Person,405,John Henry,0,0,0,0,Crypto Currency,3422645467,0
Cash,3CEC88A0,3CEC8BC0,United States,USD,Person,406,McKenna Cline,0,0,0,0,Cash,0,0
JPMorgan Chase,132877E90,134A01FE0,United States,USD,Person,406,McKenna Cline,0,0,0,0,Checking,2751556873,100
BB&T Corp.,132879890,134BEE580,United States,USD,Person,406,McKenna Cline,0,0,0,0,Checking,604073226,50
Pugh Dearborn Bank,6990ACE10,6990AD1A0,United States,USD,Person,406,McKenna Cline,0,0,0,0,Savings,2214685963,0
Snavely Securities Company,69B8632D0,69B863660,United States,USD,Person,406,McKenna Cline,0,0,0,0,Mutual Fund / ETF,3019992332,0
BB&T Corp.,132879890,134BEE580,United States,USD,Person,406,McKenna Cline,0,0,0,0,Money Market,604073229,25
Porter's Dearborn Securities Company,69B9210D0,69B921460,United States,USD,Person,406,McKenna Cline,0,0,0,0,Mutual Fund / ETF,872508686,0
Porter's Dearborn Securities Company,69B9210D0,69B921460,United States,USD,Person,406,McKenna Cline,0,0,0,0,Mutual Fund / ETF,872508687,0
Porter's Dearborn Securities Company,69B9210D0,69B921460,United States,USD,Person,406,McKenna Cline,0,0,0,0,Money Market,872508688,50
Nehemiah's Life Insurance Products,69BCD8B50,69BCD8EE0,United States,USD,Person,406,McKenna Cline,0,0,0,0,Life Insurance,3556863249,0
Nehemiah's Life Insurance Products,69BCD8B50,69BCD8EE0,United States,USD,Person,406,McKenna Cline,0,0,0,0,Life Insurance,3556863250,0
Cash,3CEC88A0,3CEC8BC0,United States,USD,Person,407,Zayn Pittman,0,0,0,0,Cash,0,0
Yosef's Bank,698413C70,698414000,United States,USD,Person,407,Zayn Pittman,0,0,0,0,Checking,469855509,0
Yosef's Bank,698413C70,698414000,United States,USD,Person,407,Zayn Pittman,0,0,0,0,Savings,469855510,25
Raymond James Financial,1328D33F0,136E618A0,United States,USD,Person,407,Zayn Pittman,0,0,0,0,Stock,4227951895,0
Raymond James Financial,1328D33F0,136E618A0,United States,USD,Person,407,Zayn Pittman,0,0,0,0,Stock,4227951896,0
Raymond James Financial,1328D33F0,136E618A0,United States,USD,Person,407,Zayn Pittman,0,0,0,0,Stock,4227951897,0
Raymond James Financial,1328D33F0,136E618A0,United States,USD,Person,407,Zayn Pittman,0,0,0,0,Stock,4227951898,0
Cash,3CEC88A0,3CEC8BC0,United States,USD,Person,408,Benton Garcia,0,0,0,0,Cash,0,0
BB&T Corp.,132879890,134BDA2A0,United States,USD,Person,408,Benton Garcia,1,208,0,0,Checking,604073243,10
Citizens Bank,13287A8D0,134C7ECA0,United States,USD,Person,408,Benton Garcia,0,0,0,0,Money Market,872508700,50
Cash,3CEC88A0,3CEC8BC0,United States,USD,Person,409,Emely Orr,0,0,0,0,Cash,0,0
M&T Bank Corp.,13287A590,134C70290,United States,USD,Person,409,Emely Orr,0,0,0,0,Checking,1677815082,50
Ellis's Thrift,69A733E60,69A7341F0,United States,USD,Person,409,Emely Orr,0,0,0,0,Savings,2550230315,10
Bitfinex,1328D6170,136E63740,United States,USD,Person,409,Emely Orr,0,0,0,0,Crypto Currency,1543597356,0
Edward Jones,1328D1D30,136E542E0,United States,USD,Person,409,Emely Orr,0,0,0,0,Mutual Fund / ETF,1275161901,0
M&T Bank Corp.,13287A590,134C70290,United States,USD,Person,409,Emely Orr,0,0,0,0,Money Market,1677815086,100
Edward Jones,1328D1D30,136E542E0,United States,USD,Person,409,Emely Orr,0,0,0,0,Mutual Fund / ETF,1275161903,0
Bitfinex,1328D6170,136E63740,United States,USD,Person,409,Emely Orr,0,0,0,0,Money Market,1543597360,10
Cash,3CEC88A0,3CEC8BC0,United States,USD,Person,410,Aleah Schmidt,0,0,0,0,Cash,0,0
Rowan's Tunnel Hill Federal Credit Union,69869D6E0,69869DA70,United States,USD,Person,410,Aleah Schmidt,1,1,0,0,Checking,3087101280,50
PIMCO,1328D4770,136E632A0,United States,USD,Person,410,Aleah Schmidt,0,0,0,0,Money Market,3691081057,25
McGuire Securities Company,69B775A50,69B775DE0,United States,USD,Person,410,Aleah Schmidt,0,0,0,0,Stock,2483121506,0
McGuire Securities Company,69B775A50,69B775DE0,United States,USD,Person,410,Aleah Schmidt,0,0,0,0,Stock,2483121507,0
McGuire Securities Company,69B775A50,69B775DE0,United States,USD,Person,410,Aleah Schmidt,0,0,0,0,Stock,2483121508,0
Morgan Stanley,1328D2070,136E57910,United States,USD,Person,410,Aleah Schmidt,0,0,0,0,Stock,469855589,0
McGuire Securities Company,69B775A50,69B775DE0,United States,USD,Person,410,Aleah Schmidt,0,0,0,0,Stock,2483121510,0
Morgan Stanley,1328D2070,136E57910,United States,USD,Person,410,Aleah Schmidt,0,0,0,0,Stock,469855591,0
Morgan Stanley,1328D2070,136E57910,United States,USD,Person,410,Aleah Schmidt,0,0,0,0,Stock,469855592,0
Morgan Stanley,1328D2070,136E57910,United States,USD,Person,410,Aleah Schmidt,0,0,0,0,Stock,469855593,0
Morgan Stanley,1328D2070,136E57910,United States,USD,Person,410,Aleah Schmidt,0,0,0,0,Stock,469855594,0
McGuire Securities Company,69B775A50,69B775DE0,United States,USD,Person,410,Aleah Schmidt,0,0,0,0,Mutual Fund / ETF,2483121515,0
Morgan Stanley,1328D2070,136E57910,United States,USD,Person,410,Aleah Schmidt,0,0,0,0,Money Market,469855596,0
CNO Financial Group,1328D3730,1337CF5F0,United States,USD,Person,410,Aleah Schmidt,0,0,0,0,Mutual Fund / ETF,3422645613,0
McGuire Securities Company,69B775A50,69B775DE0,United States,USD,Person,410,Aleah Schmidt,0,0,0,0,Money Market,2483121518,25
Massachusetts Mutual,132873D40,132F17C20,United States,USD,Person,410,Aleah Schmidt,0,0,0,0,Life Insurance,1342270831,0
Cash,3CEC88A0,3CEC8BC0,United States,USD,Person,411,Shaquita McDaniel,0,0,0,0,Cash,0,0
Cayden's Bank,699C6BA40,699C6BDD0,United States,USD,Person,411,Shaquita McDaniel,1,208,0,0,Checking,2416012710,25
Cayden's Bank,699C6BA40,699C6BDD0,United States,USD,Person,411,Shaquita McDaniel,0,0,0,0,Savings,2416012711,50
Cayden's Bank,699C6BA40,699C6BDD0,United States,USD,Person,411,Shaquita McDaniel,0,0,0,0,CD,2416012712,0
Valeria's Savings Bank,699A50AE0,699A50E70,United States,USD,Person,411,Shaquita McDaniel,0,0,0,0,CD,3087101353,0
Goldman Sachs,1328D19F0,133657BB0,United States,USD,Person,411,Shaquita McDaniel,0,0,0,0,Stock,2080468394,0
T. Rowe Price,1328D5470,136E634C0,United States,USD,Person,411,Shaquita McDaniel,0,0,0,0,Mutual Fund / ETF,469855659,0
Goldman Sachs,1328D19F0,133657BB0,United States,USD,Person,411,Shaquita McDaniel,0,0,0,0,Mutual Fund / ETF,2080468396,0
PIMCO,1328D4770,136E632A0,United States,USD,Person,411,Shaquita McDaniel,0,0,0,0,Mutual Fund / ETF,3691081133,0
Goldman Sachs,1328D19F0,133657BB0,United States,USD,Person,411,Shaquita McDaniel,0,0,0,0,Mutual Fund / ETF,2080468398,0
T. Rowe Price,1328D5470,136E634C0,United States,USD,Person,411,Shaquita McDaniel,0,0,0,0,Mutual Fund / ETF,469855663,0
T. Rowe Price,1328D5470,136E634C0,United States,USD,Person,411,Shaquita McDaniel,0,0,0,0,Mutual Fund / ETF,469855664,0
T. Rowe Price,1328D5470,136E634C0,United States,USD,Person,411,Shaquita McDaniel,0,0,0,0,Mutual Fund / ETF,469855665,0
Goldman Sachs,1328D19F0,133657BB0,United States,USD,Person,411,Shaquita McDaniel,0,0,0,0,Mutual Fund / ETF,2080468402,0
Edward Jones,1328D1D30,136E53C50,United States,USD,Person,411,Shaquita McDaniel,0,0,0,0,Mutual Fund / ETF,1275162035,0
Bank of America Corp.,1328781D0,134A5EAC0,United States,USD,Person,411,Shaquita McDaniel,0,0,0,0,Money Market,1946250676,100
Goldman Sachs,1328D19F0,133657BB0,United States,USD,Person,411,Shaquita McDaniel,0,0,0,0,Mutual Fund / ETF,2080468405,0
T. Rowe Price,1328D5470,136E634C0,United States,USD,Person,411,Shaquita McDaniel,0,0,0,0,Money Market,469855670,10
Cash,3CEC88A0,3CEC8BC0,United States,USD,Person,412,Edgar S. Holmes,0,0,0,0,Cash,0,0
JPMorgan Chase,132877E90,1349E8190,United States,USD,Person,412,Edgar S. Holmes,1,0,0,0,Checking,2751557065,0
Capital One Financial,132878B90,134B30130,United States,USD,Person,412,Edgar S. Holmes,1,209,0,0,Checking,3825298890,25
JPMorgan Chase,132877E90,1349E8190,United States,USD,Person,412,Edgar S. Holmes,0,0,0,0,Savings,2751557067,0
Ariel's Bank,69AC8EAC0,69AC8EE50,United States,USD,Person,412,Edgar S. Holmes,0,0,0,0,Money Market,2952883660,0
Maximilian's Investing,69B778A10,69B778DA0,United States,USD,Person,412,Edgar S. Holmes,0,0,0,0,Stock,2214686157,0
Maximilian's Investing,69B778A10,69B778DA0,United States,USD,Person,412,Edgar S. Holmes,0,0,0,0,Stock,2214686158,0
Maximilian's Investing,69B778A10,69B778DA0,United States,USD,Person,412,Edgar S. Holmes,0,0,0,0,Stock,2214686159,0
Maximilian's Investing,69B778A10,69B778DA0,United States,USD,Person,412,Edgar S. Holmes,0,0,0,0,Stock,2214686160,0
Santiago's Securities Company,69B8C3FD0,69B8C4360,United States,USD,Person,412,Edgar S. Holmes,0,0,0,0,Stock,4093734353,0
Maximilian's Investing,69B778A10,69B778DA0,United States,USD,Person,412,Edgar S. Holmes,0,0,0,0,Stock,2214686162,0
Maximilian's Investing,69B778A10,69B778DA0,United States,USD,Person,412,Edgar S. Holmes,0,0,0,0,Stock,2214686163,0
Maximilian's Investing,69B778A10,69B778DA0,United States,USD,Person,412,Edgar S. Holmes,0,0,0,0,Stock,2214686164,0
Maximilian's Investing,69B778A10,69B778DA0,United States,USD,Person,412,Edgar S. Holmes,0,0,0,0,Stock,2214686165,0
Maximilian's Investing,69B778A10,69B778DA0,United States,USD,Person,412,Edgar S. Holmes,0,0,0,0,Stock,2214686166,0
Santiago's Securities Company,69B8C3FD0,69B8C4360,United States,USD,Person,412,Edgar S. Holmes,0,0,0,0,Stock,4093734359,0
Maximilian's Investing,69B778A10,69B778DA0,United States,USD,Person,412,Edgar S. Holmes,0,0,0,0,Mutual Fund / ETF,2214686168,0
Maximilian's Investing,69B778A10,69B778DA0,United States,USD,Person,412,Edgar S. Holmes,0,0,0,0,Mutual Fund / ETF,2214686169,0
Maximilian's Investing,69B778A10,69B778DA0,United States,USD,Person,412,Edgar S. Holmes,0,0,0,0,Mutual Fund / ETF,2214686170,0
Maximilian's Investing,69B778A10,69B778DA0,United States,USD,Person,412,Edgar S. Holmes,0,0,0,0,Mutual Fund / ETF,2214686171,0
Maximilian's Investing,69B778A10,69B778DA0,United States,USD,Person,412,Edgar S. Holmes,0,0,0,0,Mutual Fund / ETF,2214686172,0
Santiago's Securities Company,69B8C3FD0,69B8C4360,United States,USD,Person,412,Edgar S. Holmes,0,0,0,0,Mutual Fund / ETF,4093734365,0
Santiago's Securities Company,69B8C3FD0,69B8C4360,United States,USD,Person,412,Edgar S. Holmes,0,0,0,0,Mutual Fund / ETF,4093734366,0
Maximilian's Investing,69B778A10,69B778DA0,United States,USD,Person,412,Edgar S. Holmes,0,0,0,0,Mutual Fund / ETF,2214686175,0
Maximilian's Investing,69B778A10,69B778DA0,United States,USD,Person,412,Edgar S. Holmes,0,0,0,0,Mutual Fund / ETF,2214686176,0
Maximilian's Investing,69B778A10,69B778DA0,United States,USD,Person,412,Edgar S. Holmes,0,0,0,0,Mutual Fund / ETF,2214686177,0
Maximilian's Investing,69B778A10,69B778DA0,United States,USD,Person,412,Edgar S. Holmes,0,0,0,0,Mutual Fund / ETF,2214686178,0
Maximilian's Investing,69B778A10,69B778DA0,United States,USD,Person,412,Edgar S. Holmes,0,0,0,0,Money Market,2214686179,0
Santiago's Securities Company,69B8C3FD0,69B8C4360,United States,USD,Person,412,Edgar S. Holmes,0,0,0,0,Money Market,4093734372,0
JPMorgan Chase,132877E90,1349E8190,United States,USD,Person,412,Edgar S. Holmes,0,0,0,0,Money Market,2751557093,0
Santiago's Securities Company,69B8C3FD0,69B8C4360,United States,USD,Person,412,Edgar S. Holmes,0,0,0,0,Money Market,4093734374,50
Maximilian's Investing,69B778A10,69B778DA0,United States,USD,Person,412,Edgar S. Holmes,0,0,0,0,Mutual Fund / ETF,2214686183,0
Maximilian's Investing,69B778A10,69B778DA0,United States,USD,Person,412,Edgar S. Holmes,0,0,0,0,Mutual Fund / ETF,2214686184,0
Capital One Financial,132878B90,134B30130,United States,USD,Person,412,Edgar S. Holmes,0,0,0,0,Money Market,3825298921,25
Cash,3CEC88A0,3CEC8BC0,United States,USD,Person,413,Joelle Andrews,0,0,0,0,Cash,0,0
Bank of America Corp.,1328781D0,134A568D0,United States,USD,Person,413,Joelle Andrews,0,0,0,0,Checking,1946250731,50
Citi,132878850,134ACCE40,United States,USD,Person,413,Joelle Andrews,0,0,0,0,Savings,335637996,25
Cash,3CEC88A0,3CEC8BC0,United States,USD,Person,414,Obiajulu Bradley,0,0,0,0,Cash,0,0
Wells Fargo,132878510,134A81830,United States,USD,Person,414,Obiajulu Bradley,1,0,0,0,Checking,1140944366,0
Citi,132878850,134AD6760,United States,USD,Person,414,Obiajulu Bradley,0,0,0,0,Savings,335637999,0
Cash,3CEC88A0,3CEC8BC0,United States,USD,Person,415,Wade Huber,0,0,0,0,Cash,0,0
McDowell Thrift,69AD27780,69AD27B10,United States,USD,Person,415,Wade Huber,1,0,0,0,Checking,3758190102,25
Church Savings Bank,6977DCDC0,6977DD150,United States,USD,Person,415,Wade Huber,0,0,0,0,Savings,1879141911,25
KUCoin,1328D67F0,136E63880,United States,USD,Person,415,Wade Huber,0,0,0,0,Crypto Currency,4227952152,0
Cash,3CEC88A0,3CEC8BC0,United States,USD,Person,416,Angelina E. Cruz,0,0,0,0,Cash,0,0
JPMorgan Chase,132877E90,134A18010,United States,USD,Person,416,Angelina E. Cruz,1,0,0,0,Checking,2751557182,0
JPMorgan Chase,132877E90,134A18010,United States,USD,Person,416,Angelina E. Cruz,0,0,0,0,Savings,2751557183,10
BB&T Corp.,132879890,134BDA2A0,United States,USD,Person,416,Angelina E. Cruz,0,0,0,0,Savings,604073536,0
JPMorgan Chase,132877E90,134A18010,United States,USD,Person,416,Angelina E. Cruz,0,0,0,0,Money Market,2751557185,25
Cash,3CEC88A0,3CEC8BC0,United States,USD,Person,417,Zariah Sadr,0,0,0,0,Cash,0,0
Sue's Falls Bank,6975A63E0,6975A6770,United States,USD,Person,417,Zariah Sadr,1,0,0,0,Checking,4160843332,25
Edward's Federal Credit Union,69B3A3CC0,69B3A4050,United States,USD,Person,417,Zariah Sadr,1,0,0,0,Checking,805400133,25
JPMorgan Chase,132877E90,1349E8190,United States,USD,Person,417,Zariah Sadr,1,0,0,0,Checking,2751557190,50
Berry Bank,9C5015F20,9C50162B0,Sri Lanka,LKR,Person,417,Zariah Sadr,0,0,0,0,Checking,3355536967,0
Sue's Falls Bank,6975A63E0,6975A6770,United States,USD,Person,417,Zariah Sadr,0,0,0,0,Savings,4160843336,10
Sue's Falls Bank,6975A63E0,6975A6770,United States,USD,Person,417,Zariah Sadr,0,0,0,0,Money Market,4160843337,0
Wellington Management,1328D4DF0,136E633A0,United States,USD,Person,417,Zariah Sadr,0,0,0,0,Stock,2080468554,0
Wellington Management,1328D4DF0,136E633A0,United States,USD,Person,417,Zariah Sadr,0,0,0,0,Stock,2080468555,0
Wellington Management,1328D4DF0,136E633A0,United States,USD,Person,417,Zariah Sadr,0,0,0,0,Mutual Fund / ETF,2080468556,0
Raymond James Financial,1328D33F0,136E5F370,United States,USD,Person,417,Zariah Sadr,0,0,0,0,Mutual Fund / ETF,4227952205,0
PIMCO,1328D4770,136E632A0,United States,USD,Person,417,Zariah Sadr,0,0,0,0,Mutual Fund / ETF,3691081294,0
PIMCO,1328D4770,136E632A0,United States,USD,Person,417,Zariah Sadr,0,0,0,0,Mutual Fund / ETF,3691081295,0
Wellington Management,1328D4DF0,136E633A0,United States,USD,Person,417,Zariah Sadr,0,0,0,0,Mutual Fund / ETF,2080468560,0
T. Rowe Price,1328D5470,136E634C0,United States,USD,Person,417,Zariah Sadr,0,0,0,0,Mutual Fund / ETF,469855825,0
Wellington Management,1328D4DF0,136E633A0,United States,USD,Person,417,Zariah Sadr,0,0,0,0,Mutual Fund / ETF,2080468562,0
Ameriprise Financial,1328D26F0,136E5F170,United States,USD,Person,417,Zariah Sadr,0,0,0,0,Money Market,3154210387,100
JPMorgan Chase,132877E90,1349E8190,United States,USD,Person,417,Zariah Sadr,0,0,0,0,Money Market,2751557204,10
Wellington Management,1328D4DF0,136E633A0,United States,USD,Person,417,Zariah Sadr,0,0,0,0,Mutual Fund / ETF,2080468565,0
PIMCO,1328D4770,136E632A0,United States,USD,Person,417,Zariah Sadr,0,0,0,0,Mutual Fund / ETF,3691081302,0
T. Rowe Price,1328D5470,136E634C0,United States,USD,Person,417,Zariah Sadr,0,0,0,0,Mutual Fund / ETF,469855831,0
Wellington Management,1328D4DF0,136E633A0,United States,USD,Person,417,Zariah Sadr,0,0,0,0,Mutual Fund / ETF,2080468568,0
American Funds,1328D4430,136E63220,United States,USD,Person,417,Zariah Sadr,0,0,0,0,Mutual Fund / ETF,201420377,0
Myers Investments,69B752F10,69B7532A0,United States,USD,Person,417,Zariah Sadr,0,0,0,0,Mutual Fund / ETF,3288428122,0
Wellington Management,1328D4DF0,136E633A0,United States,USD,Person,417,Zariah Sadr,0,0,0,0,Mutual Fund / ETF,2080468571,0
Ameriprise Financial,1328D26F0,136E5F170,United States,USD,Person,417,Zariah Sadr,0,0,0,0,Mutual Fund / ETF,3154210396,0
PIMCO,1328D4770,136E632A0,United States,USD,Person,417,Zariah Sadr,0,0,0,0,Mutual Fund / ETF,3691081309,0
PIMCO,1328D4770,136E632A0,United States,USD,Person,417,Zariah Sadr,0,0,0,0,Mutual Fund / ETF,3691081310,0
PIMCO,1328D4770,136E632A0,United States,USD,Person,417,Zariah Sadr,0,0,0,0,Mutual Fund / ETF,3691081311,0
Raymond James Financial,1328D33F0,136E5F370,United States,USD,Person,417,Zariah Sadr,0,0,0,0,Money Market,4227952224,50
Cash,3CEC88A0,3CEC8BC0,United States,USD,Person,418,Kinslee Hayes,0,0,0,0,Cash,0,0
Zoe's Racine Bank,698757670,698757A00,United States,USD,Person,418,Kinslee Hayes,1,2,0,0,Checking,2617339531,50
SunTrust Banks,132879BD0,134C211A0,United States,USD,Person,418,Kinslee Hayes,1,0,0,0,Checking,4093734540,0
Morton Savings Bank,6993A3B20,6993A3EB0,United States,USD,Person,418,Kinslee Hayes,1,0,0,0,Checking,3355537037,100
Zoe's Racine Bank,698757670,698757A00,United States,USD,Person,418,Kinslee Hayes,0,0,0,0,Savings,2617339534,25
Deribit,1328D71B0,136E63A60,United States,USD,Person,418,Kinslee Hayes,0,0,0,0,Crypto Currency,1812033167,0
Deribit,1328D71B0,136E63A60,United States,USD,Person,418,Kinslee Hayes,0,0,0,0,Crypto Currency,1812033168,0
Deribit,1328D71B0,136E63A60,United States,USD,Person,418,Kinslee Hayes,0,0,0,0,Crypto Currency,1812033169,0
Charles Schwab,1328D16B0,136E517D0,United States,USD,Person,418,Kinslee Hayes,0,0,0,0,Mutual Fund / ETF,2885774994,0
Interactive Brokers,1328D2D70,136E5F270,United States,USD,Person,418,Kinslee Hayes,0,0,0,0,Money Market,1543597715,100
Charles Schwab,1328D16B0,136E517D0,United States,USD,Person,418,Kinslee Hayes,0,0,0,0,Mutual Fund / ETF,2885774996,0
Charles Schwab,1328D16B0,136E517D0,United States,USD,Person,418,Kinslee Hayes,0,0,0,0,Money Market,2885774997,0
Cash,3CEC88A0,3CEC8BC0,United States,USD,Person,419,Ashley Robbins,0,0,0,0,Cash,0,0
State Street Bank,13287AC10,134C9D7B0,United States,USD,Person,419,Ashley Robbins,1,0,0,0,Checking,67202750,50
Sims Milton Brokerage House,69B776300,69B776690,United States,USD,Person,419,Ashley Robbins,0,0,0,0,Stock,3221319359,0
Sims Milton Brokerage House,69B776300,69B776690,United States,USD,Person,419,Ashley Robbins,0,0,0,0,Stock,3221319360,0
Sims Milton Brokerage House,69B776300,69B776690,United States,USD,Person,419,Ashley Robbins,0,0,0,0,Stock,3221319361,0
Sims Milton Brokerage House,69B776300,69B776690,United States,USD,Person,419,Ashley Robbins,0,0,0,0,Stock,3221319362,0
Vihaan's Funds,69B915650,69B9159E0,United States,USD,Person,419,Ashley Robbins,0,0,0,0,Stock,2483121859,0
Doyle Securities Company,69B7F78F0,69B7F7C80,United States,USD,Person,419,Ashley Robbins,0,0,0,0,Stock,1006726852,0
James Brokerage House,9C6FF0090,9C6FF0420,Taiwan,TWD,Person,419,Ashley Robbins,0,0,0,0,Stock,604073669,0
Vihaan's Funds,69B915650,69B9159E0,United States,USD,Person,419,Ashley Robbins,0,0,0,0,Stock,2483121862,0
Vihaan's Funds,69B915650,69B9159E0,United States,USD,Person,419,Ashley Robbins,0,0,0,0,Stock,2483121863,0
Vihaan's Funds,69B915650,69B9159E0,United States,USD,Person,419,Ashley Robbins,0,0,0,0,Stock,2483121864,0
Sims Milton Brokerage House,69B776300,69B776690,United States,USD,Person,419,Ashley Robbins,0,0,0,0,Stock,3221319369,0
Decker Investing,9C6FF04E0,9C6FF0870,Taiwan,TWD,Person,419,Ashley Robbins,0,0,0,0,Stock,939617994,0
Vihaan's Funds,69B915650,69B9159E0,United States,USD,Person,419,Ashley Robbins,0,0,0,0,Stock,2483121867,0
Vihaan's Funds,69B915650,69B9159E0,United States,USD,Person,419,Ashley Robbins,0,0,0,0,Stock,2483121868,0
Doyle Securities Company,69B7F78F0,69B7F7C80,United States,USD,Person,419,Ashley Robbins,0,0,0,0,Mutual Fund / ETF,1006726861,0
Vihaan's Funds,69B915650,69B9159E0,United States,USD,Person,419,Ashley Robbins,0,0,0,0,Mutual Fund / ETF,2483121870,0
Doyle Securities Company,69B7F78F0,69B7F7C80,United States,USD,Person,419,Ashley Robbins,0,0,0,0,Mutual Fund / ETF,1006726863,0
Doyle Securities Company,69B7F78F0,69B7F7C80,United States,USD,Person,419,Ashley Robbins,0,0,0,0,Mutual Fund / ETF,1006726864,0
Rocco's Federal Credit Union,69A8003C0,69A800750,United States,USD,Person,419,Ashley Robbins,0,0,0,0,Money Market,4026625745,25
Cash,3CEC88A0,3CEC8BC0,United States,USD,Person,420,Finley Carson,0,0,0,0,Cash,0,0
Jordyn's Federal Credit Union,69994B300,69994B690,United States,USD,Person,420,Finley Carson,1,1,0,0,Checking,3221319398,0
Jordyn's Federal Credit Union,69994B300,69994B690,United States,USD,Person,420,Finley Carson,0,0,0,0,Savings,3221319399,10
Jordyn's Federal Credit Union,69994B300,69994B690,United States,USD,Person,420,Finley Carson,0,0,0,0,Money Market,3221319400,50
CNO Financial Group,1328D3730,1337CF5F0,United States,USD,Person,420,Finley Carson,0,0,0,0,Stock,3422645993,0
CNO Financial Group,1328D3730,1337CF5F0,United States,USD,Person,420,Finley Carson,0,0,0,0,Stock,3422645994,0
Ameer's Copenhagen Brokers,9A5D85340,9A5D856D0,Denmark,DKK,Person,420,Finley Carson,0,0,0,0,Stock,3489754859,0
Interactive Brokers,1328D2D70,136E5F270,United States,USD,Person,420,Finley Carson,0,0,0,0,Mutual Fund / ETF,1543597804,0
CNO Financial Group,1328D3730,1337CF5F0,United States,USD,Person,420,Finley Carson,0,0,0,0,Mutual Fund / ETF,3422645997,0
CNO Financial Group,1328D3730,1337CF5F0,United States,USD,Person,420,Finley Carson,0,0,0,0,Mutual Fund / ETF,3422645998,0
CNO Financial Group,1328D3730,1337CF5F0,United States,USD,Person,420,Finley Carson,0,0,0,0,Money Market,3422645999,25
CNO Financial Group,1328D3730,1337CF5F0,United States,USD,Person,420,Finley Carson,0,0,0,0,Mutual Fund / ETF,3422646000,0
Wellington Management,1328D4DF0,136E633A0,United States,USD,Person,420,Finley Carson,0,0,0,0,Mutual Fund / ETF,2080468721,0
Synchrony Financial,1328D30B0,136E5F2F0,United States,USD,Person,420,Finley Carson,0,0,0,0,Mutual Fund / ETF,738291442,0
CNO Financial Group,1328D3730,1337CF5F0,United States,USD,Person,420,Finley Carson,0,0,0,0,Mutual Fund / ETF,3422646003,0
Foster's Investing,9C4C495D0,9C4C49960,Spain,USD,Person,420,Finley Carson,0,0,0,0,Mutual Fund / ETF,1946250996,0
Franklin Resources,1328D5130,136E63420,United States,USD,Person,420,Finley Carson,0,0,0,0,Mutual Fund / ETF,1275162357,0
CNO Financial Group,1328D3730,1337CF5F0,United States,USD,Person,420,Finley Carson,0,0,0,0,Mutual Fund / ETF,3422646006,0
Franklin Resources,1328D5130,136E63420,United States,USD,Person,420,Finley Carson,0,0,0,0,Mutual Fund / ETF,1275162359,0
CNO Financial Group,1328D3730,1337CF5F0,United States,USD,Person,420,Finley Carson,0,0,0,0,Mutual Fund / ETF,3422646008,0
Synchrony Financial,1328D30B0,136E5F2F0,United States,USD,Person,420,Finley Carson,0,0,0,0,Mutual Fund / ETF,738291449,0
Ameer's Copenhagen Brokers,9A5D85340,9A5D856D0,Denmark,USD,Person,420,Finley Carson,0,0,0,0,Money Market,3489754874,50
Cash,3CEC88A0,3CEC8BC0,United States,USD,Person,421,Deion Foster,0,0,0,0,Cash,0,0
JPMorgan Chase,132877E90,134A00C30,United States,USD,Person,421,Deion Foster,1,1,0,0,Checking,2751557398,50
U.S. Bancorp,132878ED0,134B673E0,United States,USD,Person,421,Deion Foster,1,2,0,0,Checking,3019992855,0
JPMorgan Chase,132877E90,134A00C30,United States,USD,Person,421,Deion Foster,0,0,0,0,Checking,2751557400,100
U.S. Bancorp,132878ED0,134B673E0,United States,USD,Person,421,Deion Foster,0,0,0,0,Money Market,3019992857,25
JPMorgan Chase,132877E90,134A00C30,United States,USD,Person,421,Deion Foster,0,0,0,0,Money Market,2751557402,0
KUCoin,1328D67F0,136E63880,United States,USD,Person,421,Deion Foster,0,0,0,0,Crypto Currency,4227952411,0
Scarlet's Indianapolis Brokerage,69B8A14A0,69B8A1830,United States,USD,Person,421,Deion Foster,0,0,0,0,Mutual Fund / ETF,671182620,0
Scarlet's Indianapolis Brokerage,69B8A14A0,69B8A1830,United States,USD,Person,421,Deion Foster,0,0,0,0,Mutual Fund / ETF,671182621,0
Scarlet's Indianapolis Brokerage,69B8A14A0,69B8A1830,United States,USD,Person,421,Deion Foster,0,0,0,0,Mutual Fund / ETF,671182622,0
Scarlet's Indianapolis Brokerage,69B8A14A0,69B8A1830,United States,USD,Person,421,Deion Foster,0,0,0,0,Mutual Fund / ETF,671182623,0
Scarlet's Indianapolis Brokerage,69B8A14A0,69B8A1830,United States,USD,Person,421,Deion Foster,0,0,0,0,Mutual Fund / ETF,671182624,0
Pena Brokerage House,9A33FC830,9A33FCBC0,China,USD,Person,421,Deion Foster,0,0,0,0,Mutual Fund / ETF,201420577,0
Scarlet's Indianapolis Brokerage,69B8A14A0,69B8A1830,United States,USD,Person,421,Deion Foster,0,0,0,0,Mutual Fund / ETF,671182626,0
Scarlet's Indianapolis Brokerage,69B8A14A0,69B8A1830,United States,USD,Person,421,Deion Foster,0,0,0,0,Money Market,671182627,10
Scarlet's Indianapolis Brokerage,69B8A14A0,69B8A1830,United States,USD,Person,421,Deion Foster,0,0,0,0,Mutual Fund / ETF,671182628,0
Scarlet's Indianapolis Brokerage,69B8A14A0,69B8A1830,United States,USD,Person,421,Deion Foster,0,0,0,0,Mutual Fund / ETF,671182629,0
Scarlet's Indianapolis Brokerage,69B8A14A0,69B8A1830,United States,USD,Person,421,Deion Foster,0,0,0,0,Mutual Fund / ETF,671182630,0
Scarlet's Indianapolis Brokerage,69B8A14A0,69B8A1830,United States,USD,Person,421,Deion Foster,0,0,0,0,Mutual Fund / ETF,671182631,0
Scarlet's Indianapolis Brokerage,69B8A14A0,69B8A1830,United States,USD,Person,421,Deion Foster,0,0,0,0,Mutual Fund / ETF,671182632,0
Scarlet's Indianapolis Brokerage,69B8A14A0,69B8A1830,United States,USD,Person,421,Deion Foster,0,0,0,0,Mutual Fund / ETF,671182633,0
Scarlet's Indianapolis Brokerage,69B8A14A0,69B8A1830,United States,USD,Person,421,Deion Foster,0,0,0,0,Mutual Fund / ETF,671182634,0
Scarlet's Indianapolis Brokerage,69B8A14A0,69B8A1830,United States,USD,Person,421,Deion Foster,0,0,0,0,Mutual Fund / ETF,671182635,0
Scarlet's Indianapolis Brokerage,69B8A14A0,69B8A1830,United States,USD,Person,421,Deion Foster,0,0,0,0,Mutual Fund / ETF,671182636,0
Scarlet's Indianapolis Brokerage,69B8A14A0,69B8A1830,United States,USD,Person,421,Deion Foster,0,0,0,0,Mutual Fund / ETF,671182637,0
Scarlet's Indianapolis Brokerage,69B8A14A0,69B8A1830,United States,USD,Person,421,Deion Foster,0,0,0,0,Mutual Fund / ETF,671182638,0
Merrill Lynch,1328D23B0,136E5B610,United States,USD,Person,421,Deion Foster,0,0,0,0,Mutual Fund / ETF,3959516975,0
Scarlet's Indianapolis Brokerage,69B8A14A0,69B8A1830,United States,USD,Person,421,Deion Foster,0,0,0,0,Mutual Fund / ETF,671182640,0
Scarlet's Indianapolis Brokerage,69B8A14A0,69B8A1830,United States,USD,Person,421,Deion Foster,0,0,0,0,Mutual Fund / ETF,671182641,0
Scarlet's Indianapolis Brokerage,69B8A14A0,69B8A1830,United States,USD,Person,421,Deion Foster,0,0,0,0,Mutual Fund / ETF,671182642,0
Pena Brokerage House,9A33FC830,9A33FCBC0,China,USD,Person,421,Deion Foster,0,0,0,0,Money Market,201420595,100
Cash,3CEC88A0,3CEC8BC0,United States,USD,Person,422,Raelynn Grimes,0,0,1,0,Cash,0,0
BB&T Corp.,132879890,134BEC600,United States,USD,Person,422,Raelynn Grimes,1,0,1,0,Checking,604073811,10
Citi,132878850,134AE3730,United States,USD,Person,422,Raelynn Grimes,0,0,1,0,Savings,335638356,50
BB&T Corp.,132879890,134BEC600,United States,USD,Person,422,Raelynn Grimes,0,0,1,0,Money Market,604073813,25
Bybit,1328D6E70,136E639C0,United States,USD,Person,422,Raelynn Grimes,0,0,1,0,Crypto Currency,2617339734,0
Bybit,1328D6E70,136E639C0,United States,USD,Person,422,Raelynn Grimes,0,0,1,0,Crypto Currency,2617339735,0
Bybit,1328D6E70,136E639C0,United States,USD,Person,422,Raelynn Grimes,0,0,1,0,Crypto Currency,2617339736,0
CNO Financial Group,1328D3730,1337CF5F0,United States,USD,Person,422,Raelynn Grimes,0,0,1,0,Mutual Fund / ETF,3422646105,0
CNO Financial Group,1328D3730,1337CF5F0,United States,USD,Person,422,Raelynn Grimes,0,0,1,0,Mutual Fund / ETF,3422646106,0
Citi,132878850,134AE3730,United States,USD,Person,422,Raelynn Grimes,0,0,1,0,Money Market,335638363,100
CNO Financial Group,1328D3730,1337CF5F0,United States,USD,Person,422,Raelynn Grimes,0,0,1,0,Mutual Fund / ETF,3422646108,0
McDowell Investing,69B95CF50,69B95D2E0,United States,USD,Person,422,Raelynn Grimes,0,0,1,0,Mutual Fund / ETF,3556863837,0
Mosley Lorain Brokers,69B755A50,69B755DE0,United States,USD,Person,422,Raelynn Grimes,0,0,1,0,Mutual Fund / ETF,2483122014,0
Bybit,1328D6E70,136E639C0,United States,USD,Person,422,Raelynn Grimes,0,0,1,0,Money Market,2617339743,50
Bybit,1328D6E70,136E639C0,United States,USD,Person,422,Raelynn Grimes,0,0,1,0,Checking,2617339744,50
Citi,132878850,134AE3730,United States,USD,Person,422,Raelynn Grimes,0,0,1,0,Checking,335638369,0
CNO Financial Group,1328D3730,1337CF5F0,United States,USD,Person,422,Raelynn Grimes,0,0,1,0,Checking,3422646114,50
McDowell Investing,69B95CF50,69B95D2E0,United States,USD,Person,422,Raelynn Grimes,0,0,1,0,Checking,3556863843,25
McDowell Investing,69B95CF50,69B95D2E0,United States,USD,Person,422,Raelynn Grimes,0,0,1,0,Money Market,3556863844,10
Mosley Lorain Brokers,69B755A50,69B755DE0,United States,USD,Person,422,Raelynn Grimes,0,0,1,0,Checking,2483122021,25
Bank of America Corp.,1328781D0,134A4D1E0,United States,USD,Person,422,Raelynn Grimes,0,0,1,0,Checking,1946251110,250
Mosley Lorain Brokers,69B755A50,69B755DE0,United States,USD,Person,422,Raelynn Grimes,0,0,1,0,Money Market,2483122023,50
Cash,3CEC88A0,3CEC8BC0,United States,USD,Person,423,Esteban Reyes,0,0,0,0,Cash,0,0
Avah's Savings Bank,69A3515F0,69A351980,United States,USD,Person,423,Esteban Reyes,1,0,0,0,Checking,2080468863,100
Avah's Savings Bank,69A3515F0,69A351980,United States,USD,Person,423,Esteban Reyes,0,0,0,0,Savings,2080468864,0
Lowe Federal Credit Union,3DD358C30,3DD358FC0,United States,USD,Person,423,Esteban Reyes,0,0,0,0,Savings,201420673,10
Avah's Savings Bank,69A3515F0,69A351980,United States,USD,Person,423,Esteban Reyes,0,0,0,0,Savings,2080468866,50
Cash,3CEC88A0,3CEC8BC0,United States,USD,Person,424,Gustavo Hayden,0,0,0,0,Cash,0,0
Roach Bank,697B2AAA0,697B2AE30,United States,USD,Person,424,Gustavo Hayden,1,120,0,0,Checking,2818666402,10
PNC Financial Services,132879210,134B8D5F0,United States,USD,Person,424,Gustavo Hayden,0,0,0,0,Savings,2214686627,50
Roach Bank,697B2AAA0,697B2AE30,United States,USD,Person,424,Gustavo Hayden,0,0,0,0,Money Market,2818666404,0
Merrill Lynch,1328D23B0,136E5B610,United States,USD,Person,424,Gustavo Hayden,0,0,0,0,Stock,3959517093,0
Merrill Lynch,1328D23B0,136E5B610,United States,USD,Person,424,Gustavo Hayden,0,0,0,0,Mutual Fund / ETF,3959517094,0
Merrill Lynch,1328D23B0,136E5B610,United States,USD,Person,424,Gustavo Hayden,0,0,0,0,Mutual Fund / ETF,3959517095,0
Merrill Lynch,1328D23B0,136E5B610,United States,USD,Person,424,Gustavo Hayden,0,0,0,0,Mutual Fund / ETF,3959517096,0
Merrill Lynch,1328D23B0,136E5B610,United States,USD,Person,424,Gustavo Hayden,0,0,0,0,Mutual Fund / ETF,3959517097,0
Merrill Lynch,1328D23B0,136E5B610,United States,USD,Person,424,Gustavo Hayden,0,0,0,0,Money Market,3959517098,0
Cash,3CEC88A0,3CEC8BC0,United States,USD,Person,425,Leia Anderson,0,0,0,0,Cash,0,0
Rylie's Bank,698D054D0,698D05860,United States,USD,Person,425,Leia Anderson,1,0,0,0,Checking,872509368,0
Kirby Thrift,69B2AEFC0,69B2AF350,United States,USD,Person,425,Leia Anderson,0,0,0,0,Savings,4026625977,25
Adrianna's Savings Bank,698E62D80,698E63110,United States,USD,Person,425,Leia Anderson,0,0,0,0,Savings,1610706874,25
Kirby Thrift,69B2AEFC0,69B2AF350,United States,USD,Person,425,Leia Anderson,0,0,0,0,Money Market,4026625979,50
Kirby Thrift,69B2AEFC0,69B2AF350,United States,USD,Person,425,Leia Anderson,0,0,0,0,CD,4026625980,0
Melanie's Brokers,69B8FD8C0,69B8FDC50,United States,USD,Person,425,Leia Anderson,0,0,0,0,Mutual Fund / ETF,805400509,0
Walter Investing,69B83F570,69B83F900,United States,USD,Person,425,Leia Anderson,0,0,0,0,Money Market,1543598014,25
Cash,3CEC88A0,3CEC8BC0,United States,USD,Person,426,Elora Ford,0,0,0,0,Cash,0,0
Capital One Financial,132878B90,134B297C0,United States,USD,Person,426,Elora Ford,0,0,0,0,Checking,3825299395,0
PNC Financial Services,132879210,134B8D5F0,United States,USD,Person,426,Elora Ford,0,0,0,0,Savings,2214686660,50
Capital One Financial,132878B90,134B297C0,United States,USD,Person,426,Elora Ford,0,0,0,0,Money Market,3825299397,50
Deribit,1328D71B0,136E63A60,United States,USD,Person,426,Elora Ford,0,0,0,0,Crypto Currency,1812033478,0
Charles Schwab,1328D16B0,136E50180,United States,USD,Person,426,Elora Ford,0,0,0,0,Mutual Fund / ETF,2885775303,0
Charles Schwab,1328D16B0,136E50180,United States,USD,Person,426,Elora Ford,0,0,0,0,Mutual Fund / ETF,2885775304,0
PNC Financial Services,132879210,134B8D5F0,United States,USD,Person,426,Elora Ford,0,0,0,0,Money Market,2214686665,25
Charles Schwab,1328D16B0,136E50180,United States,USD,Person,426,Elora Ford,0,0,0,0,Mutual Fund / ETF,2885775306,0
Charles Schwab,1328D16B0,136E50180,United States,USD,Person,426,Elora Ford,0,0,0,0,Money Market,2885775307,0
Nationwide - Life,132872340,1348098B0,United States,USD,Person,426,Elora Ford,0,0,0,0,Life Insurance,3489755084,0
Cash,3CEC88A0,3CEC8BC0,United States,USD,Person,427,Alexis Washington,0,0,0,0,Cash,0,0
Fifth Third Bancorp,13287B290,134C9DBB0,United States,USD,Person,427,Alexis Washington,0,0,0,0,Checking,2751573287,10
Cash,3CEC88A0,3CEC8BC0,United States,USD,Person,428,Matthew Graham,0,0,0,0,Cash,0,0
Anthony's Federal Credit Union,6971A0030,6971A03C0,United States,USD,Person,428,Matthew Graham,1,0,0,0,Checking,201420783,0
Ian's Federal Credit Union,6989DF340,6989DF6D0,United States,USD,Person,428,Matthew Graham,0,0,0,0,Savings,3489755120,50
Anthony's Federal Credit Union,6971A0030,6971A03C0,United States,USD,Person,428,Matthew Graham,0,0,0,0,Money Market,201420785,25
State Farm - Life,132870C80,1346B97D0,United States,USD,Person,428,Matthew Graham,0,0,0,0,Life Insurance,536965106,0
Cash,3CEC88A0,3CEC8BC0,United States,USD,Person,429,Sofia Avery,0,0,0,0,Cash,0,0
BB&T Corp.,132879890,134BDA2A0,United States,USD,Person,429,Sofia Avery,1,0,0,0,Checking,604074022,10
Gallegos Savings Bank,6999EF720,6999EFAB0,United States,USD,Person,429,Sofia Avery,0,0,0,0,Savings,3355537447,50
Bank of America Corp.,1328781D0,134A4D800,United States,USD,Person,429,Sofia Avery,0,0,0,0,Money Market,1946251304,50
Legg Mason,1328D57B0,136E63560,United States,USD,Person,429,Sofia Avery,0,0,0,0,Mutual Fund / ETF,3959517225,0
Fidelity Investments,1328D40F0,136E631A0,United States,USD,Person,429,Sofia Avery,0,0,0,0,Mutual Fund / ETF,1006727210,0
Landen's Youngstown Funds,69B8E9BC0,69B8E9F50,United States,USD,Person,429,Sofia Avery,0,0,0,0,Mutual Fund / ETF,4026626091,0
Fidelity Investments,1328D40F0,136E631A0,United States,USD,Person,429,Sofia Avery,0,0,0,0,Mutual Fund / ETF,1006727212,0
Landen's Youngstown Funds,69B8E9BC0,69B8E9F50,United States,USD,Person,429,Sofia Avery,0,0,0,0,Mutual Fund / ETF,4026626093,0
Landen's Youngstown Funds,69B8E9BC0,69B8E9F50,United States,USD,Person,429,Sofia Avery,0,0,0,0,Mutual Fund / ETF,4026626094,0
Landen's Youngstown Funds,69B8E9BC0,69B8E9F50,United States,USD,Person,429,Sofia Avery,0,0,0,0,Mutual Fund / ETF,4026626095,0
Landen's Youngstown Funds,69B8E9BC0,69B8E9F50,United States,USD,Person,429,Sofia Avery,0,0,0,0,Mutual Fund / ETF,4026626096,0
Landen's Youngstown Funds,69B8E9BC0,69B8E9F50,United States,USD,Person,429,Sofia Avery,0,0,0,0,Mutual Fund / ETF,4026626097,0
BB&T Corp.,132879890,134BDA2A0,United States,USD,Person,429,Sofia Avery,0,0,0,0,Money Market,604074034,50
Cash,3CEC88A0,3CEC8BC0,United States,USD,Person,430,Voshon Potter,0,0,0,0,Cash,0,0
Citizens Bank,13287A8D0,134C7ECA0,United States,USD,Person,430,Voshon Potter,1,0,0,0,Checking,872509495,10
Bank of New York Mellon,132879550,134BC82D0,United States,USD,Person,430,Voshon Potter,0,0,0,0,Savings,1409380408,50
Citizens Bank,13287A8D0,134C7ECA0,United States,USD,Person,430,Voshon Potter,0,0,0,0,Savings,872509497,50
Synchrony Financial,1328D30B0,136E5F2F0,United States,USD,Person,430,Voshon Potter,0,0,0,0,Money Market,738291770,50
Gage's Harrisburg Brokerage,69B850740,69B850AD0,United States,USD,Person,430,Voshon Potter,0,0,0,0,Mutual Fund / ETF,3489755195,0
Citizens Bank,13287A8D0,134C7ECA0,United States,USD,Person,430,Voshon Potter,0,0,0,0,Money Market,872509500,50
Gage's Harrisburg Brokerage,69B850740,69B850AD0,United States,USD,Person,430,Voshon Potter,0,0,0,0,Mutual Fund / ETF,3489755197,0
Gage's Harrisburg Brokerage,69B850740,69B850AD0,United States,USD,Person,430,Voshon Potter,0,0,0,0,Money Market,3489755198,10
State Farm - Life,132870C80,13468DE70,United States,USD,Person,430,Voshon Potter,0,0,0,0,Life Insurance,536965183,0
Cash,3CEC88A0,3CEC8BC0,United States,USD,Person,431,Atticus Snyder,0,0,0,0,Cash,0,0
Mercado Bank,69AA9B4B0,69AA9B840,United States,USD,Person,431,Atticus Snyder,0,0,0,0,Checking,738291778,50
U.S. Bancorp,132878ED0,134B673E0,United States,USD,Person,431,Atticus Snyder,0,0,0,0,Savings,3019993155,10
Cash,3CEC88A0,3CEC8BC0,United States,USD,Person,432,Kemal Huff,0,0,0,0,Cash,0,0
Lin Bank,696F948B0,696F94C40,United States,USD,Person,432,Kemal Huff,1,208,0,0,Checking,738291819,25
Lin Bank,696F948B0,696F94C40,United States,USD,Person,432,Kemal Huff,0,0,0,0,Savings,738291820,0
Lin Bank,696F948B0,696F94C40,United States,USD,Person,432,Kemal Huff,0,0,0,0,Savings,738291821,100
Lin Bank,696F948B0,696F94C40,United States,USD,Person,432,Kemal Huff,0,0,0,0,Money Market,738291822,50
KUCoin,1328D67F0,136E63880,United States,USD,Person,432,Kemal Huff,0,0,0,0,Crypto Currency,4227952751,0
Conley Investing,69B775EB0,69B776240,United States,USD,Person,432,Kemal Huff,0,0,0,0,Mutual Fund / ETF,2885775472,0
Conley Investing,69B775EB0,69B776240,United States,USD,Person,432,Kemal Huff,0,0,0,0,Stock,2885775473,0
Conley Investing,69B775EB0,69B776240,United States,USD,Person,432,Kemal Huff,0,0,0,0,Stock,2885775474,0
Ameriprise Financial,1328D26F0,136E5F170,United States,USD,Person,432,Kemal Huff,0,0,0,0,Stock,3154210931,0
Royalty's Partners,69B9685E0,69B968970,United States,USD,Person,432,Kemal Huff,0,0,0,0,Mutual Fund / ETF,2013360244,0
Royalty's Partners,69B9685E0,69B968970,United States,USD,Person,432,Kemal Huff,0,0,0,0,Money Market,2013360245,100
Royalty's Partners,69B9685E0,69B968970,United States,USD,Person,432,Kemal Huff,0,0,0,0,Mutual Fund / ETF,2013360246,0
Conley Investing,69B775EB0,69B776240,United States,USD,Person,432,Kemal Huff,0,0,0,0,Money Market,2885775479,25
Cash,3CEC88A0,3CEC8BC0,United States,USD,Person,433,Jayde Livingston,0,0,0,0,Cash,0,0
Alistair's Bank,69817E260,69817E5F0,United States,USD,Person,433,Jayde Livingston,1,0,0,0,Checking,2550231167,25
Fifth Third Bancorp,13287B290,134CAABF0,United States,USD,Person,433,Jayde Livingston,0,0,0,0,Checking,2751557760,25
Mina's Marysville Federal Credit Union,69AD8CA30,69AD8CDC0,United States,USD,Person,433,Jayde Livingston,0,0,0,0,Savings,2348904577,100
Keller Investments,69B8A51A0,69B8A5530,United States,USD,Person,433,Jayde Livingston,0,0,0,0,Mutual Fund / ETF,1744924802,0
Fifth Third Bancorp,13287B290,134CAABF0,United States,USD,Person,433,Jayde Livingston,0,0,0,0,Money Market,2751557763,0
State Farm - Life,132870C80,1346A8350,United States,USD,Person,433,Jayde Livingston,0,0,0,0,Life Insurance,536965252,0
Cash,3CEC88A0,3CEC8BC0,United States,USD,Person,434,Sage Barnes,0,0,0,0,Cash,0,0
Sofia's Savings Bank,696DE4270,696DE4600,United States,USD,Person,434,Sage Barnes,1,0,0,0,Checking,2617340108,100
Joelle's Federal Credit Union,696F3E230,696F3E5C0,United States,USD,Person,434,Sage Barnes,0,0,0,0,Savings,2348904653,0
Sofia's Savings Bank,696DE4270,696DE4600,United States,USD,Person,434,Sage Barnes,0,0,0,0,Savings,2617340110,10
Joelle's Federal Credit Union,696F3E230,696F3E5C0,United States,USD,Person,434,Sage Barnes,0,0,0,0,Money Market,2348904655,25
Sofia's Savings Bank,696DE4270,696DE4600,United States,USD,Person,434,Sage Barnes,0,0,0,0,Money Market,2617340112,0
Brady Greeley Brokerage,69B870360,69B8706F0,United States,USD,Person,434,Sage Barnes,0,0,0,0,Mutual Fund / ETF,3623973073,0
Brady Greeley Brokerage,69B870360,69B8706F0,United States,USD,Person,434,Sage Barnes,0,0,0,0,Money Market,3623973074,25
Cash,3CEC88A0,3CEC8BC0,United States,USD,Person,435,Vladimir Bowen,0,0,0,0,Cash,0,0
U.S. Bancorp,132878ED0,134B673E0,United States,USD,Person,435,Vladimir Bowen,1,1,0,0,Checking,3019993354,0
BB&T Corp.,132879890,134BDC370,United States,USD,Person,435,Vladimir Bowen,0,0,0,0,Savings,604074251,0
State Farm - Life,132870C80,1346850B0,United States,USD,Person,435,Vladimir Bowen,0,0,0,0,Life Insurance,536965388,0
Cash,3CEC88A0,3CEC8BC0,United States,USD,Person,436,Petronille Ortiz,0,0,0,0,Cash,0,0
M&T Bank Corp.,13287A590,134C6D3C0,United States,USD,Person,436,Petronille Ortiz,1,3,0,0,Checking,1677816134,0
State Street Bank,13287AC10,134C9D7B0,United States,USD,Person,436,Petronille Ortiz,0,0,0,0,Savings,67203399,25
M&T Bank Corp.,13287A590,134C6D3C0,United States,USD,Person,436,Petronille Ortiz,0,0,0,0,Money Market,1677816136,0
Livingston Brokerage,69B787050,69B7873E0,United States,USD,Person,436,Petronille Ortiz,0,0,0,0,Mutual Fund / ETF,335638857,0
Livingston Brokerage,69B787050,69B7873E0,United States,USD,Person,436,Petronille Ortiz,0,0,0,0,Mutual Fund / ETF,335638858,0
Livingston Brokerage,69B787050,69B7873E0,United States,USD,Person,436,Petronille Ortiz,0,0,0,0,Mutual Fund / ETF,335638859,0
Merrill Lynch,1328D23B0,136E5B610,United States,USD,Person,436,Petronille Ortiz,0,0,0,0,Mutual Fund / ETF,3959517516,0
Livingston Brokerage,69B787050,69B7873E0,United States,USD,Person,436,Petronille Ortiz,0,0,0,0,Mutual Fund / ETF,335638861,0
Hale Securities Company,69B8F5AC0,69B8F5E50,United States,USD,Person,436,Petronille Ortiz,0,0,0,0,Mutual Fund / ETF,2952884558,0
Merrill Lynch,1328D23B0,136E5B610,United States,USD,Person,436,Petronille Ortiz,0,0,0,0,Mutual Fund / ETF,3959517519,0
State Street Bank,13287AC10,134C9D7B0,United States,USD,Person,436,Petronille Ortiz,0,0,0,0,Money Market,67203408,0
Livingston Brokerage,69B787050,69B7873E0,United States,USD,Person,436,Petronille Ortiz,0,0,0,0,Money Market,335638865,50
Merrill Lynch,1328D23B0,136E5B610,United States,USD,Person,436,Petronille Ortiz,0,0,0,0,Money Market,3959517522,50
Hale Securities Company,69B8F5AC0,69B8F5E50,United States,USD,Person,436,Petronille Ortiz,0,0,0,0,Money Market,2952884563,50
Merrill Lynch,1328D23B0,136E5B610,United States,USD,Person,436,Petronille Ortiz,0,0,0,0,Mutual Fund / ETF,3959517524,0
Merrill Lynch,1328D23B0,136E5B610,United States,USD,Person,436,Petronille Ortiz,0,0,0,0,Mutual Fund / ETF,3959517525,0
Merrill Lynch,1328D23B0,136E5B610,United States,USD,Person,436,Petronille Ortiz,0,0,0,0,Mutual Fund / ETF,3959517526,0
Livingston Brokerage,69B787050,69B7873E0,United States,USD,Person,436,Petronille Ortiz,0,0,0,0,Mutual Fund / ETF,335638871,0
Peck Fort Lauderdale Savings Bank,697623B50,697623EE0,United States,USD,Person,436,Petronille Ortiz,0,0,0,0,Money Market,3556864344,100
Peters Fort Lauderdale Savings Bank,6988F91A0,6988F9530,United States,USD,Person,436,Petronille Ortiz,0,0,0,0,Money Market,1744925017,0
Cash,3CEC88A0,3CEC8BC0,United States,USD,Person,437,Mohammed Chapman,0,0,0,0,Cash,0,0
Bullock Federal Credit Union,6977310B0,697731440,United States,USD,Person,437,Mohammed Chapman,1,208,0,0,Checking,738292095,0
Charles Schwab,1328D16B0,136E50810,United States,USD,Person,437,Mohammed Chapman,0,0,0,0,Mutual Fund / ETF,2885775744,0
Meadows East Pittsburgh Bank,69AB55380,69AB55710,United States,USD,Person,437,Mohammed Chapman,0,0,0,0,Money Market,3758190977,10
Charles Schwab,1328D16B0,136E50810,United States,USD,Person,437,Mohammed Chapman,0,0,0,0,Mutual Fund / ETF,2885775746,0
Charles Schwab,1328D16B0,136E50810,United States,USD,Person,437,Mohammed Chapman,0,0,0,0,Money Market,2885775747,10
Cash,3CEC88A0,3CEC8BC0,United States,USD,Person,438,Yahir Holmes,0,0,0,0,Cash,0,0
Shelby's Bank,698D00260,698D005F0,United States,USD,Person,438,Yahir Holmes,1,1,0,0,Checking,2550231481,0
Capital One Financial,132878B90,134B52950,United States,USD,Person,438,Yahir Holmes,0,0,0,0,Savings,3825299898,10
Legg Mason,1328D57B0,136E63560,United States,USD,Person,438,Yahir Holmes,0,0,0,0,Mutual Fund / ETF,3959517627,0
Shelby's Bank,698D00260,698D005F0,United States,USD,Person,438,Yahir Holmes,0,0,0,0,Money Market,2550231484,100
Cash,3CEC88A0,3CEC8BC0,United States,USD,Person,439,Kassandra Wagner,0,0,0,0,Cash,0,0
Melanie's Bank,697655A20,697655DB0,United States,USD,Person,439,Kassandra Wagner,1,0,0,0,Checking,2281796048,50
Ainsley's Geneseo Federal Credit Union,69A7299A0,69A729D30,United States,USD,Person,439,Kassandra Wagner,0,0,0,0,Savings,1744925137,100
Melanie's Bank,697655A20,697655DB0,United States,USD,Person,439,Kassandra Wagner,0,0,0,0,Savings,2281796050,50
Melanie's Bank,697655A20,697655DB0,United States,USD,Person,439,Kassandra Wagner,0,0,0,0,Money Market,2281796051,100
Florence's Investing,69B926C00,69B926F90,United States,USD,Person,439,Kassandra Wagner,0,0,0,0,Stock,94676,0
Florence's Investing,69B926C00,69B926F90,United States,USD,Person,439,Kassandra Wagner,0,0,0,0,Mutual Fund / ETF,94677,0
Florence's Investing,69B926C00,69B926F90,United States,USD,Person,439,Kassandra Wagner,0,0,0,0,Money Market,94678,0
Allstate - Life,132870FC0,13471CD40,United States,USD,Person,439,Kassandra Wagner,0,0,0,0,Life Insurance,4026626519,0
Cash,3CEC88A0,3CEC8BC0,United States,USD,Person,440,Oaklee Ventura,0,0,0,0,Cash,0,0
Madelynn's Chino Hills Federal Credit Union,6988BCC00,6988BCF90,United States,USD,Person,440,Oaklee Ventura,1,1,0,0,Checking,94704,50
JPMorgan Chase,132877E90,134A15760,United States,USD,Person,440,Oaklee Ventura,0,0,0,0,Savings,2751558129,25
Crypto.com,1328D6B30,136E63920,United States,USD,Person,440,Oaklee Ventura,0,0,0,0,Crypto Currency,3422646770,0
Erickson Brokerage,9B804A600,9B804A990,Mexico,USD,Person,440,Oaklee Ventura,0,0,0,0,Mutual Fund / ETF,2147578355,0
Edward Jones,1328D1D30,136E561F0,United States,USD,Person,440,Oaklee Ventura,0,0,0,0,Mutual Fund / ETF,1275163124,0
Edward Jones,1328D1D30,136E561F0,United States,USD,Person,440,Oaklee Ventura,0,0,0,0,Mutual Fund / ETF,1275163125,0
Edward Jones,1328D1D30,136E561F0,United States,USD,Person,440,Oaklee Ventura,0,0,0,0,Mutual Fund / ETF,1275163126,0
Edward Jones,1328D1D30,136E561F0,United States,USD,Person,440,Oaklee Ventura,0,0,0,0,Mutual Fund / ETF,1275163127,0
Edward Jones,1328D1D30,136E561F0,United States,USD,Person,440,Oaklee Ventura,0,0,0,0,Mutual Fund / ETF,1275163128,0
Madelynn's Chino Hills Federal Credit Union,6988BCC00,6988BCF90,United States,USD,Person,440,Oaklee Ventura,0,0,0,0,Money Market,94713,50
Edward Jones,1328D1D30,136E561F0,United States,USD,Person,440,Oaklee Ventura,0,0,0,0,Mutual Fund / ETF,1275163130,0
Vanguard Investments,1328D3DB0,1337CF6F0,United States,USD,Person,440,Oaklee Ventura,0,0,0,0,Mutual Fund / ETF,1812034043,0
Crypto.com,1328D6B30,136E63920,United States,USD,Person,440,Oaklee Ventura,0,0,0,0,Money Market,3422646780,0
State Farm - Life,132870C80,1346C7290,United States,USD,Person,440,Oaklee Ventura,0,0,0,0,Life Insurance,536965629,0
Cash,3CEC88A0,3CEC8BC0,United States,USD,Person,441,Nixon Maddox,0,0,0,0,Cash,0,0
Bean Bank,69B15E1E0,69B15E570,United States,USD,Person,441,Nixon Maddox,1,2,0,0,Checking,2013360681,10
Patrick Sandy Federal Credit Union,697E5F240,697E5F5D0,United States,USD,Person,441,Nixon Maddox,0,0,0,0,Savings,2416013866,0
Montgomery Stocks and Investing,69B965ED0,69B966260,United States,USD,Person,441,Nixon Maddox,0,0,0,0,Mutual Fund / ETF,3019993643,0
Bean Bank,69B15E1E0,69B15E570,United States,USD,Person,441,Nixon Maddox,0,0,0,0,Money Market,2013360684,0
Montgomery Stocks and Investing,69B965ED0,69B966260,United States,USD,Person,441,Nixon Maddox,0,0,0,0,Mutual Fund / ETF,3019993645,0
Patrick Sandy Federal Credit Union,697E5F240,697E5F5D0,United States,USD,Person,441,Nixon Maddox,0,0,0,0,Money Market,2416013870,10
Cash,3CEC88A0,3CEC8BC0,United States,USD,Person,442,Stephen Brooks,0,0,0,0,Cash,0,0
Krueger Savings Bank,699CA25C0,699CA2950,United States,USD,Person,442,Stephen Brooks,1,0,0,0,Checking,1879143002,10
Quinn Bank,6984986D0,698498A60,United States,USD,Person,442,Stephen Brooks,0,0,0,0,Savings,3019993691,250
Krueger Savings Bank,699CA25C0,699CA2950,United States,USD,Person,442,Stephen Brooks,0,0,0,0,Savings,1879143004,0
Krueger Savings Bank,699CA25C0,699CA2950,United States,USD,Person,442,Stephen Brooks,0,0,0,0,Money Market,1879143005,0
Bitfinex,1328D6170,136E63740,United States,USD,Person,442,Stephen Brooks,0,0,0,0,Crypto Currency,1543598686,0
Binance,1328D5AF0,136E63600,United States,USD,Person,442,Stephen Brooks,0,0,0,0,Crypto Currency,3154211423,0
Brooklynn's Securities Company,69B7B1160,69B7B14F0,United States,USD,Person,442,Stephen Brooks,0,0,0,0,Mutual Fund / ETF,1476489824,0
Brooklynn's Securities Company,69B7B1160,69B7B14F0,United States,USD,Person,442,Stephen Brooks,0,0,0,0,Mutual Fund / ETF,1476489825,0
Brooklynn's Securities Company,69B7B1160,69B7B14F0,United States,USD,Person,442,Stephen Brooks,0,0,0,0,Mutual Fund / ETF,1476489826,0
Brooklynn's Securities Company,69B7B1160,69B7B14F0,United States,USD,Person,442,Stephen Brooks,0,0,0,0,Money Market,1476489827,10
Cash,3CEC88A0,3CEC8BC0,United States,USD,Person,443,Melvin Compton,0,0,0,0,Cash,0,0
Anika's Fairview Thrift,69AFD1FA0,69AFD2330,United States,USD,Person,443,Melvin Compton,1,0,0,0,Checking,3892408959,50
SunTrust Banks,132879BD0,134C12020,United States,USD,Person,443,Melvin Compton,0,0,0,0,Savings,4093735552,0
McIntosh Brokerage House,69B93C220,69B93C5B0,United States,USD,Person,443,Melvin Compton,0,0,0,0,Stock,2281796225,0
McIntosh Brokerage House,69B93C220,69B93C5B0,United States,USD,Person,443,Melvin Compton,0,0,0,0,Stock,2281796226,0
McIntosh Brokerage House,69B93C220,69B93C5B0,United States,USD,Person,443,Melvin Compton,0,0,0,0,Stock,2281796227,0
McIntosh Brokerage House,69B93C220,69B93C5B0,United States,USD,Person,443,Melvin Compton,0,0,0,0,Stock,2281796228,0
McIntosh Brokerage House,69B93C220,69B93C5B0,United States,USD,Person,443,Melvin Compton,0,0,0,0,Stock,2281796229,0
McIntosh Brokerage House,69B93C220,69B93C5B0,United States,USD,Person,443,Melvin Compton,0,0,0,0,Stock,2281796230,0
Kailani's Funds,69B88F660,69B88F9F0,United States,USD,Person,443,Melvin Compton,0,0,0,0,Mutual Fund / ETF,2550231687,0
Anika's Fairview Thrift,69AFD1FA0,69AFD2330,United States,USD,Person,443,Melvin Compton,0,0,0,0,Money Market,3892408968,0
Kailani's Funds,69B88F660,69B88F9F0,United States,USD,Person,443,Melvin Compton,0,0,0,0,Mutual Fund / ETF,2550231689,0
SunTrust Banks,132879BD0,134C12020,United States,USD,Person,443,Melvin Compton,0,0,0,0,Money Market,4093735562,10
Cash,3CEC88A0,3CEC8BC0,United States,USD,Person,444,Hendrix Pierce,0,0,0,0,Cash,0,0
Frye Federal Credit Union,697AB0730,697AB0AC0,United States,USD,Person,444,Hendrix Pierce,1,0,0,0,Checking,3422646943,100
Key Bank,132879F10,134C391A0,United States,USD,Person,444,Hendrix Pierce,0,0,0,0,Savings,3288429216,25
Frye Federal Credit Union,697AB0730,697AB0AC0,United States,USD,Person,444,Hendrix Pierce,0,0,0,0,Money Market,3422646945,0
Bitfinex,1328D6170,136E63740,United States,USD,Person,444,Hendrix Pierce,0,0,0,0,Crypto Currency,1543598754,0
Sampson Brokerage,69B842570,69B842900,United States,USD,Person,444,Hendrix Pierce,0,0,0,0,Mutual Fund / ETF,1543598755,0
Invesco,1328D4AB0,136E63320,United States,USD,Person,444,Hendrix Pierce,0,0,0,0,Mutual Fund / ETF,2885776036,0
Sampson Brokerage,69B842570,69B842900,United States,USD,Person,444,Hendrix Pierce,0,0,0,0,Mutual Fund / ETF,1543598757,0
Invesco,1328D4AB0,136E63320,United States,USD,Person,444,Hendrix Pierce,0,0,0,0,Mutual Fund / ETF,2885776038,0
Key Bank,132879F10,134C391A0,United States,USD,Person,444,Hendrix Pierce,0,0,0,0,Money Market,3288429223,100
Allstate - Life,132870FC0,134734350,United States,USD,Person,444,Hendrix Pierce,0,0,0,0,Life Insurance,4026626728,0
Cash,3CEC88A0,3CEC8BC0,United States,USD,Person,445,Emory McIntyre,0,0,0,0,Cash,0,0
Lara Savings Bank,3DD35C060,3DD35C3F0,United States,USD,Person,445,Emory McIntyre,0,0,0,0,Checking,402748096,25
Gibson's Thrift,699A9AB50,699A9AEE0,United States,USD,Person,445,Emory McIntyre,0,0,0,0,Savings,3556864705,25
Black Rock,1328D3A70,1337CF670,United States,USD,Person,445,Emory McIntyre,0,0,0,0,Mutual Fund / ETF,2617340610,0
Neufelder Stocks and Investing,69B7AC320,69B7AC6B0,United States,USD,Person,445,Emory McIntyre,0,0,0,0,Mutual Fund / ETF,3355538115,0
Lara Savings Bank,3DD35C060,3DD35C3F0,United States,USD,Person,445,Emory McIntyre,0,0,0,0,Money Market,402748100,50
Cash,3CEC88A0,3CEC8BC0,United States,USD,Person,446,Johnathan Leach,0,0,0,0,Cash,0,0
U.S. Bancorp,132878ED0,134B673E0,United States,USD,Person,446,Johnathan Leach,1,0,0,0,Checking,3019993798,10
Bryan Bank,6981B7F20,6981B82B0,United States,USD,Person,446,Johnathan Leach,0,0,0,0,Savings,3355538119,0
Fidelity Investments,1328D40F0,136E631A0,United States,USD,Person,446,Johnathan Leach,0,0,0,0,Mutual Fund / ETF,1006727880,0
U.S. Bancorp,132878ED0,134B673E0,United States,USD,Person,446,Johnathan Leach,0,0,0,0,Money Market,3019993801,25
Cash,3CEC88A0,3CEC8BC0,United States,USD,Person,447,Leland Trevino,0,0,0,0,Cash,0,0
Ally Financial,13287AF50,133B57270,United States,USD,Person,447,Leland Trevino,0,0,0,0,Checking,3556864727,25
Parker's Savings Bank,697AA2110,697AA24A0,United States,USD,Person,447,Leland Trevino,0,0,0,0,Savings,1140945624,50
Ally Financial,13287AF50,133B57270,United States,USD,Person,447,Leland Trevino,0,0,0,0,Money Market,3556864729,10
Bybit,1328D6E70,136E639C0,United States,USD,Person,447,Leland Trevino,0,0,0,0,Crypto Currency,2617340634,0
Winter's Lakeland Brokerage House,69B82AD30,69B82B0C0,United States,USD,Person,447,Leland Trevino,0,0,0,0,Mutual Fund / ETF,1275163355,0
Parker's Savings Bank,697AA2110,697AA24A0,United States,USD,Person,447,Leland Trevino,0,0,0,0,Money Market,1140945628,25
Cash,3CEC88A0,3CEC8BC0,United States,USD,Person,448,Michael Macias,0,0,0,0,Cash,0,0
JPMorgan Chase,132877E90,134A05930,United States,USD,Person,448,Michael Macias,1,1,0,0,Checking,2751558409,10
Kase's Savings Bank,69B1375D0,69B137960,United States,USD,Person,448,Michael Macias,0,0,0,0,Savings,1946252042,50
Cash,3CEC88A0,3CEC8BC0,United States,USD,Person,449,Novalee Parks,0,0,0,0,Cash,0,0
Addisyn's Savings Bank,697CD2400,697CD2790,United States,USD,Person,449,Novalee Parks,1,1,0,0,Checking,95040,25
Bank of America Corp.,1328781D0,134A35A10,United States,USD,Person,449,Novalee Parks,0,0,0,0,Checking,1946252097,25
Addisyn's Savings Bank,697CD2400,697CD2790,United States,USD,Person,449,Novalee Parks,0,0,0,0,Savings,95042,100
Addisyn's Savings Bank,697CD2400,697CD2790,United States,USD,Person,449,Novalee Parks,0,0,0,0,Money Market,95043,25
Bitfinex,1328D6170,136E63740,United States,USD,Person,449,Novalee Parks,0,0,0,0,Crypto Currency,1543598916,0
PIMCO,1328D4770,136E632A0,United States,USD,Person,449,Novalee Parks,0,0,0,0,Stock,3691082565,0
PIMCO,1328D4770,136E632A0,United States,USD,Person,449,Novalee Parks,0,0,0,0,Stock,3691082566,0
Fidelity Investments,1328D40F0,136E631A0,United States,USD,Person,449,Novalee Parks,0,0,0,0,Stock,1006728007,0
PIMCO,1328D4770,136E632A0,United States,USD,Person,449,Novalee Parks,0,0,0,0,Mutual Fund / ETF,3691082568,0
PIMCO,1328D4770,136E632A0,United States,USD,Person,449,Novalee Parks,0,0,0,0,Mutual Fund / ETF,3691082569,0
Fidelity Investments,1328D40F0,136E631A0,United States,USD,Person,449,Novalee Parks,0,0,0,0,Mutual Fund / ETF,1006728010,0
Schultz Securities Company,9AA17BFF0,9AA17C380,Germany,USD,Person,449,Novalee Parks,0,0,0,0,Mutual Fund / ETF,4227953483,0
PIMCO,1328D4770,136E632A0,United States,USD,Person,449,Novalee Parks,0,0,0,0,Money Market,3691082572,100
PIMCO,1328D4770,136E632A0,United States,USD,Person,449,Novalee Parks,0,0,0,0,Mutual Fund / ETF,3691082573,0
PIMCO,1328D4770,136E632A0,United States,USD,Person,449,Novalee Parks,0,0,0,0,Mutual Fund / ETF,3691082574,0
Ameriprise Financial,1328D26F0,136E5F170,United States,USD,Person,449,Novalee Parks,0,0,0,0,Mutual Fund / ETF,3154211663,0
PIMCO,1328D4770,136E632A0,United States,USD,Person,449,Novalee Parks,0,0,0,0,Mutual Fund / ETF,3691082576,0
Fidelity Investments,1328D40F0,136E631A0,United States,USD,Person,449,Novalee Parks,0,0,0,0,Mutual Fund / ETF,1006728017,0
Franklin Resources,1328D5130,136E63420,United States,USD,Person,449,Novalee Parks,0,0,0,0,Mutual Fund / ETF,1275163474,0
Fidelity Investments,1328D40F0,136E631A0,United States,USD,Person,449,Novalee Parks,0,0,0,0,Money Market,1006728019,0
Cash,3CEC88A0,3CEC8BC0,United States,USD,Person,450,Ashley Shannon,0,0,0,0,Cash,0,0
Hayden's Federal Credit Union,697781B00,697781E90,United States,USD,Person,450,Ashley Shannon,1,0,0,0,Checking,3221320556,25
Kendra's Hanover Federal Credit Union,6972F6960,6972F6CF0,United States,USD,Person,450,Ashley Shannon,0,0,0,0,Savings,1476490093,10
Bauer Brokerage,69B90BE70,69B90C200,United States,USD,Person,450,Ashley Shannon,0,0,0,0,Mutual Fund / ETF,2617340782,0
Bauer Brokerage,69B90BE70,69B90C200,United States,USD,Person,450,Ashley Shannon,0,0,0,0,Mutual Fund / ETF,2617340783,0
Hayden's Federal Credit Union,697781B00,697781E90,United States,USD,Person,450,Ashley Shannon,0,0,0,0,Money Market,3221320560,0
Bauer Brokerage,69B90BE70,69B90C200,United States,USD,Person,450,Ashley Shannon,0,0,0,0,Mutual Fund / ETF,2617340785,0
Bauer Brokerage,69B90BE70,69B90C200,United States,USD,Person,450,Ashley Shannon,0,0,0,0,Money Market,2617340786,0
Cash,3CEC88A0,3CEC8BC0,United States,USD,Person,451,Alexandria Reese,0,0,0,0,Cash,0,0
Kenneth's Savings Bank,698ABD250,698ABD5E0,United States,USD,Person,451,Alexandria Reese,1,207,0,0,Checking,2483123081,100
Hahn Sherman Oaks Bank,69AF017C0,69AF01B50,United States,USD,Person,451,Alexandria Reese,0,0,0,0,Savings,4026626954,100
KUCoin,1328D67F0,136E63880,United States,USD,Person,451,Alexandria Reese,0,0,0,0,Crypto Currency,4227953547,0
Cash,3CEC88A0,3CEC8BC0,United States,USD,Person,452,Chad Clarke,0,0,0,0,Cash,0,0
Palacios Savings Bank,697B3F4B0,697B3F840,United States,USD,Person,452,Chad Clarke,1,0,0,0,Checking,738292672,0
Wood Bank,69A5A5050,69A5A53E0,United States,USD,Person,452,Chad Clarke,0,0,0,0,Savings,335639489,0
Raymond James Financial,1328D33F0,136E5F370,United States,USD,Person,452,Chad Clarke,0,0,0,0,Mutual Fund / ETF,4227953602,0
Palacios Savings Bank,697B3F4B0,697B3F840,United States,USD,Person,452,Chad Clarke,0,0,0,0,Money Market,738292675,25
Cash,3CEC88A0,3CEC8BC0,United States,USD,Person,453,Rex Patterson,0,0,0,0,Cash,0,0
Cummings Federal Credit Union,69933D290,69933D620,United States,USD,Person,453,Rex Patterson,0,0,0,0,Money Market,2751558630,10
Wynter's Brokers,69B754D50,69B7550E0,United States,USD,Person,453,Rex Patterson,0,0,0,0,Mutual Fund / ETF,1409381351,0
Wynter's Brokers,69B754D50,69B7550E0,United States,USD,Person,453,Rex Patterson,0,0,0,0,Money Market,1409381352,25
Cummings Federal Credit Union,69933D290,69933D620,United States,USD,Person,453,Rex Patterson,1,120,0,0,Checking,2751558633,0
Cash,3CEC88A0,3CEC8BC0,United States,USD,Person,454,Jay Rose,0,0,0,0,Cash,0,0
Rangel Murfreesboro Savings Bank,697D83460,697D837F0,United States,USD,Person,454,Jay Rose,1,0,0,0,Checking,402748403,0
Lawrence's Bank,6987E12E0,6987E1670,United States,USD,Person,454,Jay Rose,0,0,0,0,Savings,3087102964,25
Rangel Murfreesboro Savings Bank,697D83460,697D837F0,United States,USD,Person,454,Jay Rose,0,0,0,0,Money Market,402748405,0
Legg Mason,1328D57B0,136E63560,United States,USD,Person,454,Jay Rose,0,0,0,0,Mutual Fund / ETF,3959518198,0
Legg Mason,1328D57B0,136E63560,United States,USD,Person,454,Jay Rose,0,0,0,0,Mutual Fund / ETF,3959518199,0
Legg Mason,1328D57B0,136E63560,United States,USD,Person,454,Jay Rose,0,0,0,0,Mutual Fund / ETF,3959518200,0
Legg Mason,1328D57B0,136E63560,United States,USD,Person,454,Jay Rose,0,0,0,0,Mutual Fund / ETF,3959518201,0
Legg Mason,1328D57B0,136E63560,United States,USD,Person,454,Jay Rose,0,0,0,0,Mutual Fund / ETF,3959518202,0
Legg Mason,1328D57B0,136E63560,United States,USD,Person,454,Jay Rose,0,0,0,0,Mutual Fund / ETF,3959518203,0
Khaleesi's Brokerage,9A3031CD0,9A3032060,China,USD,Person,454,Jay Rose,0,0,0,0,Mutual Fund / ETF,872510460,0
Legg Mason,1328D57B0,136E63560,United States,USD,Person,454,Jay Rose,0,0,0,0,Mutual Fund / ETF,3959518205,0
Legg Mason,1328D57B0,136E63560,United States,USD,Person,454,Jay Rose,0,0,0,0,Mutual Fund / ETF,3959518206,0
Decker Investing,9C6FF04E0,9C6FF0870,Taiwan,USD,Person,454,Jay Rose,0,0,0,0,Mutual Fund / ETF,939619327,0
Legg Mason,1328D57B0,136E63560,United States,USD,Person,454,Jay Rose,0,0,0,0,Money Market,3959518208,50
Decker Investing,9C6FF04E0,9C6FF0870,Taiwan,USD,Person,454,Jay Rose,0,0,0,0,Money Market,939619329,25
Legg Mason,1328D57B0,136E63560,United States,USD,Person,454,Jay Rose,0,0,0,0,Mutual Fund / ETF,3959518210,0
Wellington Management,1328D4DF0,136E633A0,United States,USD,Person,454,Jay Rose,0,0,0,0,Money Market,2080470019,25
Cash,3CEC88A0,3CEC8BC0,United States,USD,Person,455,Lorelai Chandler,0,0,0,0,Cash,0,0
United Savings Bank,6986D3340,6986D36D0,United States,USD,Person,455,Lorelai Chandler,1,0,0,0,Checking,3489756193,10
Kaison's Knoxville Savings Bank,698C72DE0,698C73170,United States,USD,Person,455,Lorelai Chandler,0,0,0,0,Savings,2013361186,10
United Savings Bank,6986D3340,6986D36D0,United States,USD,Person,455,Lorelai Chandler,0,0,0,0,Money Market,3489756195,0
Interactive Brokers,1328D2D70,136E5F270,United States,USD,Person,455,Lorelai Chandler,0,0,0,0,Stock,1543599140,0
Interactive Brokers,1328D2D70,136E5F270,United States,USD,Person,455,Lorelai Chandler,0,0,0,0,Mutual Fund / ETF,1543599141,0
Interactive Brokers,1328D2D70,136E5F270,United States,USD,Person,455,Lorelai Chandler,0,0,0,0,Mutual Fund / ETF,1543599142,0
Interactive Brokers,1328D2D70,136E5F270,United States,USD,Person,455,Lorelai Chandler,0,0,0,0,Mutual Fund / ETF,1543599143,0
Interactive Brokers,1328D2D70,136E5F270,United States,USD,Person,455,Lorelai Chandler,0,0,0,0,Money Market,1543599144,10
Interactive Brokers,1328D2D70,136E5F270,United States,USD,Person,455,Lorelai Chandler,0,0,0,0,Mutual Fund / ETF,1543599145,0
Kaison's Knoxville Savings Bank,698C72DE0,698C73170,United States,USD,Person,455,Lorelai Chandler,0,0,0,0,Money Market,2013361194,25
Erie Insurance Group,132876480,13499E9C0,United States,USD,Person,455,Lorelai Chandler,0,0,0,0,Life Insurance,536966187,0
Cash,3CEC88A0,3CEC8BC0,United States,USD,Person,456,Lado Johnson,0,0,0,0,Cash,0,0
Jaylah's Federal Credit Union,698D85620,698D859B0,United States,USD,Person,456,Lado Johnson,1,2,0,0,Checking,2281796719,0
Bank of America Corp.,1328781D0,134A35A10,United States,USD,Person,456,Lado Johnson,0,0,0,0,Savings,1946252400,0
Bank of America Corp.,1328781D0,134A35A10,United States,USD,Person,456,Lado Johnson,0,0,0,0,CD,1946252401,0
Jaylah's Federal Credit Union,698D85620,698D859B0,United States,USD,Person,456,Lado Johnson,0,0,0,0,CD,2281796722,0
Schmitt Brokerage,69B91DCC0,69B91E050,United States,USD,Person,456,Lado Johnson,0,0,0,0,Mutual Fund / ETF,805401715,0
Jaylah's Federal Credit Union,698D85620,698D859B0,United States,USD,Person,456,Lado Johnson,0,0,0,0,Money Market,2281796724,0
Schmitt Brokerage,69B91DCC0,69B91E050,United States,USD,Person,456,Lado Johnson,0,0,0,0,Mutual Fund / ETF,805401717,0
Bank of America Corp.,1328781D0,134A35A10,United States,USD,Person,456,Lado Johnson,0,0,0,0,Money Market,1946252406,25
Cash,3CEC88A0,3CEC8BC0,United States,USD,Person,457,Jaxson Cooper,0,0,0,0,Cash,0,0
Charlie's Savings Bank,697A63180,697A63510,United States,USD,Person,457,Jaxson Cooper,1,0,0,0,Checking,1610708098,100
Charlie's Savings Bank,697A63180,697A63510,United States,USD,Person,457,Jaxson Cooper,0,0,0,0,Savings,1610708099,25
Charlie's Savings Bank,697A63180,697A63510,United States,USD,Person,457,Jaxson Cooper,0,0,0,0,Money Market,1610708100,25
Lexie's Brokerage House,69B824960,69B824CF0,United States,USD,Person,457,Jaxson Cooper,0,0,0,0,Stock,1476490373,0
Lexie's Brokerage House,69B824960,69B824CF0,United States,USD,Person,457,Jaxson Cooper,0,0,0,0,Stock,1476490374,0
Lexie's Brokerage House,69B824960,69B824CF0,United States,USD,Person,457,Jaxson Cooper,0,0,0,0,Stock,1476490375,0
Walters Securities Company,69B8A3310,69B8A36A0,United States,USD,Person,457,Jaxson Cooper,0,0,0,0,Stock,3288429704,0
Walters Securities Company,69B8A3310,69B8A36A0,United States,USD,Person,457,Jaxson Cooper,0,0,0,0,Stock,3288429705,0
Walters Securities Company,69B8A3310,69B8A36A0,United States,USD,Person,457,Jaxson Cooper,0,0,0,0,Stock,3288429706,0
Walters Securities Company,69B8A3310,69B8A36A0,United States,USD,Person,457,Jaxson Cooper,0,0,0,0,Stock,3288429707,0
Walters Securities Company,69B8A3310,69B8A36A0,United States,USD,Person,457,Jaxson Cooper,0,0,0,0,Mutual Fund / ETF,3288429708,0
Walters Securities Company,69B8A3310,69B8A36A0,United States,USD,Person,457,Jaxson Cooper,0,0,0,0,Mutual Fund / ETF,3288429709,0
Lexie's Brokerage House,69B824960,69B824CF0,United States,USD,Person,457,Jaxson Cooper,0,0,0,0,Mutual Fund / ETF,1476490382,0
Walters Securities Company,69B8A3310,69B8A36A0,United States,USD,Person,457,Jaxson Cooper,0,0,0,0,Mutual Fund / ETF,3288429711,0
Lexie's Brokerage House,69B824960,69B824CF0,United States,USD,Person,457,Jaxson Cooper,0,0,0,0,Mutual Fund / ETF,1476490384,0
Lexie's Brokerage House,69B824960,69B824CF0,United States,USD,Person,457,Jaxson Cooper,0,0,0,0,Money Market,1476490385,0
Walters Securities Company,69B8A3310,69B8A36A0,United States,USD,Person,457,Jaxson Cooper,0,0,0,0,Money Market,3288429714,10
JPMorgan Chase,132877E90,134A06650,United States,USD,Person,457,Jaxson Cooper,0,0,0,0,Money Market,2751558803,10
Cash,3CEC88A0,3CEC8BC0,United States,USD,Person,458,Dax Long,0,0,0,0,Cash,0,0
Citi,132878850,134ACCE40,United States,USD,Person,458,Dax Long,1,1,0,0,Checking,335639765,25
McIntyre Federal Credit Union,69B4A0D60,69B4A10F0,United States,USD,Person,458,Dax Long,0,0,0,0,Savings,1476490454,0
Citi,132878850,134ACCE40,United States,USD,Person,458,Dax Long,0,0,0,0,Money Market,335639767,100
Hazel's Investments,69B8848F0,69B884C80,United States,USD,Person,458,Dax Long,0,0,0,0,Mutual Fund / ETF,1006728408,0
Hazel's Investments,69B8848F0,69B884C80,United States,USD,Person,458,Dax Long,0,0,0,0,Money Market,1006728409,10
Allstate - Life,132870FC0,134715480,United States,USD,Person,458,Dax Long,0,0,0,0,Life Insurance,4026627290,0
Cash,3CEC88A0,3CEC8BC0,United States,USD,Person,459,Thalia Dorsey,0,0,0,0,Cash,0,0
Cohen Federal Credit Union,6989DF7A0,6989DFB30,United States,USD,Person,459,Thalia Dorsey,1,120,0,0,Checking,3892409568,25
SunTrust Banks,132879BD0,134C12020,United States,USD,Person,459,Thalia Dorsey,1,0,0,0,Checking,4093736161,0
Cohen Federal Credit Union,6989DF7A0,6989DFB30,United States,USD,Person,459,Thalia Dorsey,0,0,0,0,Savings,3892409570,10
Cohen Federal Credit Union,6989DF7A0,6989DFB30,United States,USD,Person,459,Thalia Dorsey,0,0,0,0,Money Market,3892409571,50
Franklin Resources,1328D5130,136E63420,United States,USD,Person,459,Thalia Dorsey,0,0,0,0,Stock,1275163876,0
Franklin Resources,1328D5130,136E63420,United States,USD,Person,459,Thalia Dorsey,0,0,0,0,Stock,1275163877,0
Harmony's Partners,69B7A26D0,69B7A2A60,United States,USD,Person,459,Thalia Dorsey,0,0,0,0,Stock,3019994342,0
Harmony's Partners,69B7A26D0,69B7A2A60,United States,USD,Person,459,Thalia Dorsey,0,0,0,0,Stock,3019994343,0
Franklin Resources,1328D5130,136E63420,United States,USD,Person,459,Thalia Dorsey,0,0,0,0,Stock,1275163880,0
Pena Brokerage House,9A33FC830,9A33FCBC0,China,CNY,Person,459,Thalia Dorsey,0,0,0,0,Stock,201422057,0
Franklin Resources,1328D5130,136E63420,United States,USD,Person,459,Thalia Dorsey,0,0,0,0,Stock,1275163882,0
Harmony's Partners,69B7A26D0,69B7A2A60,United States,USD,Person,459,Thalia Dorsey,0,0,0,0,Stock,3019994347,0
Franklin Resources,1328D5130,136E63420,United States,USD,Person,459,Thalia Dorsey,0,0,0,0,Stock,1275163884,0
Harmony's Partners,69B7A26D0,69B7A2A60,United States,USD,Person,459,Thalia Dorsey,0,0,0,0,Stock,3019994349,0
Franklin Resources,1328D5130,136E63420,United States,USD,Person,459,Thalia Dorsey,0,0,0,0,Stock,1275163886,0
Synchrony Financial,1328D30B0,136E5F2F0,United States,USD,Person,459,Thalia Dorsey,0,0,0,0,Mutual Fund / ETF,738292975,0
Franklin Resources,1328D5130,136E63420,United States,USD,Person,459,Thalia Dorsey,0,0,0,0,Money Market,1275163888,25
Harmony's Partners,69B7A26D0,69B7A2A60,United States,USD,Person,459,Thalia Dorsey,0,0,0,0,Mutual Fund / ETF,3019994353,0
Harmony's Partners,69B7A26D0,69B7A2A60,United States,USD,Person,459,Thalia Dorsey,0,0,0,0,Money Market,3019994354,25
Cash,3CEC88A0,3CEC8BC0,United States,USD,Person,460,Bob Eaton,0,0,0,0,Cash,0,0
Bank of New York Mellon,132879550,134BC82D0,United States,USD,Person,460,Bob Eaton,1,0,0,0,Checking,1409381634,50
Levy Savings Bank,699150AE0,699150E70,United States,USD,Person,460,Bob Eaton,0,0,0,0,Savings,3087103235,100
Wells Fargo,132878510,134A81830,United States,USD,Person,460,Bob Eaton,0,0,0,0,Money Market,1140946180,50
Wellington Management,1328D4DF0,136E633A0,United States,USD,Person,460,Bob Eaton,0,0,0,0,Stock,2080470277,0
Wellington Management,1328D4DF0,136E633A0,United States,USD,Person,460,Bob Eaton,0,0,0,0,Stock,2080470278,0
Wellington Management,1328D4DF0,136E633A0,United States,USD,Person,460,Bob Eaton,0,0,0,0,Stock,2080470279,0
Wellington Management,1328D4DF0,136E633A0,United States,USD,Person,460,Bob Eaton,0,0,0,0,Mutual Fund / ETF,2080470280,0
Raymond James Financial,1328D33F0,136E5F370,United States,USD,Person,460,Bob Eaton,0,0,0,0,Mutual Fund / ETF,4227953929,0
Wellington Management,1328D4DF0,136E633A0,United States,USD,Person,460,Bob Eaton,0,0,0,0,Mutual Fund / ETF,2080470282,0
Wellington Management,1328D4DF0,136E633A0,United States,USD,Person,460,Bob Eaton,0,0,0,0,Mutual Fund / ETF,2080470283,0
Wellington Management,1328D4DF0,136E633A0,United States,USD,Person,460,Bob Eaton,0,0,0,0,Money Market,2080470284,0
Wellington Management,1328D4DF0,136E633A0,United States,USD,Person,460,Bob Eaton,0,0,0,0,Mutual Fund / ETF,2080470285,0
Wellington Management,1328D4DF0,136E633A0,United States,USD,Person,460,Bob Eaton,0,0,0,0,Mutual Fund / ETF,2080470286,0
Goldman Sachs,1328D19F0,133657BB0,United States,USD,Person,460,Bob Eaton,0,0,0,0,Mutual Fund / ETF,2080470287,0
Goldman Sachs,1328D19F0,133657BB0,United States,USD,Person,460,Bob Eaton,0,0,0,0,Money Market,2080470288,0
Cash,3CEC88A0,3CEC8BC0,United States,USD,Person,461,Valerie Harrison,0,0,0,0,Cash,0,0
Harrison Bank,6986C78A0,6986C7C30,United States,USD,Person,461,Valerie Harrison,1,0,0,0,Checking,671184150,10
Bauer Thrift,69B1B6A50,69B1B6DE0,United States,USD,Person,461,Valerie Harrison,0,0,0,0,Savings,2483123479,10
Harrison Bank,6986C78A0,6986C7C30,United States,USD,Person,461,Valerie Harrison,0,0,0,0,Savings,671184152,50
Lia's Bank,6977FCE20,6977FD1B0,United States,USD,Person,461,Valerie Harrison,0,0,0,0,Savings,2281796889,50
Ameriprise Financial,1328D26F0,136E5F170,United States,USD,Person,461,Valerie Harrison,0,0,0,0,Mutual Fund / ETF,3154212122,0
Bauer Thrift,69B1B6A50,69B1B6DE0,United States,USD,Person,461,Valerie Harrison,0,0,0,0,Money Market,2483123483,0
Cash,3CEC88A0,3CEC8BC0,United States,USD,Person,462,Liliana Barnes,0,0,0,0,Cash,0,0
Barber Thrift,9CAE8A240,9CAE8A5D0,United Kingdom,GBP,Person,462,Liliana Barnes,1,1,0,0,Checking,2416014655,20
U.S. Bancorp,132878ED0,134B673E0,United States,USD,Person,462,Liliana Barnes,1,0,0,0,Checking,3019994432,0
Patterson Federal Credit Union,699973E10,6999741A0,United States,USD,Person,462,Liliana Barnes,0,0,0,0,Savings,2214688065,0
Logan Investing,69B92B120,69B92B4B0,United States,USD,Person,462,Liliana Barnes,0,0,0,0,Money Market,1208055106,25
Esme's Brokerage,69B810810,69B810BA0,United States,USD,Person,462,Liliana Barnes,0,0,0,0,Mutual Fund / ETF,67204419,0
Esme's Brokerage,69B810810,69B810BA0,United States,USD,Person,462,Liliana Barnes,0,0,0,0,Mutual Fund / ETF,67204420,0
Fidelity Investments,1328D40F0,136E631A0,United States,USD,Person,462,Liliana Barnes,0,0,0,0,Stock,1006728517,0
Esme's Brokerage,69B810810,69B810BA0,United States,USD,Person,462,Liliana Barnes,0,0,0,0,Stock,67204422,0
Esme's Brokerage,69B810810,69B810BA0,United States,USD,Person,462,Liliana Barnes,0,0,0,0,Stock,67204423,0
Esme's Brokerage,69B810810,69B810BA0,United States,USD,Person,462,Liliana Barnes,0,0,0,0,Stock,67204424,0
Logan Investing,69B92B120,69B92B4B0,United States,USD,Person,462,Liliana Barnes,0,0,0,0,Mutual Fund / ETF,1208055113,0
Esme's Brokerage,69B810810,69B810BA0,United States,USD,Person,462,Liliana Barnes,0,0,0,0,Money Market,67204426,0
Logan Investing,69B92B120,69B92B4B0,United States,USD,Person,462,Liliana Barnes,0,0,0,0,Mutual Fund / ETF,1208055115,0
Patterson Federal Credit Union,699973E10,6999741A0,United States,USD,Person,462,Liliana Barnes,0,0,0,0,Money Market,2214688076,50
Cash,3CEC88A0,3CEC8BC0,United States,USD,Person,463,Salim Murray,0,0,0,0,Cash,0,0
Samir's Savings Bank,698B90040,698B903D0,United States,USD,Person,463,Salim Murray,1,207,0,0,Checking,268531021,10
Parks Bank,697063F80,697064310,United States,USD,Person,463,Salim Murray,0,0,0,0,Savings,3758191950,0
Calderon Investments,69B886300,69B886690,United States,USD,Person,463,Salim Murray,0,0,0,0,Mutual Fund / ETF,3221321039,0
Samir's Savings Bank,698B90040,698B903D0,United States,USD,Person,463,Salim Murray,0,0,0,0,Money Market,268531024,0
Calderon Investments,69B886300,69B886690,United States,USD,Person,463,Salim Murray,0,0,0,0,Mutual Fund / ETF,3221321041,0
Parks Bank,697063F80,697064310,United States,USD,Person,463,Salim Murray,0,0,0,0,Money Market,3758191954,25
Cash,3CEC88A0,3CEC8BC0,United States,USD,Person,464,Russell Brady,0,0,0,0,Cash,0,0
Farley Bank,6974F05E0,6974F0970,United States,USD,Person,464,Russell Brady,1,0,0,0,Checking,2013361493,25
Franklin Resources,1328D5130,136E63420,United States,USD,Person,464,Russell Brady,0,0,0,0,Mutual Fund / ETF,1275163990,0
Bryan Chattanooga Securities Company,69B80D420,69B80D7B0,United States,USD,Person,464,Russell Brady,0,0,0,0,Mutual Fund / ETF,134313303,0
Charles Schwab,1328D16B0,136E50180,United States,USD,Person,464,Russell Brady,0,0,0,0,Money Market,2885776728,0
Bryan Chattanooga Securities Company,69B80D420,69B80D7B0,United States,USD,Person,464,Russell Brady,0,0,0,0,Mutual Fund / ETF,134313305,0
Bryan Chattanooga Securities Company,69B80D420,69B80D7B0,United States,USD,Person,464,Russell Brady,0,0,0,0,Mutual Fund / ETF,134313306,0
Bryan Chattanooga Securities Company,69B80D420,69B80D7B0,United States,USD,Person,464,Russell Brady,0,0,0,0,Mutual Fund / ETF,134313307,0
Franklin Resources,1328D5130,136E63420,United States,USD,Person,464,Russell Brady,0,0,0,0,Mutual Fund / ETF,1275163996,0
Bryan Chattanooga Securities Company,69B80D420,69B80D7B0,United States,USD,Person,464,Russell Brady,0,0,0,0,Mutual Fund / ETF,134313309,0
Bryan Chattanooga Securities Company,69B80D420,69B80D7B0,United States,USD,Person,464,Russell Brady,0,0,0,0,Money Market,134313310,10
State Farm - Life,132870C80,1346A0DA0,United States,USD,Person,464,Russell Brady,0,0,0,0,Life Insurance,536966495,0
Cash,3CEC88A0,3CEC8BC0,United States,USD,Person,465,Grayson Faraday,0,0,0,0,Cash,0,0
Donald's Bank,69A05E180,69A05E510,United States,USD,Person,465,Grayson Faraday,1,0,0,0,Checking,1610708368,10
U.S. Bancorp,132878ED0,134B673E0,United States,USD,Person,465,Grayson Faraday,0,0,0,0,Money Market,3019994513,0
Invesco,1328D4AB0,136E63320,United States,USD,Person,465,Grayson Faraday,0,0,0,0,Mutual Fund / ETF,2885776786,0
Invesco,1328D4AB0,136E63320,United States,USD,Person,465,Grayson Faraday,0,0,0,0,Mutual Fund / ETF,2885776787,0
Invesco,1328D4AB0,136E63320,United States,USD,Person,465,Grayson Faraday,0,0,0,0,Mutual Fund / ETF,2885776788,0
Invesco,1328D4AB0,136E63320,United States,USD,Person,465,Grayson Faraday,0,0,0,0,Mutual Fund / ETF,2885776789,0
Invesco,1328D4AB0,136E63320,United States,USD,Person,465,Grayson Faraday,0,0,0,0,Money Market,2885776790,25
Invesco,1328D4AB0,136E63320,United States,USD,Person,465,Grayson Faraday,0,0,0,0,Mutual Fund / ETF,2885776791,0
Donald's Bank,69A05E180,69A05E510,United States,USD,Person,465,Grayson Faraday,0,0,0,0,Money Market,1610708376,50
Cash,3CEC88A0,3CEC8BC0,United States,USD,Person,466,Skyla Stevenson,0,0,0,0,Cash,0,0
Hugh's Gonzales Federal Credit Union,698BEB760,698BEBAF0,United States,USD,Person,466,Skyla Stevenson,1,0,0,0,Checking,3623974309,0
Bank of New York Mellon,132879550,134BC82D0,United States,USD,Person,466,Skyla Stevenson,0,0,0,0,Savings,1409381798,50
Hugh's Gonzales Federal Credit Union,698BEB760,698BEBAF0,United States,USD,Person,466,Skyla Stevenson,0,0,0,0,Money Market,3623974311,25
Bitfinex,1328D6170,136E63740,United States,USD,Person,466,Skyla Stevenson,0,0,0,0,Crypto Currency,1543599528,0
Cash,3CEC88A0,3CEC8BC0,United States,USD,Person,467,Kyle Vaughan Jr,0,0,0,0,Cash,0,0
Fifth Third Bancorp,13287B290,134CA2220,United States,USD,Person,467,Kyle Vaughan Jr,1,209,0,0,Checking,2751559097,0
Aliya's Jonestown Investments,69B77E520,69B77E8B0,United States,USD,Person,467,Kyle Vaughan Jr,0,0,0,0,Money Market,1208055226,100
Bitfinex,1328D6170,136E63740,United States,USD,Person,467,Kyle Vaughan Jr,0,0,0,0,Crypto Currency,1543599547,0
Aliya's Jonestown Investments,69B77E520,69B77E8B0,United States,USD,Person,467,Kyle Vaughan Jr,0,0,0,0,Mutual Fund / ETF,1208055228,0
Fifth Third Bancorp,13287B290,134CA2220,United States,USD,Person,467,Kyle Vaughan Jr,0,0,0,0,Money Market,2751559101,50
Aliya's Jonestown Investments,69B77E520,69B77E8B0,United States,USD,Person,467,Kyle Vaughan Jr,0,0,0,0,Mutual Fund / ETF,1208055230,0
Bitfinex,1328D6170,136E63740,United States,USD,Person,467,Kyle Vaughan Jr,0,0,0,0,Money Market,1543599551,50
Liberty Mutual - Life,132871640,13477EED0,United States,USD,Person,467,Kyle Vaughan Jr,0,0,0,0,Life Insurance,2416014784,0
Cash,3CEC88A0,3CEC8BC0,United States,USD,Person,468,Adriana R. Weber,0,0,0,0,Cash,0,0
Citi,132878850,134ACCE40,United States,USD,Person,468,Adriana R. Weber,1,1,0,0,Checking,335640053,25
Cassandra's Flagstaff Savings Bank,6973F7C90,6973F8020,United States,USD,Person,468,Adriana R. Weber,0,0,0,0,Savings,604075510,25
Ameriprise Financial,1328D26F0,136E5F170,United States,USD,Person,468,Adriana R. Weber,0,0,0,0,Mutual Fund / ETF,3154212343,0
Citi,132878850,134ACCE40,United States,USD,Person,468,Adriana R. Weber,0,0,0,0,Money Market,335640056,25
Cassandra's Flagstaff Savings Bank,6973F7C90,6973F8020,United States,USD,Person,468,Adriana R. Weber,0,0,0,0,Money Market,604075513,25
Ameriprise Financial,1328D26F0,136E5F170,United States,USD,Person,468,Adriana R. Weber,0,0,0,0,Mutual Fund / ETF,3154212346,0
Ameriprise Financial,1328D26F0,136E5F170,United States,USD,Person,468,Adriana R. Weber,0,0,0,0,Money Market,3154212347,25
Cash,3CEC88A0,3CEC8BC0,United States,USD,Person,469,Helen Gates,0,0,0,0,Cash,0,0
United Federal Credit Union,6998D3F20,6998D42B0,United States,USD,Person,469,Helen Gates,1,209,0,0,Checking,3355538945,25
United Federal Credit Union,6998D3F20,6998D42B0,United States,USD,Person,469,Helen Gates,0,0,0,0,Savings,3355538946,25
Franklin Resources,1328D5130,136E63420,United States,USD,Person,469,Helen Gates,0,0,0,0,Mutual Fund / ETF,1275164163,0
Franklin Resources,1328D5130,136E63420,United States,USD,Person,469,Helen Gates,0,0,0,0,Mutual Fund / ETF,1275164164,0
United Federal Credit Union,6998D3F20,6998D42B0,United States,USD,Person,469,Helen Gates,0,0,0,0,Money Market,3355538949,10
Franklin Resources,1328D5130,136E63420,United States,USD,Person,469,Helen Gates,0,0,0,0,Mutual Fund / ETF,1275164166,0
Franklin Resources,1328D5130,136E63420,United States,USD,Person,469,Helen Gates,0,0,0,0,Money Market,1275164167,10
Capital One Financial,132878B90,134B1C2B0,United States,USD,Person,469,Helen Gates,0,0,0,0,Money Market,3825301000,50
Cash,3CEC88A0,3CEC8BC0,United States,USD,Person,470,Alannah Dickson,0,0,0,0,Cash,0,0
Rush Bank,698956B20,698956EB0,United States,USD,Person,470,Alannah Dickson,1,0,0,0,Checking,3355539005,0
Rush Bank,698956B20,698956EB0,United States,USD,Person,470,Alannah Dickson,0,0,0,0,Savings,3355539006,10
Rush Bank,698956B20,698956EB0,United States,USD,Person,470,Alannah Dickson,0,0,0,0,Money Market,3355539007,50
Synchrony Financial,1328D30B0,136E5F2F0,United States,USD,Person,470,Alannah Dickson,0,0,0,0,Stock,738293312,0
Synchrony Financial,1328D30B0,136E5F2F0,United States,USD,Person,470,Alannah Dickson,0,0,0,0,Stock,738293313,0
Synchrony Financial,1328D30B0,136E5F2F0,United States,USD,Person,470,Alannah Dickson,0,0,0,0,Stock,738293314,0
Synchrony Financial,1328D30B0,136E5F2F0,United States,USD,Person,470,Alannah Dickson,0,0,0,0,Stock,738293315,0
Synchrony Financial,1328D30B0,136E5F2F0,United States,USD,Person,470,Alannah Dickson,0,0,0,0,Stock,738293316,0
Synchrony Financial,1328D30B0,136E5F2F0,United States,USD,Person,470,Alannah Dickson,0,0,0,0,Stock,738293317,0
Synchrony Financial,1328D30B0,136E5F2F0,United States,USD,Person,470,Alannah Dickson,0,0,0,0,Stock,738293318,0
Synchrony Financial,1328D30B0,136E5F2F0,United States,USD,Person,470,Alannah Dickson,0,0,0,0,Mutual Fund / ETF,738293319,0
Citi,132878850,134AD4BD0,United States,USD,Person,470,Alannah Dickson,0,0,0,0,Money Market,335640136,0
Fidelity Investments,1328D40F0,136E631A0,United States,USD,Person,470,Alannah Dickson,0,0,0,0,Mutual Fund / ETF,1006728777,0
Synchrony Financial,1328D30B0,136E5F2F0,United States,USD,Person,470,Alannah Dickson,0,0,0,0,Money Market,738293322,0
Cash,3CEC88A0,3CEC8BC0,United States,USD,Person,471,Jaylen W. Gates,0,0,0,0,Cash,0,0
United Bank,697DE84F0,697DE8880,United States,USD,Person,471,Jaylen W. Gates,1,0,0,0,Checking,1006728786,10
United Bank,697DE84F0,697DE8880,United States,USD,Person,471,Jaylen W. Gates,0,0,0,0,Savings,1006728787,50
United Bank,697DE84F0,697DE8880,United States,USD,Person,471,Jaylen W. Gates,0,0,0,0,Money Market,1006728788,25
PIMCO,1328D4770,136E632A0,United States,USD,Person,471,Jaylen W. Gates,0,0,0,0,Mutual Fund / ETF,3691083349,0
PIMCO,1328D4770,136E632A0,United States,USD,Person,471,Jaylen W. Gates,0,0,0,0,Money Market,3691083350,100
Cash,3CEC88A0,3CEC8BC0,United States,USD,Person,472,Misael Jimenez,0,0,0,0,Cash,0,0
Remington's Federal Credit Union,6976F80E0,6976F8470,United States,USD,Person,472,Misael Jimenez,1,0,0,0,Checking,939619951,10
Ayala Federal Credit Union,698047A70,698047E00,United States,USD,Person,472,Misael Jimenez,0,0,0,0,Savings,2617341552,0
Remington's Federal Credit Union,6976F80E0,6976F8470,United States,USD,Person,472,Misael Jimenez,0,0,0,0,Money Market,939619953,50
Kassandra's Brokers,69B78A8B0,69B78AC40,United States,USD,Person,472,Misael Jimenez,0,0,0,0,Mutual Fund / ETF,738293362,0
Riley Stocks and Investing,69B8FF710,69B8FFAA0,United States,USD,Person,472,Misael Jimenez,0,0,0,0,Mutual Fund / ETF,3288430195,0
Riley Stocks and Investing,69B8FF710,69B8FFAA0,United States,USD,Person,472,Misael Jimenez,0,0,0,0,Mutual Fund / ETF,3288430196,0
Kassandra's Brokers,69B78A8B0,69B78AC40,United States,USD,Person,472,Misael Jimenez,0,0,0,0,Mutual Fund / ETF,738293365,0
Riley Stocks and Investing,69B8FF710,69B8FFAA0,United States,USD,Person,472,Misael Jimenez,0,0,0,0,Mutual Fund / ETF,3288430198,0
Riley Stocks and Investing,69B8FF710,69B8FFAA0,United States,USD,Person,472,Misael Jimenez,0,0,0,0,Mutual Fund / ETF,3288430199,0
Kassandra's Brokers,69B78A8B0,69B78AC40,United States,USD,Person,472,Misael Jimenez,0,0,0,0,Mutual Fund / ETF,738293368,0
Kassandra's Brokers,69B78A8B0,69B78AC40,United States,USD,Person,472,Misael Jimenez,0,0,0,0,Mutual Fund / ETF,738293369,0
Riley Stocks and Investing,69B8FF710,69B8FFAA0,United States,USD,Person,472,Misael Jimenez,0,0,0,0,Mutual Fund / ETF,3288430202,0
Interactive Brokers,1328D2D70,136E5F270,United States,USD,Person,472,Misael Jimenez,0,0,0,0,Mutual Fund / ETF,1543599739,0
Kassandra's Brokers,69B78A8B0,69B78AC40,United States,USD,Person,472,Misael Jimenez,0,0,0,0,Mutual Fund / ETF,738293372,0
Fidelity Investments,1328D40F0,136E631A0,United States,USD,Person,472,Misael Jimenez,0,0,0,0,Stock,1006728829,0
Riley Stocks and Investing,69B8FF710,69B8FFAA0,United States,USD,Person,472,Misael Jimenez,0,0,0,0,Stock,3288430206,0
Kassandra's Brokers,69B78A8B0,69B78AC40,United States,USD,Person,472,Misael Jimenez,0,0,0,0,Stock,738293375,0
Kassandra's Brokers,69B78A8B0,69B78AC40,United States,USD,Person,472,Misael Jimenez,0,0,0,0,Stock,738293376,0
Fidelity Investments,1328D40F0,136E631A0,United States,USD,Person,472,Misael Jimenez,0,0,0,0,Stock,1006728833,0
Kassandra's Brokers,69B78A8B0,69B78AC40,United States,USD,Person,472,Misael Jimenez,0,0,0,0,Mutual Fund / ETF,738293378,0
T. Rowe Price,1328D5470,136E634C0,United States,USD,Person,472,Misael Jimenez,0,0,0,0,Mutual Fund / ETF,469857923,0
Kassandra's Brokers,69B78A8B0,69B78AC40,United States,USD,Person,472,Misael Jimenez,0,0,0,0,Mutual Fund / ETF,738293380,0
T. Rowe Price,1328D5470,136E634C0,United States,USD,Person,472,Misael Jimenez,0,0,0,0,Mutual Fund / ETF,469857925,0
Riley Stocks and Investing,69B8FF710,69B8FFAA0,United States,USD,Person,472,Misael Jimenez,0,0,0,0,Mutual Fund / ETF,3288430214,0
Kassandra's Brokers,69B78A8B0,69B78AC40,United States,USD,Person,472,Misael Jimenez,0,0,0,0,Money Market,738293383,25
Riley Stocks and Investing,69B8FF710,69B8FFAA0,United States,USD,Person,472,Misael Jimenez,0,0,0,0,Money Market,3288430216,0
Interactive Brokers,1328D2D70,136E5F270,United States,USD,Person,472,Misael Jimenez,0,0,0,0,Mutual Fund / ETF,1543599753,0
Kassandra's Brokers,69B78A8B0,69B78AC40,United States,USD,Person,472,Misael Jimenez,0,0,0,0,Mutual Fund / ETF,738293386,0
Kassandra's Brokers,69B78A8B0,69B78AC40,United States,USD,Person,472,Misael Jimenez,0,0,0,0,Mutual Fund / ETF,738293387,0
Kassandra's Brokers,69B78A8B0,69B78AC40,United States,USD,Person,472,Misael Jimenez,0,0,0,0,Mutual Fund / ETF,738293388,0
Kassandra's Brokers,69B78A8B0,69B78AC40,United States,USD,Person,472,Misael Jimenez,0,0,0,0,Mutual Fund / ETF,738293389,0
Interactive Brokers,1328D2D70,136E5F270,United States,USD,Person,472,Misael Jimenez,0,0,0,0,Money Market,1543599758,100
Cash,3CEC88A0,3CEC8BC0,United States,USD,Person,473,Simon Ellis,0,0,0,0,Cash,0,0
BB&T Corp.,132879890,134BDA2A0,United States,USD,Person,473,Simon Ellis,1,0,0,0,Checking,604075711,100
SunTrust Banks,132879BD0,134C12020,United States,USD,Person,473,Simon Ellis,0,0,0,0,Savings,4093736640,25
T. Rowe Price,1328D5470,136E634C0,United States,USD,Person,473,Simon Ellis,0,0,0,0,Mutual Fund / ETF,469857985,0
BB&T Corp.,132879890,134BDA2A0,United States,USD,Person,473,Simon Ellis,0,0,0,0,Money Market,604075714,0
Cash,3CEC88A0,3CEC8BC0,United States,USD,Person,474,Brynn Blanchard,0,0,0,0,Cash,0,0
Brandt Quitman Federal Credit Union,3CFF30690,3CFF30A20,United States,USD,Person,474,Brynn Blanchard,1,1,0,0,Checking,2751559405,0
Fifth Third Bancorp,13287B290,134C9DBB0,United States,USD,Person,474,Brynn Blanchard,0,0,0,0,Savings,2751559406,50
Ally Financial,13287AF50,133B57270,United States,USD,Person,474,Brynn Blanchard,0,0,0,0,Money Market,3556865775,0
Harris Partners,69B901560,69B9018F0,United States,USD,Person,474,Brynn Blanchard,0,0,0,0,Mutual Fund / ETF,1476490992,0
Brandt Quitman Federal Credit Union,3CFF30690,3CFF30A20,United States,USD,Person,474,Brynn Blanchard,0,0,0,0,Money Market,2751559409,10
Cash,3CEC88A0,3CEC8BC0,United States,USD,Person,475,Adelaide Hopkins,0,0,0,0,Cash,0,0
BB&T Corp.,132879890,134BDA2A0,United States,USD,Person,475,Adelaide Hopkins,1,0,0,0,Checking,604075779,100
PNC Financial Services,132879210,134BA39A0,United States,USD,Person,475,Adelaide Hopkins,0,0,0,0,Savings,2214688516,50
T. Rowe Price,1328D5470,136E634C0,United States,USD,Person,475,Adelaide Hopkins,0,0,0,0,Stock,469858053,0
T. Rowe Price,1328D5470,136E634C0,United States,USD,Person,475,Adelaide Hopkins,0,0,0,0,Stock,469858054,0
Voya Financial,1328D2A30,136E5F1F0,United States,USD,Person,475,Adelaide Hopkins,0,0,0,0,Stock,2348906247,0
Voya Financial,1328D2A30,136E5F1F0,United States,USD,Person,475,Adelaide Hopkins,0,0,0,0,Stock,2348906248,0
Voya Financial,1328D2A30,136E5F1F0,United States,USD,Person,475,Adelaide Hopkins,0,0,0,0,Mutual Fund / ETF,2348906249,0
Voya Financial,1328D2A30,136E5F1F0,United States,USD,Person,475,Adelaide Hopkins,0,0,0,0,Mutual Fund / ETF,2348906250,0
T. Rowe Price,1328D5470,136E634C0,United States,USD,Person,475,Adelaide Hopkins,0,0,0,0,Mutual Fund / ETF,469858059,0
BB&T Corp.,132879890,134BDA2A0,United States,USD,Person,475,Adelaide Hopkins,0,0,0,0,Money Market,604075788,25
Voya Financial,1328D2A30,136E5F1F0,United States,USD,Person,475,Adelaide Hopkins,0,0,0,0,Mutual Fund / ETF,2348906253,0
T. Rowe Price,1328D5470,136E634C0,United States,USD,Person,475,Adelaide Hopkins,0,0,0,0,Mutual Fund / ETF,469858062,0
Vanguard Investments,1328D3DB0,1337CF6F0,United States,USD,Person,475,Adelaide Hopkins,0,0,0,0,Mutual Fund / ETF,1812035343,0
Voya Financial,1328D2A30,136E5F1F0,United States,USD,Person,475,Adelaide Hopkins,0,0,0,0,Money Market,2348906256,0
Perla's Insurance,69BDC4500,69BDC4890,United States,USD,Person,475,Adelaide Hopkins,0,0,0,0,Life Insurance,1073837841,0
Chubb - Life,132872680,134848940,United States,USD,Person,475,Adelaide Hopkins,0,0,0,0,Life Insurance,2684450578,0
Cash,3CEC88A0,3CEC8BC0,United States,USD,Person,476,Willow Bernal,0,0,0,0,Cash,0,0
U.S. Bancorp,132878ED0,134B673E0,United States,USD,Person,476,Willow Bernal,1,0,0,0,Checking,3019994941,0
Sofia's Great Neck Thrift,699EF05F0,699EF0980,United States,USD,Person,476,Willow Bernal,0,0,0,0,Savings,2080470846,0
Cash,3CEC88A0,3CEC8BC0,United States,USD,Person,477,Jordan Hawkins,0,0,0,0,Cash,0,0
M&T Bank Corp.,13287A590,134C6D3C0,United States,USD,Person,477,Jordan Hawkins,1,209,0,0,Checking,1677817676,10
Cervantes Federal Credit Union,69B1404C0,69B140850,United States,USD,Person,477,Jordan Hawkins,0,0,0,0,Savings,805402445,0
M&T Bank Corp.,13287A590,134C6D3C0,United States,USD,Person,477,Jordan Hawkins,0,0,0,0,Money Market,1677817678,100
Destiny's Brokerage House,69B8A48D0,69B8A4C60,United States,USD,Person,477,Jordan Hawkins,0,0,0,0,Mutual Fund / ETF,872511311,0
Destiny's Brokerage House,69B8A48D0,69B8A4C60,United States,USD,Person,477,Jordan Hawkins,0,0,0,0,Mutual Fund / ETF,872511312,0
Destiny's Brokerage House,69B8A48D0,69B8A4C60,United States,USD,Person,477,Jordan Hawkins,0,0,0,0,Mutual Fund / ETF,872511313,0
Destiny's Brokerage House,69B8A48D0,69B8A4C60,United States,USD,Person,477,Jordan Hawkins,0,0,0,0,Mutual Fund / ETF,872511314,0
Destiny's Brokerage House,69B8A48D0,69B8A4C60,United States,USD,Person,477,Jordan Hawkins,0,0,0,0,Mutual Fund / ETF,872511315,0
Ameriprise Financial,1328D26F0,136E5F170,United States,USD,Person,477,Jordan Hawkins,0,0,0,0,Mutual Fund / ETF,3154212692,0
Cervantes Federal Credit Union,69B1404C0,69B140850,United States,USD,Person,477,Jordan Hawkins,0,0,0,0,Money Market,805402453,50
Destiny's Brokerage House,69B8A48D0,69B8A4C60,United States,USD,Person,477,Jordan Hawkins,0,0,0,0,Mutual Fund / ETF,872511318,0
Destiny's Brokerage House,69B8A48D0,69B8A4C60,United States,USD,Person,477,Jordan Hawkins,0,0,0,0,Money Market,872511319,100
Cash,3CEC88A0,3CEC8BC0,United States,USD,Person,478,Killian Miller,0,0,0,0,Cash,0,0
McClain Savings Bank,6976EBB60,6976EBEF0,United States,USD,Person,478,Killian Miller,1,0,0,0,Checking,3623974788,100
Bank of America Corp.,1328781D0,134A35A10,United States,USD,Person,478,Killian Miller,0,0,0,0,Savings,1946253189,10
McClain Savings Bank,6976EBB60,6976EBEF0,United States,USD,Person,478,Killian Miller,0,0,0,0,Savings,3623974790,0
Bank of America Corp.,1328781D0,134A35A10,United States,USD,Person,478,Killian Miller,0,0,0,0,Money Market,1946253191,25
McClain Savings Bank,6976EBB60,6976EBEF0,United States,USD,Person,478,Killian Miller,0,0,0,0,CD,3623974792,0
CNO Financial Group,1328D3730,1337CF5F0,United States,USD,Person,478,Killian Miller,0,0,0,0,Mutual Fund / ETF,3422648201,0
CNO Financial Group,1328D3730,1337CF5F0,United States,USD,Person,478,Killian Miller,0,0,0,0,Money Market,3422648202,0
Vanguard Investments,1328D3DB0,1337CF6F0,United States,USD,Person,478,Killian Miller,0,0,0,0,Money Market,1812035467,10
McClain Savings Bank,6976EBB60,6976EBEF0,United States,USD,Person,478,Killian Miller,0,0,0,0,Money Market,3623974796,0
CNO Financial Group,1328D3730,1337CF5F0,United States,USD,Person,478,Killian Miller,0,0,0,0,Mutual Fund / ETF,3422648205,0
Wells Fargo,132878510,134A81830,United States,USD,Person,478,Killian Miller,0,0,0,0,Money Market,1140946830,25
Allstate - Life,132870FC0,1346F8D80,United States,USD,Person,478,Killian Miller,0,0,0,0,Life Insurance,4026627983,0
Cash,3CEC88A0,3CEC8BC0,United States,USD,Person,479,Malakai C. Hudson,0,0,0,0,Cash,0,0
Citi,132878850,134AD99B0,United States,USD,Person,479,Malakai C. Hudson,1,0,0,0,Checking,335640492,25
Franklin Resources,1328D5130,136E63420,United States,USD,Person,479,Malakai C. Hudson,0,0,0,0,Money Market,1275164589,50
OKEx.com,1328D64B0,136E637E0,United States,USD,Person,479,Malakai C. Hudson,0,0,0,0,Crypto Currency,738293678,0
Bybit,1328D6E70,136E639C0,United States,USD,Person,479,Malakai C. Hudson,0,0,0,0,Crypto Currency,2617341871,0
Raymond James Financial,1328D33F0,136E5F370,United States,USD,Person,479,Malakai C. Hudson,0,0,0,0,Mutual Fund / ETF,4227954608,0
Raymond James Financial,1328D33F0,136E5F370,United States,USD,Person,479,Malakai C. Hudson,0,0,0,0,Mutual Fund / ETF,4227954609,0
Raymond James Financial,1328D33F0,136E5F370,United States,USD,Person,479,Malakai C. Hudson,0,0,0,0,Mutual Fund / ETF,4227954610,0
Franklin Resources,1328D5130,136E63420,United States,USD,Person,479,Malakai C. Hudson,0,0,0,0,Mutual Fund / ETF,1275164595,0
Raymond James Financial,1328D33F0,136E5F370,United States,USD,Person,479,Malakai C. Hudson,0,0,0,0,Mutual Fund / ETF,4227954612,0
Middleton Securities Company,69B8EBA40,69B8EBDD0,United States,USD,Person,479,Malakai C. Hudson,0,0,0,0,Mutual Fund / ETF,2416015285,0
Raymond James Financial,1328D33F0,136E5F370,United States,USD,Person,479,Malakai C. Hudson,0,0,0,0,Mutual Fund / ETF,4227954614,0
Middleton Securities Company,69B8EBA40,69B8EBDD0,United States,USD,Person,479,Malakai C. Hudson,0,0,0,0,Money Market,2416015287,25
Cash,3CEC88A0,3CEC8BC0,United States,USD,Person,480,Jaelynn Hudson,0,0,0,0,Cash,0,0
Willis Bank,6975420F0,697542480,United States,USD,Person,480,Jaelynn Hudson,1,0,0,0,Checking,1006729147,25
Willis Bank,6975420F0,697542480,United States,USD,Person,480,Jaelynn Hudson,0,0,0,0,Savings,1006729148,25
Crosby's Taylorsville Partners,69B749FF0,69B74A380,United States,USD,Person,480,Jaelynn Hudson,0,0,0,0,Money Market,4227954621,10
Crosby's Taylorsville Partners,69B749FF0,69B74A380,United States,USD,Person,480,Jaelynn Hudson,0,0,0,0,Mutual Fund / ETF,4227954622,0
Crosby's Taylorsville Partners,69B749FF0,69B74A380,United States,USD,Person,480,Jaelynn Hudson,0,0,0,0,Mutual Fund / ETF,4227954623,0
Crosby's Taylorsville Partners,69B749FF0,69B74A380,United States,USD,Person,480,Jaelynn Hudson,0,0,0,0,Mutual Fund / ETF,4227954624,0
Willis Bank,6975420F0,697542480,United States,USD,Person,480,Jaelynn Hudson,0,0,0,0,Money Market,1006729153,25
Crosby's Taylorsville Partners,69B749FF0,69B74A380,United States,USD,Person,480,Jaelynn Hudson,0,0,0,0,Mutual Fund / ETF,4227954626,0
Jamie's Taylorsville Federal Credit Union,3DD361B80,3DD361F10,United States,USD,Person,480,Jaelynn Hudson,0,0,0,0,Money Market,3758192579,0
Crosby's Taylorsville Partners,69B749FF0,69B74A380,United States,USD,Person,480,Jaelynn Hudson,0,0,0,0,Money Market,4227954628,100
State Farm - Life,132870C80,1346A25B0,United States,USD,Person,480,Jaelynn Hudson,0,0,0,0,Life Insurance,536967109,0
Cash,3CEC88A0,3CEC8BC0,United States,USD,Person,481,Bruno Lara,0,0,0,0,Cash,0,0
Amos's Savings Bank,69797C370,69797C700,United States,USD,Person,481,Bruno Lara,1,0,0,0,Checking,3691083722,100
BB&T Corp.,132879890,134BDA2A0,United States,USD,Person,481,Bruno Lara,0,0,0,0,Savings,604075979,25
Amos's Savings Bank,69797C370,69797C700,United States,USD,Person,481,Bruno Lara,0,0,0,0,Money Market,3691083724,0
Raymond James Financial,1328D33F0,136E5F370,United States,USD,Person,481,Bruno Lara,0,0,0,0,Mutual Fund / ETF,4227954637,0
Raymond James Financial,1328D33F0,136E5F370,United States,USD,Person,481,Bruno Lara,0,0,0,0,Mutual Fund / ETF,4227954638,0
Raymond James Financial,1328D33F0,136E5F370,United States,USD,Person,481,Bruno Lara,0,0,0,0,Mutual Fund / ETF,4227954639,0
Raymond James Financial,1328D33F0,136E5F370,United States,USD,Person,481,Bruno Lara,0,0,0,0,Mutual Fund / ETF,4227954640,0
Raymond James Financial,1328D33F0,136E5F370,United States,USD,Person,481,Bruno Lara,0,0,0,0,Mutual Fund / ETF,4227954641,0
Raymond James Financial,1328D33F0,136E5F370,United States,USD,Person,481,Bruno Lara,0,0,0,0,Mutual Fund / ETF,4227954642,0
Merrill Lynch,1328D23B0,136E5B610,United States,USD,Person,481,Bruno Lara,0,0,0,0,Mutual Fund / ETF,3959519187,0
Synchrony Financial,1328D30B0,136E5F2F0,United States,USD,Person,481,Bruno Lara,0,0,0,0,Mutual Fund / ETF,738293716,0
Legg Mason,1328D57B0,136E63560,United States,USD,Person,481,Bruno Lara,0,0,0,0,Mutual Fund / ETF,3959519189,0
Synchrony Financial,1328D30B0,136E5F2F0,United States,USD,Person,481,Bruno Lara,0,0,0,0,Mutual Fund / ETF,738293718,0
Raymond James Financial,1328D33F0,136E5F370,United States,USD,Person,481,Bruno Lara,0,0,0,0,Mutual Fund / ETF,4227954647,0
Merrill Lynch,1328D23B0,136E5B610,United States,USD,Person,481,Bruno Lara,0,0,0,0,Mutual Fund / ETF,3959519192,0
Izaiah's Brokers,9A9262AA0,9A9262E30,France,USD,Person,481,Bruno Lara,0,0,0,0,Mutual Fund / ETF,2818668505,0
Raymond James Financial,1328D33F0,136E5F370,United States,USD,Person,481,Bruno Lara,0,0,0,0,Mutual Fund / ETF,4227954650,0
Raymond James Financial,1328D33F0,136E5F370,United States,USD,Person,481,Bruno Lara,0,0,0,0,Mutual Fund / ETF,4227954651,0
Morgan Stanley,1328D2070,136E57910,United States,USD,Person,481,Bruno Lara,0,0,0,0,Mutual Fund / ETF,469858268,0
Raymond James Financial,1328D33F0,136E5F370,United States,USD,Person,481,Bruno Lara,0,0,0,0,Money Market,4227954653,50
Raymond James Financial,1328D33F0,136E5F370,United States,USD,Person,481,Bruno Lara,0,0,0,0,Mutual Fund / ETF,4227954654,0
Izaiah's Brokers,9A9262AA0,9A9262E30,France,USD,Person,481,Bruno Lara,0,0,0,0,Money Market,2818668511,0
Cash,3CEC88A0,3CEC8BC0,United States,USD,Person,482,Kyleigh Moody,0,0,0,0,Cash,0,0
Willow's North Windham Federal Credit Union,697BBA3D0,697BBA760,United States,USD,Person,482,Kyleigh Moody,1,0,0,0,Checking,4093736942,25
PNC Financial Services,132879210,134B8D5F0,United States,USD,Person,482,Kyleigh Moody,0,0,0,0,Money Market,2214688751,25
Patricia's Brokerage,99F3BCCD0,99F3BD060,Brazil,USD,Person,482,Kyleigh Moody,0,0,0,0,Mutual Fund / ETF,872511472,0
Franklin's Securities Company,69B918A50,69B918DE0,United States,USD,Person,482,Kyleigh Moody,0,0,0,0,Mutual Fund / ETF,2483124209,0
Franklin's Securities Company,69B918A50,69B918DE0,United States,USD,Person,482,Kyleigh Moody,0,0,0,0,Mutual Fund / ETF,2483124210,0
Franklin's Securities Company,69B918A50,69B918DE0,United States,USD,Person,482,Kyleigh Moody,0,0,0,0,Mutual Fund / ETF,2483124211,0
Franklin's Securities Company,69B918A50,69B918DE0,United States,USD,Person,482,Kyleigh Moody,0,0,0,0,Mutual Fund / ETF,2483124212,0
Franklin's Securities Company,69B918A50,69B918DE0,United States,USD,Person,482,Kyleigh Moody,0,0,0,0,Mutual Fund / ETF,2483124213,0
Vanguard Investments,1328D3DB0,1337CF6F0,United States,USD,Person,482,Kyleigh Moody,0,0,0,0,Mutual Fund / ETF,1812035574,0
Franklin's Securities Company,69B918A50,69B918DE0,United States,USD,Person,482,Kyleigh Moody,0,0,0,0,Mutual Fund / ETF,2483124215,0
Franklin's Securities Company,69B918A50,69B918DE0,United States,USD,Person,482,Kyleigh Moody,0,0,0,0,Mutual Fund / ETF,2483124216,0
Franklin's Securities Company,69B918A50,69B918DE0,United States,USD,Person,482,Kyleigh Moody,0,0,0,0,Mutual Fund / ETF,2483124217,0
Vanguard Investments,1328D3DB0,1337CF6F0,United States,USD,Person,482,Kyleigh Moody,0,0,0,0,Mutual Fund / ETF,1812035578,0
Willow's North Windham Federal Credit Union,697BBA3D0,697BBA760,United States,USD,Person,482,Kyleigh Moody,0,0,0,0,Money Market,4093736955,10
Fifth Third Bancorp,13287B290,134C9EF60,United States,USD,Person,482,Kyleigh Moody,0,0,0,0,Money Market,2751559676,10
JPMorgan Chase,132877E90,1349E8190,United States,USD,Person,482,Kyleigh Moody,0,0,0,0,Money Market,2751559677,25
Cash,3CEC88A0,3CEC8BC0,United States,USD,Person,483,Bianca Poole,0,0,0,0,Cash,0,0
Bean Bank,699153A90,699153E20,United States,USD,Person,483,Bianca Poole,1,0,0,0,Checking,2751559695,10
Guadalupe's Federal Credit Union,6990F1590,6990F1920,United States,USD,Person,483,Bianca Poole,0,0,0,0,Savings,1677817872,0
Binance,1328D5AF0,136E63600,United States,USD,Person,483,Bianca Poole,0,0,0,0,Crypto Currency,3154212881,0
Binance,1328D5AF0,136E63600,United States,USD,Person,483,Bianca Poole,0,0,0,0,Crypto Currency,3154212882,0
Scarlet's Partners,69B850BA0,69B850F30,United States,USD,Person,483,Bianca Poole,0,0,0,0,Mutual Fund / ETF,3892410387,0
Scarlet's Partners,69B850BA0,69B850F30,United States,USD,Person,483,Bianca Poole,0,0,0,0,Mutual Fund / ETF,3892410388,0
Bean Bank,699153A90,699153E20,United States,USD,Person,483,Bianca Poole,0,0,0,0,Money Market,2751559701,50
Scarlet's Partners,69B850BA0,69B850F30,United States,USD,Person,483,Bianca Poole,0,0,0,0,Mutual Fund / ETF,3892410390,0
Scarlet's Partners,69B850BA0,69B850F30,United States,USD,Person,483,Bianca Poole,0,0,0,0,Mutual Fund / ETF,3892410391,0
Binance,1328D5AF0,136E63600,United States,USD,Person,483,Bianca Poole,0,0,0,0,Money Market,3154212888,100
State Farm - Life,132870C80,1346D0BB0,United States,USD,Person,483,Bianca Poole,0,0,0,0,Life Insurance,536967193,0
Cash,3CEC88A0,3CEC8BC0,United States,USD,Person,484,Hope Rose,0,0,0,0,Cash,0,0
Buck Savings Bank,69B2CB750,69B2CBAE0,United States,USD,Person,484,Hope Rose,1,0,0,0,Checking,3556866093,25
PNC Financial Services,132879210,134B8D5F0,United States,USD,Person,484,Hope Rose,0,0,0,0,Savings,2214688814,25
Crypto.com,1328D6B30,136E63920,United States,USD,Person,484,Hope Rose,0,0,0,0,Crypto Currency,3422648367,0
Cash,3CEC88A0,3CEC8BC0,United States,USD,Person,485,Bryson Levy,0,0,0,0,Cash,0,0
Walter Savings Bank,698AE1CD0,698AE2060,United States,USD,Person,485,Bryson Levy,1,0,0,0,Checking,872511562,25
Conrad Grosse Pointe Savings Bank,699659150,6996594E0,United States,USD,Person,485,Bryson Levy,0,0,0,0,Savings,1409382475,0
Walter Savings Bank,698AE1CD0,698AE2060,United States,USD,Person,485,Bryson Levy,0,0,0,0,Money Market,872511564,25
Lylah's Detroit Brokerage House,69B8F7D70,69B8F8100,United States,USD,Person,485,Bryson Levy,0,0,0,0,Mutual Fund / ETF,1543600205,0
Schwartz Securities Company,69B8E6790,69B8E6B20,United States,USD,Person,485,Bryson Levy,0,0,0,0,Mutual Fund / ETF,3825301582,0
Schwartz Securities Company,69B8E6790,69B8E6B20,United States,USD,Person,485,Bryson Levy,0,0,0,0,Mutual Fund / ETF,3825301583,0
Schwartz Securities Company,69B8E6790,69B8E6B20,United States,USD,Person,485,Bryson Levy,0,0,0,0,Mutual Fund / ETF,3825301584,0
Edward Jones,1328D1D30,136E54F20,United States,USD,Person,485,Bryson Levy,0,0,0,0,Mutual Fund / ETF,1275164753,0
Schwartz Securities Company,69B8E6790,69B8E6B20,United States,USD,Person,485,Bryson Levy,0,0,0,0,Mutual Fund / ETF,3825301586,0
Lylah's Detroit Brokerage House,69B8F7D70,69B8F8100,United States,USD,Person,485,Bryson Levy,0,0,0,0,Mutual Fund / ETF,1543600211,0
Edward Jones,1328D1D30,136E54F20,United States,USD,Person,485,Bryson Levy,0,0,0,0,Mutual Fund / ETF,1275164756,0
Greer London Brokerage House,9CAAC0520,9CAAC08B0,United Kingdom,USD,Person,485,Bryson Levy,0,0,0,0,Mutual Fund / ETF,1208055893,0
Schwartz Securities Company,69B8E6790,69B8E6B20,United States,USD,Person,485,Bryson Levy,0,0,0,0,Mutual Fund / ETF,3825301590,0
Schwartz Securities Company,69B8E6790,69B8E6B20,United States,USD,Person,485,Bryson Levy,0,0,0,0,Mutual Fund / ETF,3825301591,0
Schwartz Securities Company,69B8E6790,69B8E6B20,United States,USD,Person,485,Bryson Levy,0,0,0,0,Money Market,3825301592,0
Lylah's Detroit Brokerage House,69B8F7D70,69B8F8100,United States,USD,Person,485,Bryson Levy,0,0,0,0,Mutual Fund / ETF,1543600217,0
Lylah's Detroit Brokerage House,69B8F7D70,69B8F8100,United States,USD,Person,485,Bryson Levy,0,0,0,0,Mutual Fund / ETF,1543600218,0
Schwartz Securities Company,69B8E6790,69B8E6B20,United States,USD,Person,485,Bryson Levy,0,0,0,0,Mutual Fund / ETF,3825301595,0
Schwartz Securities Company,69B8E6790,69B8E6B20,United States,USD,Person,485,Bryson Levy,0,0,0,0,Mutual Fund / ETF,3825301596,0
Schwartz Securities Company,69B8E6790,69B8E6B20,United States,USD,Person,485,Bryson Levy,0,0,0,0,Mutual Fund / ETF,3825301597,0
Lylah's Detroit Brokerage House,69B8F7D70,69B8F8100,United States,USD,Person,485,Bryson Levy,0,0,0,0,Money Market,1543600222,10
Cash,3CEC88A0,3CEC8BC0,United States,USD,Person,486,James McLaughlin Jr,0,0,0,0,Cash,0,0
JPMorgan Chase,132877E90,134A10590,United States,USD,Person,486,James McLaughlin Jr,0,0,0,0,Checking,2751559780,25
Key Bank,132879F10,134C4A540,United States,USD,Person,486,James McLaughlin Jr,0,0,0,0,Savings,3288430693,25
Fidelity Investments,1328D40F0,136E631A0,United States,USD,Person,486,James McLaughlin Jr,0,0,0,0,Stock,1006729318,0
Fidelity Investments,1328D40F0,136E631A0,United States,USD,Person,486,James McLaughlin Jr,0,0,0,0,Stock,1006729319,0
Voya Financial,1328D2A30,136E5F1F0,United States,USD,Person,486,James McLaughlin Jr,0,0,0,0,Stock,2348906600,0
Voya Financial,1328D2A30,136E5F1F0,United States,USD,Person,486,James McLaughlin Jr,0,0,0,0,Stock,2348906601,0
Fidelity Investments,1328D40F0,136E631A0,United States,USD,Person,486,James McLaughlin Jr,0,0,0,0,Stock,1006729322,0
Merrill Lynch,1328D23B0,136E5B610,United States,USD,Person,486,James McLaughlin Jr,0,0,0,0,Stock,3959519339,0
Fidelity Investments,1328D40F0,136E631A0,United States,USD,Person,486,James McLaughlin Jr,0,0,0,0,Mutual Fund / ETF,1006729324,0
Merrill Lynch,1328D23B0,136E5B610,United States,USD,Person,486,James McLaughlin Jr,0,0,0,0,Mutual Fund / ETF,3959519341,0
JPMorgan Chase,132877E90,134A10590,United States,USD,Person,486,James McLaughlin Jr,0,0,0,0,Money Market,2751559790,50
Hanover Insurance Group,1328767C0,1349A62A0,United States,USD,Person,486,James McLaughlin Jr,0,0,0,0,Life Insurance,4026628207,0
Cash,3CEC88A0,3CEC8BC0,United States,USD,Person,487,Madalyn Duke,0,0,0,0,Cash,0,0
Wilkerson Bank,6976D5B40,6976D5ED0,United States,USD,Person,487,Madalyn Duke,1,1,0,0,Checking,3489757336,50
Capital One Financial,132878B90,134B3F8D0,United States,USD,Person,487,Madalyn Duke,0,0,0,0,Savings,3825301657,25
Wilkerson Bank,6976D5B40,6976D5ED0,United States,USD,Person,487,Madalyn Duke,0,0,0,0,Money Market,3489757338,10
Bitfinex,1328D6170,136E63740,United States,USD,Person,487,Madalyn Duke,0,0,0,0,Crypto Currency,1543600283,0
Kailee's Partners,69B89F1F0,69B89F580,United States,USD,Person,487,Madalyn Duke,0,0,0,0,Mutual Fund / ETF,2080471196,0
Kailee's Partners,69B89F1F0,69B89F580,United States,USD,Person,487,Madalyn Duke,0,0,0,0,Mutual Fund / ETF,2080471197,0
Kailee's Partners,69B89F1F0,69B89F580,United States,USD,Person,487,Madalyn Duke,0,0,0,0,Mutual Fund / ETF,2080471198,0
Kailee's Partners,69B89F1F0,69B89F580,United States,USD,Person,487,Madalyn Duke,0,0,0,0,Money Market,2080471199,50
State Farm - Life,132870C80,1346B6510,United States,USD,Person,487,Madalyn Duke,0,0,0,0,Life Insurance,536967328,0
Cash,3CEC88A0,3CEC8BC0,United States,USD,Person,488,Princeton White,0,0,0,0,Cash,0,0
Vance Vallejo Savings Bank,698584CB0,698585040,United States,USD,Person,488,Princeton White,1,1,0,0,Checking,738293922,25
Combs Federal Credit Union,69952D1B0,69952D540,United States,USD,Person,488,Princeton White,0,0,0,0,Savings,1812035747,50
Morgan Stanley,1328D2070,136E5A2A0,United States,USD,Person,488,Princeton White,0,0,0,0,Stock,469858468,0
Morgan Stanley,1328D2070,136E5A2A0,United States,USD,Person,488,Princeton White,0,0,0,0,Stock,469858469,0
Morgan Stanley,1328D2070,136E5A2A0,United States,USD,Person,488,Princeton White,0,0,0,0,Stock,469858470,0
Morgan Stanley,1328D2070,136E5A2A0,United States,USD,Person,488,Princeton White,0,0,0,0,Stock,469858471,0
Morgan Stanley,1328D2070,136E5A2A0,United States,USD,Person,488,Princeton White,0,0,0,0,Stock,469858472,0
Morgan Stanley,1328D2070,136E5A2A0,United States,USD,Person,488,Princeton White,0,0,0,0,Stock,469858473,0
Morgan Stanley,1328D2070,136E5A2A0,United States,USD,Person,488,Princeton White,0,0,0,0,Stock,469858474,0
Morgan Stanley,1328D2070,136E5A2A0,United States,USD,Person,488,Princeton White,0,0,0,0,Stock,469858475,0
Morgan Stanley,1328D2070,136E5A2A0,United States,USD,Person,488,Princeton White,0,0,0,0,Stock,469858476,0
Morgan Stanley,1328D2070,136E5A2A0,United States,USD,Person,488,Princeton White,0,0,0,0,Stock,469858477,0
Morgan Stanley,1328D2070,136E5A2A0,United States,USD,Person,488,Princeton White,0,0,0,0,Stock,469858478,0
Morgan Stanley,1328D2070,136E5A2A0,United States,USD,Person,488,Princeton White,0,0,0,0,Stock,469858479,0
Morgan Stanley,1328D2070,136E5A2A0,United States,USD,Person,488,Princeton White,0,0,0,0,Mutual Fund / ETF,469858480,0
Vance Vallejo Savings Bank,698584CB0,698585040,United States,USD,Person,488,Princeton White,0,0,0,0,Money Market,738293937,25
Morgan Stanley,1328D2070,136E5A2A0,United States,USD,Person,488,Princeton White,0,0,0,0,Money Market,469858482,10
Morgan Stanley,1328D2070,136E5A2A0,United States,USD,Person,488,Princeton White,0,0,0,0,Mutual Fund / ETF,469858483,0
Combs Federal Credit Union,69952D1B0,69952D540,United States,USD,Person,488,Princeton White,0,0,0,0,Money Market,1812035764,25
Cash,3CEC88A0,3CEC8BC0,United States,USD,Person,489,Arianna Melendez,0,0,0,0,Cash,0,0
McCullough Federal Credit Union,697658E30,6976591C0,United States,USD,Person,489,Arianna Melendez,1,0,0,0,Checking,2348906691,100
McCullough Federal Credit Union,697658E30,6976591C0,United States,USD,Person,489,Arianna Melendez,0,0,0,0,Savings,2348906692,25
McCullough Federal Credit Union,697658E30,6976591C0,United States,USD,Person,489,Arianna Melendez,0,0,0,0,Savings,2348906693,10
McCullough Federal Credit Union,697658E30,6976591C0,United States,USD,Person,489,Arianna Melendez,0,0,0,0,Money Market,2348906694,10
T. Rowe Price,1328D5470,136E634C0,United States,USD,Person,489,Arianna Melendez,0,0,0,0,Mutual Fund / ETF,469858503,0
T. Rowe Price,1328D5470,136E634C0,United States,USD,Person,489,Arianna Melendez,0,0,0,0,Mutual Fund / ETF,469858504,0
T. Rowe Price,1328D5470,136E634C0,United States,USD,Person,489,Arianna Melendez,0,0,0,0,Mutual Fund / ETF,469858505,0
T. Rowe Price,1328D5470,136E634C0,United States,USD,Person,489,Arianna Melendez,0,0,0,0,Mutual Fund / ETF,469858506,0
T. Rowe Price,1328D5470,136E634C0,United States,USD,Person,489,Arianna Melendez,0,0,0,0,Money Market,469858507,50
Synchrony Financial,1328D30B0,136E5F2F0,United States,USD,Person,489,Arianna Melendez,0,0,0,0,Mutual Fund / ETF,738293964,0
American Funds,1328D4430,136E63220,United States,USD,Person,489,Arianna Melendez,0,0,0,0,Mutual Fund / ETF,201423053,0
American Funds,1328D4430,136E63220,United States,USD,Person,489,Arianna Melendez,0,0,0,0,Mutual Fund / ETF,201423054,0
American Funds,1328D4430,136E63220,United States,USD,Person,489,Arianna Melendez,0,0,0,0,Money Market,201423055,100
Allstate - Life,132870FC0,134703EB0,United States,USD,Person,489,Arianna Melendez,0,0,0,0,Life Insurance,4026628304,0
Cash,3CEC88A0,3CEC8BC0,United States,USD,Person,490,Luna Atkinson,0,0,0,0,Cash,0,0
Taliyah's Federal Credit Union,69770FEF0,697710280,United States,USD,Person,490,Luna Atkinson,1,1,0,0,Checking,3154213111,10
Wells Fargo,132878510,134A9B140,United States,USD,Person,490,Luna Atkinson,0,0,0,0,Savings,1140947192,10
T. Rowe Price,1328D5470,136E634C0,United States,USD,Person,490,Luna Atkinson,0,0,0,0,Mutual Fund / ETF,469858553,0
T. Rowe Price,1328D5470,136E634C0,United States,USD,Person,490,Luna Atkinson,0,0,0,0,Mutual Fund / ETF,469858554,0
Taliyah's Federal Credit Union,69770FEF0,697710280,United States,USD,Person,490,Luna Atkinson,0,0,0,0,Money Market,3154213115,25
Wells Fargo,132878510,134A9B140,United States,USD,Person,490,Luna Atkinson,0,0,0,0,Money Market,1140947196,25
T. Rowe Price,1328D5470,136E634C0,United States,USD,Person,490,Luna Atkinson,0,0,0,0,Mutual Fund / ETF,469858557,0
T. Rowe Price,1328D5470,136E634C0,United States,USD,Person,490,Luna Atkinson,0,0,0,0,Mutual Fund / ETF,469858558,0
T. Rowe Price,1328D5470,136E634C0,United States,USD,Person,490,Luna Atkinson,0,0,0,0,Mutual Fund / ETF,469858559,0
T. Rowe Price,1328D5470,136E634C0,United States,USD,Person,490,Luna Atkinson,0,0,0,0,Money Market,469858560,25
Mutual of Omaha Insurance,132875410,133393360,United States,USD,Person,490,Luna Atkinson,0,0,0,0,Life Insurance,67205377,0
Mutual of Omaha Insurance,132875410,133393360,United States,USD,Person,490,Luna Atkinson,0,0,0,0,Life Insurance,67205378,0
Cash,3CEC88A0,3CEC8BC0,United States,USD,Person,491,Kimberly Altman,0,0,0,0,Cash,0,0
Ariya's Savings Bank,69A248800,69A248B90,United States,USD,Person,491,Kimberly Altman,1,1,0,0,Checking,96549,100
O'Connell Bank,699534AF0,699534E80,United States,USD,Person,491,Kimberly Altman,0,0,0,0,Savings,3154213158,10
United Brokerage House,9AF48C570,9AF48C900,Israel,USD,Person,491,Kimberly Altman,0,0,0,0,Mutual Fund / ETF,1543600423,0
Merrill Lynch,1328D23B0,136E5B610,United States,USD,Person,491,Kimberly Altman,0,0,0,0,Mutual Fund / ETF,3959519528,0
Merrill Lynch,1328D23B0,136E5B610,United States,USD,Person,491,Kimberly Altman,0,0,0,0,Mutual Fund / ETF,3959519529,0
Merrill Lynch,1328D23B0,136E5B610,United States,USD,Person,491,Kimberly Altman,0,0,0,0,Mutual Fund / ETF,3959519530,0
Merrill Lynch,1328D23B0,136E5B610,United States,USD,Person,491,Kimberly Altman,0,0,0,0,Mutual Fund / ETF,3959519531,0
Merrill Lynch,1328D23B0,136E5B610,United States,USD,Person,491,Kimberly Altman,0,0,0,0,Mutual Fund / ETF,3959519532,0
Merrill Lynch,1328D23B0,136E5B610,United States,USD,Person,491,Kimberly Altman,0,0,0,0,Mutual Fund / ETF,3959519533,0
Goldman Sachs,1328D19F0,133657BB0,United States,USD,Person,491,Kimberly Altman,0,0,0,0,Mutual Fund / ETF,2080471342,0
Goldman Sachs,1328D19F0,133657BB0,United States,USD,Person,491,Kimberly Altman,0,0,0,0,Mutual Fund / ETF,2080471343,0
Ariya's Savings Bank,69A248800,69A248B90,United States,USD,Person,491,Kimberly Altman,0,0,0,0,Money Market,96560,10
Merrill Lynch,1328D23B0,136E5B610,United States,USD,Person,491,Kimberly Altman,0,0,0,0,Mutual Fund / ETF,3959519537,0
Merrill Lynch,1328D23B0,136E5B610,United States,USD,Person,491,Kimberly Altman,0,0,0,0,Mutual Fund / ETF,3959519538,0
Merrill Lynch,1328D23B0,136E5B610,United States,USD,Person,491,Kimberly Altman,0,0,0,0,Money Market,3959519539,25
Allstate - Life,132870FC0,134706290,United States,USD,Person,491,Kimberly Altman,0,0,0,0,Life Insurance,4026628404,0
Cash,3CEC88A0,3CEC8BC0,United States,USD,Person,492,Gabriela Walters,0,0,0,0,Cash,0,0
JPMorgan Chase,132877E90,134A08410,United States,USD,Person,492,Gabriela Walters,1,0,0,0,Checking,2751560022,100
JPMorgan Chase,132877E90,134A08410,United States,USD,Person,492,Gabriela Walters,0,0,0,0,Savings,2751560023,0
Princess's Saint Louis Federal Credit Union,69863D570,69863D900,United States,USD,Person,492,Gabriela Walters,0,0,0,0,Savings,1543600472,10
Bybit,1328D6E70,136E639C0,United States,USD,Person,492,Gabriela Walters,0,0,0,0,Crypto Currency,2617342297,0
Knox's Saint Louis Partners,69B7D74D0,69B7D7860,United States,USD,Person,492,Gabriela Walters,0,0,0,0,Mutual Fund / ETF,872511834,0
Knox's Saint Louis Partners,69B7D74D0,69B7D7860,United States,USD,Person,492,Gabriela Walters,0,0,0,0,Mutual Fund / ETF,872511835,0
Edward Jones,1328D1D30,136E55690,United States,USD,Person,492,Gabriela Walters,0,0,0,0,Mutual Fund / ETF,1275165020,0
Edward Jones,1328D1D30,136E55690,United States,USD,Person,492,Gabriela Walters,0,0,0,0,Mutual Fund / ETF,1275165021,0
JPMorgan Chase,132877E90,134A08410,United States,USD,Person,492,Gabriela Walters,0,0,0,0,Money Market,2751560030,10
Cash,3CEC88A0,3CEC8BC0,United States,USD,Person,493,Gustavo M. Landry,0,0,0,0,Cash,0,0
Bank of America Corp.,1328781D0,134A3DE30,United States,USD,Person,493,Gustavo M. Landry,1,1,0,0,Checking,1946253683,25
Dixon Drexel Hill Bank,696F33020,696F333B0,United States,USD,Person,493,Gustavo M. Landry,0,0,0,0,Savings,134314356,0
Bank of America Corp.,1328781D0,134A3DE30,United States,USD,Person,493,Gustavo M. Landry,0,0,0,0,Savings,1946253685,50
Bank of America Corp.,1328781D0,134A3DE30,United States,USD,Person,493,Gustavo M. Landry,0,0,0,0,Money Market,1946253686,100
Dixon Drexel Hill Bank,696F33020,696F333B0,United States,USD,Person,493,Gustavo M. Landry,0,0,0,0,Money Market,134314359,50
Bexley's Gloucester City Stocks and Investing,69B8A6FF0,69B8A7380,United States,USD,Person,493,Gustavo M. Landry,0,0,0,0,Money Market,4227955064,0
Medina Lansdowne Brokerage House,69B816BF0,69B816F80,United States,USD,Person,493,Gustavo M. Landry,0,0,0,0,Mutual Fund / ETF,4227955065,0
Medina Lansdowne Brokerage House,69B816BF0,69B816F80,United States,USD,Person,493,Gustavo M. Landry,0,0,0,0,Mutual Fund / ETF,4227955066,0
Medina Lansdowne Brokerage House,69B816BF0,69B816F80,United States,USD,Person,493,Gustavo M. Landry,0,0,0,0,Mutual Fund / ETF,4227955067,0
Medina Lansdowne Brokerage House,69B816BF0,69B816F80,United States,USD,Person,493,Gustavo M. Landry,0,0,0,0,Mutual Fund / ETF,4227955068,0
Medina Lansdowne Brokerage House,69B816BF0,69B816F80,United States,USD,Person,493,Gustavo M. Landry,0,0,0,0,Mutual Fund / ETF,4227955069,0
Medina Lansdowne Brokerage House,69B816BF0,69B816F80,United States,USD,Person,493,Gustavo M. Landry,0,0,0,0,Money Market,4227955070,25
Legg Mason,1328D57B0,136E63560,United States,USD,Person,493,Gustavo M. Landry,0,0,0,0,Mutual Fund / ETF,3959519615,0
Kohen's Philadelphia Brokers,69B7803A0,69B780730,United States,USD,Person,493,Gustavo M. Landry,0,0,0,0,Mutual Fund / ETF,3892410752,0
Kohen's Philadelphia Brokers,69B7803A0,69B780730,United States,USD,Person,493,Gustavo M. Landry,0,0,0,0,Mutual Fund / ETF,3892410753,0
Legg Mason,1328D57B0,136E63560,United States,USD,Person,493,Gustavo M. Landry,0,0,0,0,Money Market,3959519618,100
Allstate - Life,132870FC0,1346FDC40,United States,USD,Person,493,Gustavo M. Landry,0,0,0,0,Life Insurance,4026628483,0
Cash,3CEC88A0,3CEC8BC0,United States,USD,Person,494,Isabelle Mahoney,0,0,0,0,Cash,0,0
United Bank,6983C8070,6983C8400,United States,USD,Person,494,Isabelle Mahoney,1,208,0,0,Checking,469858696,25
Key Bank,132879F10,134C391A0,United States,USD,Person,494,Isabelle Mahoney,0,0,0,0,Savings,3288430985,10
Bybit,1328D6E70,136E639C0,United States,USD,Person,494,Isabelle Mahoney,0,0,0,0,Crypto Currency,2617342346,0
KUCoin,1328D67F0,136E63880,United States,USD,Person,494,Isabelle Mahoney,0,0,0,0,Crypto Currency,4227955083,0
Bybit,1328D6E70,136E639C0,United States,USD,Person,494,Isabelle Mahoney,0,0,0,0,Crypto Currency,2617342348,0
Bybit,1328D6E70,136E639C0,United States,USD,Person,494,Isabelle Mahoney,0,0,0,0,Crypto Currency,2617342349,0
Cash,3CEC88A0,3CEC8BC0,United States,USD,Person,495,Axel Good,0,0,0,0,Cash,0,0
Wells Fargo,132878510,134AB4F20,United States,USD,Person,495,Axel Good,0,0,0,0,Checking,1140947347,100
Adrian's Bank,697B29510,697B298A0,United States,USD,Person,495,Axel Good,0,0,0,0,Savings,1140947348,100
Wells Fargo,132878510,134AB4F20,United States,USD,Person,495,Axel Good,0,0,0,0,Money Market,1140947349,25
PIMCO,1328D4770,136E632A0,United States,USD,Person,495,Axel Good,0,0,0,0,Mutual Fund / ETF,3691084182,0
Adrian's Bank,697B29510,697B298A0,United States,USD,Person,495,Axel Good,0,0,0,0,Money Market,1140947351,0
Allstate - Life,132870FC0,1347326E0,United States,USD,Person,495,Axel Good,0,0,0,0,Life Insurance,4026628504,0
Cash,3CEC88A0,3CEC8BC0,United States,USD,Person,496,Chaya Tyler,0,0,0,0,Cash,0,0
Wilkerson Federal Credit Union,69712C150,69712C4E0,United States,USD,Person,496,Chaya Tyler,1,1,0,0,Checking,1409382816,0
Huang Bank,699AC2080,699AC2410,United States,USD,Person,496,Chaya Tyler,0,0,0,0,Savings,536967585,25
Quinn's Stocks and Investing,69B81EE00,69B81F190,United States,USD,Person,496,Chaya Tyler,0,0,0,0,Mutual Fund / ETF,2147580322,0
Wilkerson Federal Credit Union,69712C150,69712C4E0,United States,USD,Person,496,Chaya Tyler,0,0,0,0,Money Market,1409382819,100
Huang Bank,699AC2080,699AC2410,United States,USD,Person,496,Chaya Tyler,0,0,0,0,Money Market,536967588,25
Quinn's Stocks and Investing,69B81EE00,69B81F190,United States,USD,Person,496,Chaya Tyler,0,0,0,0,Mutual Fund / ETF,2147580325,0
Quinn's Stocks and Investing,69B81EE00,69B81F190,United States,USD,Person,496,Chaya Tyler,0,0,0,0,Money Market,2147580326,25
Cash,3CEC88A0,3CEC8BC0,United States,USD,Person,497,Briella Garner,0,0,0,0,Cash,0,0
Ace's Savings Bank,697C14F20,697C152B0,United States,USD,Person,497,Briella Garner,1,1,0,0,Checking,3355539918,100
Belen's Federal Credit Union,6989F3D60,6989F40F0,United States,USD,Person,497,Briella Garner,0,0,0,0,Savings,1476491727,50
Edward Jones,1328D1D30,136E56110,United States,USD,Person,497,Briella Garner,0,0,0,0,Mutual Fund / ETF,1275165136,0
Sara's Partners,69B89FA90,69B89FE20,United States,USD,Person,497,Briella Garner,0,0,0,0,Mutual Fund / ETF,2751560145,0
Sara's Partners,69B89FA90,69B89FE20,United States,USD,Person,497,Briella Garner,0,0,0,0,Mutual Fund / ETF,2751560146,0
Sara's Partners,69B89FA90,69B89FE20,United States,USD,Person,497,Briella Garner,0,0,0,0,Mutual Fund / ETF,2751560147,0
Ace's Savings Bank,697C14F20,697C152B0,United States,USD,Person,497,Briella Garner,0,0,0,0,Money Market,3355539924,25
Sara's Partners,69B89FA90,69B89FE20,United States,USD,Person,497,Briella Garner,0,0,0,0,Mutual Fund / ETF,2751560149,0
Sara's Partners,69B89FA90,69B89FE20,United States,USD,Person,497,Briella Garner,0,0,0,0,Money Market,2751560150,50
Cash,3CEC88A0,3CEC8BC0,United States,USD,Person,498,Kyson Livingston,0,0,0,0,Cash,0,0
Key Bank,132879F10,134C391A0,United States,USD,Person,498,Kyson Livingston,1,0,0,0,Checking,3288431116,0
Bryant Federal Credit Union,6984B2BB0,6984B2F40,United States,USD,Person,498,Kyson Livingston,1,208,0,0,Checking,3959519757,25
Key Bank,132879F10,134C391A0,United States,USD,Person,498,Kyson Livingston,0,0,0,0,Savings,3288431118,100
Craig Investments,69B795680,69B795A10,United States,USD,Person,498,Kyson Livingston,0,0,0,0,Mutual Fund / ETF,2684451343,0
Craig Investments,69B795680,69B795A10,United States,USD,Person,498,Kyson Livingston,0,0,0,0,Mutual Fund / ETF,2684451344,0
Bryant Federal Credit Union,6984B2BB0,6984B2F40,United States,USD,Person,498,Kyson Livingston,0,0,0,0,Money Market,3959519761,100
Craig Investments,69B795680,69B795A10,United States,USD,Person,498,Kyson Livingston,0,0,0,0,Mutual Fund / ETF,2684451346,0
Craig Investments,69B795680,69B795A10,United States,USD,Person,498,Kyson Livingston,0,0,0,0,Mutual Fund / ETF,2684451347,0
Craig Investments,69B795680,69B795A10,United States,USD,Person,498,Kyson Livingston,0,0,0,0,Mutual Fund / ETF,2684451348,0
Key Bank,132879F10,134C391A0,United States,USD,Person,498,Kyson Livingston,0,0,0,0,Money Market,3288431125,10
Cash,3CEC88A0,3CEC8BC0,United States,USD,Person,499,Devin Chang,0,0,0,0,Cash,0,0
Kirk Savings Bank,6993CEDC0,6993CF150,United States,USD,Person,499,Devin Chang,0,0,0,0,Checking,1879144985,50
Citi,132878850,134ACCE40,United States,USD,Person,499,Devin Chang,0,0,0,0,Savings,335641114,0
Kirk Savings Bank,6993CEDC0,6993CF150,United States,USD,Person,499,Devin Chang,0,0,0,0,Money Market,1879144987,10
Merrill Lynch,1328D23B0,136E5B610,United States,USD,Person,499,Devin Chang,0,0,0,0,Stock,3959519772,0
Merrill Lynch,1328D23B0,136E5B610,United States,USD,Person,499,Devin Chang,0,0,0,0,Stock,3959519773,0
Charles Schwab,1328D16B0,136E50180,United States,USD,Person,499,Devin Chang,0,0,0,0,Stock,2885777950,0
Raymond James Financial,1328D33F0,136E5F370,United States,USD,Person,499,Devin Chang,0,0,0,0,Stock,4227955231,0
Charles Schwab,1328D16B0,136E50180,United States,USD,Person,499,Devin Chang,0,0,0,0,Stock,2885777952,0
Raymond James Financial,1328D33F0,136E5F370,United States,USD,Person,499,Devin Chang,0,0,0,0,Mutual Fund / ETF,4227955233,0
Charles Schwab,1328D16B0,136E50180,United States,USD,Person,499,Devin Chang,0,0,0,0,Money Market,2885777954,0
